/*
 Navicat Premium Data Transfer

 Source Server         : local
 Source Server Type    : MySQL
 Source Server Version : 80042
 Source Host           : localhost:3306
 Source Schema         : poster_design

 Target Server Type    : MySQL
 Target Server Version : 80042
 File Encoding         : 65001

 Date: 14/05/2026 19:56:53
*/

SET NAMES utf8mb4;
SET FOREIGN_KEY_CHECKS = 0;

-- ----------------------------
-- Table structure for annunciation
-- ----------------------------
DROP TABLE IF EXISTS `annunciation`;
CREATE TABLE `annunciation`  (
  `id` int NOT NULL AUTO_INCREMENT COMMENT '通告id',
  `title` varchar(50) CHARACTER SET utf8mb4 COLLATE utf8mb4_0900_ai_ci NOT NULL COMMENT '标题',
  `content` varchar(5000) CHARACTER SET utf8mb4 COLLATE utf8mb4_0900_ai_ci NOT NULL COMMENT '内容',
  `upload_time` date NOT NULL COMMENT '发布日期',
  `competition_id` int NOT NULL COMMENT '竞赛id',
  `create_time` datetime NOT NULL COMMENT '创建时间',
  `update_time` datetime NOT NULL COMMENT '更新时间',
  PRIMARY KEY (`id`) USING BTREE,
  INDEX `title_update_time_index`(`title` ASC, `update_time` ASC) USING BTREE
) ENGINE = InnoDB AUTO_INCREMENT = 36 CHARACTER SET = utf8mb4 COLLATE = utf8mb4_0900_ai_ci ROW_FORMAT = Dynamic;

-- ----------------------------
-- Records of annunciation
-- ----------------------------
INSERT INTO `annunciation` VALUES (21, 'AI时代人文关怀海报设计竞赛通知', '一、竞赛背景\n随着人工智能技术的迅猛发展，算法已深度渗透日常生活。在享受技术红利的同时，我们也面临情感疏离、隐私侵蚀、算法偏见等人文挑战。本次竞赛旨在唤醒科技发展中的人文精神，用视觉语言探讨人机关系的温度平衡，让技术真正服务于人的尊严与价值。\n\n二、竞赛主题\n「代码中的心跳：AI时代的情感联结」\n围绕以下方向展开创作（任选其一）：\n算法伦理：数据偏见、信息茧房、数字鸿沟的视觉批判\n情感补位：AI如何弥补现代社会的情感缺失（如孤独老人陪伴、儿童教育）\n人机共生：人类创造力与机器智能的协作新范式\n数字人权：隐私保护、算法透明、数字遗产的守护\n案例启发：\n荷兰「Tears of AI」项目：用盐结晶电路板呈现AI的“机械泪水”\n日本「拥抱机器人」海报：金属手臂与人类婴儿的触觉对比\n\n三、参赛要求\n（1）作品规格\n类型	要求\n静态海报	尺寸A1（594×841mm），300dpi，CMYK模式\n动态海报	时长5-10秒，MP4格式，文件≤50MB\n交互海报	可扫码体验H5页面，适配移动端\n（2）核心要素\n必含：至少1项真实AI伦理事件引用（如Deepfake诈骗案）\n鼓励：结合生成式AI工具创作（需标注使用工具及提示词）\n禁止：纯科技炫技型设计，须体现人文反思\n（3）提交内容\n1. 海报作品文件（JPG/MP4/URL）  \n2. 创作说明（200字内，含：  \n   - 选题人文痛点  \n   - 视觉隐喻解析  \n   - 行动倡导方案）  \n3. 参考素材来源清单（避免侵权）\n\n四、赛程安排\n    报名启动       ：2024-10-08, 7d\n    作品提交       ：2024-10-08, 45d\n    公众投票       ：2024-11-23, 15d\n    专家评审       ：2024-12-08, 10d\n    结果公示       ：2024-12-18, 1d\n\n五、评审与奖项\n（1）评审维度\n权重	标准	说明\n40%	人文深度	对AI伦理问题的洞察力\n30%	视觉创新	科技与艺术融合的表现力\n20%	行动驱动力	激发观众参与解决方案的程度\n10%	技术严谨性	AI技术原理的准确呈现\n（2）奖项设置\n奖项	名额	奖励\n行星奖	1	奖金¥20,000 + 硅谷AI实验室实习\n卫星奖	3	奖金¥8,000 + Adobe Creative Cloud年费\n彗星奖	10	奖金¥3,000 + 作品全球巡展资格\n新星奖	20	获奖证书 + 《AI伦理白皮书》典藏版\n特别激励：\n所有入围作品将制成NFT上链存证\n行星奖作品获联合国教科文组织数字伦理委员会推荐\n\n六、组织机构\n主办：全球人机共生协会（Human-AI Symbiosis Institute）\n学术支持：MIT媒体实验室、清华大学人本人工智能研究中心\n产业合作：DeepMind伦理委员会、腾讯ACE实验室\n策展支持：伦敦设计博物馆、上海当代艺术馆\n\n七、报名方式\n官网注册：[www.hai-poster.org](（2024年10月8日开放）\n提交入口：登录后上传至「作品提交」专区\n咨询联系：ethics.design@hai.org', '2025-07-13', 37, '2025-07-14 21:21:39', '2025-07-15 09:54:13');
INSERT INTO `annunciation` VALUES (22, '“绿色家园・低碳生活” 环保主题创意海报竞赛通知', '在全球环境问题日益凸显的当下，倡导绿色环保、践行低碳生活已成为全社会的共同责任。为进一步传播环保理念，唤起公众对生态环境保护的重视，激发大众用创意力量助力环保事业的热情，特举办 “绿色家园・低碳生活” 环保主题创意海报竞赛。现将具体事宜通知如下：​\n一、竞赛主题​\n绿色家园・低碳生活​\n二、参赛对象​\n本次竞赛面向全国范围内所有对环保主题海报设计感兴趣的个人、团队及单位，不限年龄、职业、学历。无论是专业设计师、艺术院校师生，还是热爱环保与设计的普通爱好者，均可报名参赛。​\n三、作品要求​\n内容要求：作品需紧扣 “绿色家园・低碳生活” 主题，围绕节能减排、垃圾分类、生物多样性保护、绿色出行、节约资源等环保相关话题展开创作。通过独特的创意和视觉表达，传递积极向上的环保理念，具有较强的感染力和号召力，不得含有违法违规、低俗消极等不良内容。​\n格式要求：参赛作品需为平面海报设计，文件格式为 JPG 或 PNG，分辨率不低于 300dpi，单张作品大小不超过 20MB。作品必须为原创，未在任何公开比赛中获奖或发表过，不得侵犯他人的知识产权、肖像权、名誉权等合法权益。​\n提交要求：参赛作品以电子稿形式提交，邮件主题命名为 “绿色家园环保海报竞赛 + 作品名称 + 作者姓名 + 联系电话”，并将作品及《参赛登记表》（见附件）一并发送至竞赛指定邮箱：[具体邮箱地址]。每人或每个团队提交作品数量不超过 3 件。​\n四、赛程安排​\n作品征集阶段：自本通知发布之日起至 2026 年 1 月 15 日 24:00 止，逾期提交的作品将不予受理。​\n初评阶段：2026 年 1 月下旬，由专业评委对所有参赛作品进行初评，筛选出进入复评的作品。​\n复评阶段：2026 年 2 月上旬，评委对初评入围作品进行复评。​\n线上展览及投票阶段：2026 年 2 月中旬 - 2 月下旬，将复评后的优秀作品在官方平台进行线上展览，并开启网络投票通道，接受公众投票。​\n终评及颁奖阶段：2026 年 3 月中旬，结合复评结果与网络投票情况（具体占比将在后续公布），确定最终获奖作品名单，并举行颁奖仪式。​\n五、赛程时间节点​\n作品征集：2025 年 9 月 1 日 - 2026 年 1 月 15 日​\n初评：2026 年 1 月下旬​\n复评：2026 年 2 月上旬​\n线上展览及投票：2026 年 2 月中旬 - 2 月下旬​\n终评及颁奖：2026 年 3 月中旬​\n六、奖项设置​\n本次竞赛将设置多个奖项，具体奖项及奖励如下：​\n一等奖：3 名，奖金各 8000 元 + 荣誉证书 + 环保纪念品​\n二等奖：6 名，奖金各 5000 元 + 荣誉证书 + 环保纪念品​\n三等奖：10 名，奖金各 2000 元 + 荣誉证书 + 环保纪念品​\n优秀奖：30 名，颁发荣誉证书 + 环保纪念品​\n最佳创意奖：1 名，奖金 3000 元 + 荣誉证书 + 环保纪念品​\n最佳视觉效果奖：1 名，奖金 3000 元 + 荣誉证书 + 环保纪念品​\n优秀组织奖：5 名，颁发荣誉证书及奖牌（针对组织参赛作品数量多、质量高的单位或机构）​\n七、评审标准​\n主题契合度（40%）：作品是否紧扣 “绿色家园・低碳生活” 主题，环保理念表达是否清晰、准确。​\n创意性（30%）：作品是否具有独特的创意理念和新颖的表现形式，能否给人以视觉冲击和思想启发。​\n艺术表现力（20%）：作品的构图、色彩、排版等是否合理美观，视觉效果是否良好。​\n社会价值（10%）：作品是否具有积极的社会意义，能否有效唤起公众对环保的关注与行动。​\n八、注意事项​\n参赛作品的知识产权归作者所有，但主办单位拥有对所有获奖作品的使用权，包括用于展览、宣传、出版等非商业性活动，无需另行支付稿酬，作者享有署名权。​\n参赛作品如涉及抄袭、剽窃等侵权行为，一经查实，将取消参赛资格，收回已颁发的奖项和奖金，并由作者承担相应的法律责任。​\n本次竞赛不收取任何参赛费用，参赛作品不予退还，请作者自行保留备份。​\n凡报名参赛者，即视为已充分理解并同意本通知的所有条款。', '2025-07-09', 70, '2025-07-14 21:52:01', '2025-07-15 09:56:17');
INSERT INTO `annunciation` VALUES (23, '“视界无界”2025全球海报创意大赛', '一、竞赛简介\n在视觉传达的浪潮中，海报是跨越语言与文化的通用符号。本届大赛以 “视界无界” 为主题，面向全球设计师征集突破地域、媒介与思维界限的创意作品。我们期待你用线条、色彩与构图重新定义视觉表达的疆域——无论是数字艺术的先锋实验，还是传统美学的当代焕新，只要敢于打破桎梏，皆可在此绽放光芒！\n\n二、关键信息\n项目	内容\n报名时间	2025年X月X日 - 2025年X月X日 （据registration_begin registration_end）\n活动截止	2025年X月X日 （据activity_end）\n人数限额	全球限 300 组参赛者（据people字段，按需调整）\n参赛费用	全程免费\n\n三、赛程安排\n初选阶段（2025.10.01-10.10）：\n提交概念草图（尺寸不限）+ 200字设计说明\n深化阶段（2025.10.15-10.25）：\n入围者完善作品（最终稿需符合 A1竖版/300dpi 标准）\n全球终评（2025.12.12）：\n国际评审团现场答辩（线上/线下可选）\n\n四、参赛须知\n✅ 参赛对象：专业设计师/设计院校师生/独立创作人（不限国籍年龄）\n✅ 作品要求：\n原创未发表作品，需体现“无界”主题内涵\n允许使用AI辅助工具，但需标注技术流程\n❌ 禁止行为：\n抄袭、一稿多投、往届获奖作品重复提交\n\n五、奖项设置\n奖项	名额	权益\n金界奖	1	奖金¥50,000 + 国际设计周参展\n银翼奖	3	奖金¥10,000 + 作品全球巡展\n新星奖	10	知名设计工作室实习机会\n人气奖	5	全网公示投票产生，颁发认证证书\n\n六、报名方式\n登录大赛官网：www.vision-unbound.com\n填写报名表 + 上传初选材料（PDF/JPG格式）\n审核通过后获得参赛编码（3个工作日内邮件通知）\n注：组队参赛需指定1名队长，每组不超过3人\n\n七、国际评审团\n李维思（中国美术学院视觉传达系主任）\nMarcus Brown（纽约ADC奖评审委员）\n藤原千夏（JPEG日本平面设计协会理事）\n\n八、联络咨询\n📧 官方邮箱：contact@vision-unbound.com\n📱 社交媒体：@VisionUnbound全球设计竞赛\n（数据关联create_time：本通知发布于2025年7月15日）', '2025-07-12', 71, '2025-07-15 09:21:33', '2025-07-15 09:52:12');
INSERT INTO `annunciation` VALUES (24, '以纸为媒 · 万象新生 —— 2025年度纸质艺术设计巅峰之战', '一、竞赛使命\n纸张是文明最初的载体，亦是设计最本真的舞台。本届大赛以 “一纸万象” 为命题，呼唤设计师回归纸质媒介的原始魅力，在方寸之间构建无限可能。无论是水墨丹青的东方气韵、立体纸艺的空间解构，还是环保再生的材料实验，我们期待每一张海报都成为纸与想象力的共生体，重新定义平面艺术的维度。\n\n二、核心信息\n项目	内容\n报名时间	2025年X月X日 00:00 - 2025年X月X日 24:00 （据registration_begin/end）\n作品提交	2025年X月X日（据activity_end）\n参赛规模	限 200 组创作者（据people字段，强调精英竞技）\n媒介要求	必须使用实体纸基创作（数字稿需输出为纸质作品提交）\n\n三、赛程设计\n初选阶段（2025.10.01-10.10）：\n提交概念草图（尺寸不限）+ 200字设计说明\n深化阶段（2025.10.15-10.25）：\n入围者完善作品（最终稿需符合 A1竖版/300dpi 标准）\n全球终评（2025.12.12）：\n国际评审团现场答辩（线上/线下可选）\n\n四、参赛铁律\n✅ 创作自由：\n⦁ 主题不限，但需体现“纸”的物理特性（褶皱/透光/纤维等）\n⦁ 支持混合媒介（墨、矿物颜料、植物染色等）\n❌ 绝对禁忌：\n⦁ 不可使用纯数字虚拟作品\n⦁ 禁止破坏文物级纸张（需提供材料来源证明）\n\n五、奖项体系\n奖项	权益\n万象宗师奖（1名）	¥80,000 + 故宫文创联名产品开发权\n纸艺革新奖（3名）	¥20,000 + 日本竹尾特种纸年度供应礼包\n东方新锐奖（10名）	荣宝斋定制艺术笺纸套装 + 央美纸艺工作坊入学资格\n最佳探索奖（5名）	作品收录于《中国纸质艺术年鉴》\n\n六、报名通道\nSTEP 1 访问官网：www.paper-universe.cn\nSTEP 2 上传资料：\n⦁ 初稿扫描件（不低于300dpi）\n⦁ 纸质类型声明表（[模板下载链接]）\nSTEP 3 实物邮寄：\n⦁ 终评作品需寄至：中国北京市朝阳区纸艺文化中心“万象”组委会（邮费自理）\n注：团队参赛不超过 2人（关联people限制），需共同签署《纸质作品保管协议》\n\n七、评审维度\n权重	标准	说明\n30%	纸张语言创新	媒介特性挖掘深度\n25%	视觉叙事强度	信息传达与美学平衡\n20%	工艺完成度	手工精度与材料稳定性\n25%	文化基因表达	东方美学当代转译能力\n\n八、特别支持\n⦗ 纸品实验室 ⦘ 提供免费材料包（限前50名报名者）：\n敦煌泥金笺 / 安徽宣纸 / 再生纤维艺术纸 三选一\n天然植物染料套装（领取码随报名成功邮件发放）', '2025-07-14', 72, '2025-07-15 09:37:36', '2025-07-26 23:52:44');
INSERT INTO `annunciation` VALUES (25, '释放潜意识 · 绘制不可见的世界——2025年度视觉造梦计划', '一、竞赛宣言\n当达利的时钟开始融化，玛格利特的苹果悬浮空中——欢迎进入超现实维度！本届挑战赛要求设计师潜入梦境深处，将潜意识中的荒诞、隐喻与诗性转化为视觉冲击。我们寻找那些挑战现实逻辑的作品：扭曲的空间、错位的生物、记忆的拼贴…用海报揭开理性表皮下的奇幻真相。\n\n二、竞赛赛程\n线上讲座：2025-03-01\n作品提交：03-12至03-31\n虚拟画廊展：2025-04-01至04-28\n\n三、造梦法则\n创作自由：\n必须包含 超现实三要素（非常规透视/生物机械融合/时空悖论）\n鼓励使用：\n⦁ 生物形态解构（如植物齿轮、流体建筑）\n⦁ 梦境符号（钥匙、楼梯、无限回廊）\n⚠️ 禁忌警告：\n⦁ 禁止直接复制达利、马格利特等经典构图\n⦁ 不得出现血腥、恐怖等极端负面意象\n\n四、梦境奖池\n奖项	权益\n造梦主神奖（1名）	¥100,000 + 威尼斯双年展超现实单元特邀参展\n潜意识大师奖（3名）	瑞士荣格学院梦境分析工作坊 + 数字艺术NFT铸造权包\n幻视新锐奖（10名）	达利基金会认证证书 + Meta梦境实验室年度使用权\n集体潜意识奖	由全网投票产生，获奖作品将制成 AR城市梦境投影（10座地标建筑巡展）\n\n五、入梦通道\nSTEP 1：登录梦境枢纽 www.surreal-dream-challenge.cn\nSTEP 2：提交 「梦境档案」：\n作品文件：CMYK模式/AI+PDF源文件（含10个创作图层）\n精神分析报告：500字阐述梦境来源（关联弗洛伊德/荣格理论）\nSTEP 3：通过初选者需提供 创作过程延时视频（证明非纯AI生成）\n⚠️ 组队限制：允许 1-4人 共筑梦境（关联people字段），需指定\"主梦境师\"\n\n六、评审维度\n权重	维度	评估重点\n35%	潜意识穿透力	梦境符号的心理学深度\n30%	现实扭曲指数	物理法则打破的创造性\n20%	视觉致幻强度	色彩/构图引发的感官错乱\n15%	隐喻系统完整度	作品自洽的象征宇宙\n\n七、造梦支援\n🛸 超现实工具包（官网免费下载）：\n生物机械生成器（Blender插件）\n梦境符号矢量库（200+超现实元素）\n《超现实主义创作宣言》电子手册\n💡 灵感激发实验（可选参与）：\n线上催眠创作工坊（联合弗洛伊德博物馆）\n清醒梦训练课程（神经科学实验室支持）', '2025-07-13', 72, '2025-07-15 09:44:26', '2025-07-15 09:53:02');
INSERT INTO `annunciation` VALUES (26, '绘制明日之城 · 定义下一个百年 —— 2050城市愿景计划', '一、竞赛使命\n当量子塔穿透云层，生态穹顶覆盖沙漠，碳神经网连接万物——未来城市将是人类智慧的最高结晶。本赛事邀请全球创想者以海报为蓝图，构建 2160年的城市乌托邦。我们期待看见：\n🚀 硬核科技（反重力交通/垂直森林/AI市政）\n🌿 生态革命（碳负排放建筑/基因编辑植物）\n👥 人文进化（元宇宙公民权/人机共生伦理）\n用视觉预言定义人类文明新形态！\n\n二、核心参数\n维度	参数详情\n蓝图提交期	2025年X月X日 - 2025年X月X日（registration_begin - registration_end）\n文明封存日	2025年X月X日（activity_end 终极评审）\n创想者配额	限 400 组未来建筑师（people字段，确保评审深度）\n能源支持	提供 NASA城市气候模拟器免费权限（前200名报名者）\n\n三、时空跃迁赛程\n概念提案：06-30至07-17\n深化设计：07-18至07-31\n最终提交：08-01\n巡展：08-05至08-10\n    \n四、创世法则\n必须要素：\n🔧 至少1项 可证伪科技（参考MIT技术成熟度曲线）\n🌐 包含 多元文化共生方案（如宗教AI调解器、语言神经桥）\n⚠️ 绝对禁令：\n⦁ 禁止纯末日废土设定（需保持建设性）\n⦁ 不得规避资源公平分配问题\n\n五、文明勋章体系\n奖项	权益\n普罗米修斯奖（1名）	¥200,000 + 迪拜未来基金会实验城1:1000模型建造\n生态智脑奖（3名）	特斯拉城市AI实验室实习 + 马斯克星舰模型签名版\n乌托邦工程师奖（10名）	《Nature》城市科学特刊专栏 + 新加坡智慧城市年票\n公民选择奖	全球票选TOP5，作品镌刻于 月球数字方舟（2026年登月计划载荷）\n\n六、跃迁报名通道\nSTEP 1：访问「明日署」官网：www.futurecity2160.org\nSTEP 2：上传 文明蓝图包：\n静态海报：120cm×80cm/CMYK/300dpi（基础分）\n技术白皮书：PDF格式阐述3大创新点（核心分）\n动态预览：展示昼夜循环/灾害响应等场景（加分项）\n△ 团队上限 5 人，需含至少1名STEM专业成员\n\n七、评审维度\n（科学×艺术双重标准）\n权重	维度	评估焦点\n30%	科技可信度	技术路径符合已知物理定律\n25%	系统完备性	能源/交通/生态/社会四维平衡\n20%	视觉震撼力	未来美学表达强度\n15%	人文关怀深度	弱势群体/文化冲突解决方案\n10%	灾难韧性设计	应对气候突变/小行星撞击等预案\n\n八、创想者武装\n🔬 科学顾问库（官网直达）：\n可汗学院《2150科技预测》课程\n同济大学智慧城市参数化模型库\n埃隆·马斯克“火星城市”设计手册\n🛸 虚拟实验室（竞赛专属）：\n城市能源模拟器（输入参数自动生成3D能耗云图）\n社会冲突推演AI（预测设计方案300年后社会稳定性）', '2025-07-14', 72, '2025-07-15 09:58:17', '2025-07-15 14:46:57');
INSERT INTO `annunciation` VALUES (27, '用视觉拯救沉默的族群 —— 2025全球濒危物种红色警报响应行动', '一、生命宣言\n当北部白犀牛只剩2头，当华南虎野外踪迹归零，每一次灭绝都是人类灵魂的缺失。本竞赛要求设计师化身 \"视觉方舟\"的建造者，为 IUCN 红色名录中的濒危物种设计守护海报。作品需融合：\n🔬 物种科学档案（种群数量/濒危主因）\n💔 灭绝多米诺效应（对生态链的摧毁性影响）\n🌱 可行动的拯救方案（普通人能参与的保护行动）\n让每一张海报成为刺向物种灭绝的投枪！\n\n二、守护者公约\n生态考察直播：07-05\n创作期：07-07至07-31\n全国高校巡展：08-10至08-31\n   \n三、生命铁律\n✅ 必须要素：\n🧬 准确标注物种学名（如 Panthera tigris amoyensis）\n📉 数据可视化种群变化（1950-2025年对比）\n✊ 行动号召（如\"拒绝犀角制品\"/\"红树林认养计划\"）\n⚠️ 创作禁忌：\n⦁ 禁止美化盗猎/栖息地破坏场景\n⦁ 不得使用虚拟幻想生物\n\n四、生命勋章\n奖项	权益\n方舟船长奖（1名）	¥50,000 + 刚果雨林实地科考（跟踪山地大猩猩保护）\n生态传讯奖（3名）	作品全球巡展 + IUCN官网首页展示1年\n基因存续奖（10名）	冷冻方舟计划铭牌刻名 + 濒危物种DNA项链\n公民行动奖	票选TOP10，触发 企业保护基金（每票=企业捐赠¥50给对应物种）\n\n五、登船通道\nSTEP 1：登录生命方舟官网：www.ark-poster.org\nSTEP 2：提交 物种守护档案包：\n海报设计：70×100cm/CMYK/300dpi（静态主视觉+动态数据模块）\n科学背书：物种保护机构授权书（官网提供名录机构联络库）\n行动方案：QR码链接的落地保护项目描述\n△ 接受 1-3人 组队，需含生态学/设计学背景成员\n\n六、评审维度\n权重	维度	评估焦点\n30%	科学严谨性	物种数据准确性/生态链关系表达\n25%	情感冲击力	引发保护紧迫感的视觉强度\n25%	行动转化率	QR码介入真实保护项目的可行性\n20%	跨文化传播力	突破语言障碍的视觉叙事\n\n七、物种兵器库\n📚 濒危数据库（竞赛独家授权）：\nIUCN红色名录实时API接口\n康奈尔大学鸟类实验室声谱库\n史密森尼学会3D生物标本扫描图\n🛠 行动工具箱：\nQR码生成器（直连200+保护组织）\n《绝望与希望》摄影集（展示保护成功案例）\n灭绝计算器（预测物种消失倒计时）\n\n八、特别合作\n获奖作品将转化为：\n刚果盗猎巡查队制服图案\n亚马逊原住民学校生态教材\n欧盟濒危物种贸易警示标签', '2025-07-14', 72, '2025-07-15 10:02:19', '2025-07-25 13:32:35');
INSERT INTO `annunciation` VALUES (28, '让声音被看见，让频率会说话 —— 2025跨感官设计革命', '一、频率宣言\n当贝多芬的月光化为流动的银线，当鲸歌的52赫兹凝结成深海图腾——声音本应是多维的艺术。本竞赛打破感官边界，要求设计师将 声音的物理指纹 转化为视觉叙事。通过声纹分析技术，将：\n🎵 音乐旋律（频率/振幅/谐波）\n🌊 环境声景（城市脉动、自然白噪音）\n🗣️ 人类语音（情感震颤、文化方言）\n转化为具有科学精确性与艺术感染力的视觉海报，构建可聆听的视觉、可观看的声音！\n\n二、共振参数\n维度	参数详情\n频率开放	2025年X月X日（registration_begin）\n采样截止	2025年X月X日（registration_end）\n波形封存	2025年X月X日（activity_end 声学博物馆展出）\n信道容量	限 150 组声学设计师（people字段，确保设备支持）\n硬件支持	免费租借 便携式声纹采集器（押金¥500/台）\n\n三、声波编译流程\n声音采样：11-11至11-20\n算法开发：11-11至12-12\n视觉化呈现：11-11至12-12\n跨媒介展览：12-15至01-08\n   \n四、声学法则\n✅ 必须要素：\n📡 动态声纹可视化（需展示0-20kHz全频段演变）\n🧩 可交互设计（如扫描海报触发原声播放）\n⚠️ 技术禁忌：\n⦁ 禁止使用合成电子音效（需真实声源）\n⦁ 不得篡改原始声波物理参数\n\n五、频段勋章\n奖项	权益\n赫兹大师奖（1名）	¥80,000 + 柏林声音艺术节个展 + 定制声纹雕塑\n波谱革新奖（3名）	麻省理工学院媒体实验室访学 + 森海塞尔录音套装\n音素猎人奖（10名）	作品录入《全球声景遗产库》 + 敦煌壁画声纹复原项目参与资格\n共振传播奖	公众票选TOP5，转化为 城市声景路灯装置（播放作品对应环境声）\n\n六、调谐通道\nSTEP 1：登录声纹枢纽：www.sonic-vis.org\nSTEP 2：提交 频率档案包：\n海报文件：90×60cm/300dpi（含动态频谱图层）\n原始声源：WAV格式/24bit/96kHz（需附采集坐标）\n技术文档：声纹转译算法说明（开源工具需标注）\n〰️ 团队上限 4人（people限制），需含声学/编程/设计背景成员\n\n七、评审维度\n（科学×艺术双重解码）\n权重	维度	评估焦点\n30%	声纹保真度	频谱数据视觉转换的准确性\n25%	跨感官通感	声音特质与视觉元素的隐喻契合度\n20%	文化深度	声源背后的社会/历史意义诠释\n15%	技术创新	声纹解析算法的独创性\n10%	交互体验	观众参与的多层次感知设计\n\n八、声学武器库\n🔊 独家工具包（官网下载）：\nSonicVis 声纹分析软件（竞赛定制版）\n全球声景地图（含极光/雨林/地铁声纹数据库）\n《声音可视化史》电子档案（从示波器到AI生成艺术）\n🎛️ 硬件支持站：\n声纹采集器租借点（全国20个城市）\n移动录音棚预约（北上广深免费使用）\n\n九、特别实验\n获奖者可参与：\n故宫太和殿1900年声场数字重建\n猛犸象叫声的化石共振复原\n旅行者1号黄金唱片声纹视觉化', '2025-07-14', 53, '2025-07-15 10:58:18', '2025-07-25 13:26:51');
INSERT INTO `annunciation` VALUES (29, '守护深蓝心跳 · 绘制海洋未来 —— 2025全球海洋守护者集结令', '一、海洋宣言\n当太平洋垃圾带达160万平方公里，当珊瑚白化吞噬25%海洋生态位，人类文明的蔚蓝命脉正在窒息。本竞赛号召设计师成为 \"海洋视觉特工\"，用海报揭露生态危机、传播守护方案。作品需聚焦：\n💧 塑料污染战争（微塑料入侵食物链）\n🐋 生物救援行动（鲸豚搁浅预警系统）\n🌊 蓝色经济革命（可持续渔业/海洋可再生能源）\n每张海报都是射向生态破坏的深海鱼雷！\n\n二、守护者坐标\n维度	参数详情\n行动启动	2025年3月1日（registration_begin）\n最终集结	2025年5月31日（registration_end）\n深蓝庆典	2025年8月15日（activity_end 联合国海洋大会展出）\n特工编制	限 500 名海洋卫士（people字段）\n生态债券	每件作品触发 10㎡珊瑚苗圃认养（合作机构：蓝丝带海洋保护协会）\n\n三、深海任务简报\n海洋数据工作坊：06-17\n创作期：06-15至07-14\n公众投票：07-15至07-20\n专家评审：07-21至07-25\n国际巡展启动：12-08\n   \n四、海洋宪章\n✅ 核心要素：\n🧪 基于真实海洋数据（NOAA/NASA卫星数据源）\n🌀 包含 可验证解决方案（如塑料拦截河坝设计图）\n🧭 标注行动坐标（如\"北大西洋垃圾带28°N,62°W\"）\n⚠️ 创作戒律：\n⦁ 禁止将生态灾难美学化\n⦁ 不得虚构未经证实的科技\n\n五、深蓝勋章\n奖项	权益\n海神三叉戟奖（1名）	¥100,000 + 马尔代夫人工礁盘命名权\n蔚蓝智库奖（3名）	伍兹霍尔海洋研究所深造 + \"深海挑战者号\"潜艇体验\n珊瑚骑士奖（10名）	大堡礁生态修复行动参与资格 + 珊瑚基因库保存证书\n潮汐影响力奖	票选TOP10，转化为 海岸线警示装置（获奖作品镌刻于防波堤）\n\n六、特工注册\nSTEP 1：登陆蓝盾系统：www.azure-action.org\nSTEP 2：上传 海洋任务包：\n主视觉海报：100×70cm/CMYK/300dpi（含AR触发点）\n数据证明：污染分布图/物种衰减曲线（官网数据验证工具）\n行动手册：PDF格式公民保护指南（≤10条实操建议）\n🐚 接受 1-4人 组队（people限制），需指定\"首席海洋观察员\"\n\n七、评估维度\n（科学×情感×行动三维矩阵）\n权重	维度	评估焦点\n30%	科学严谨性	海洋数据准确性/生态链关系表达\n25%	情感唤醒力	引发保护冲动的视觉强度\n25%	方案可行性	公民行动指南的实操价值\n20%	技术整合度	AR交互/动态数据可视化完成度\n\n八、海洋装备库\n📡 数据雷达（官网开放）：\n实时塑料垃圾漂流预测图\n全球珊瑚白化预警系统\n鲸类声呐通信解码器\n🛠️ 创作工具箱：\nAR海报生成器（扫描自动叠加海底实况）\n污染视觉化算法（将水质数据转为色彩矩阵）\n《绝望与希望：海洋保护者实录》影像库\n\n九、特别行动\n\"海报珊瑚礁\"计划：\n获奖作品将：\n转化为人工礁体浮雕（投放南海生态修复区）\n制成可降解海藻油墨宣传册（全球渔村发放）\n录入联合国海洋十年计划数字方舟', '2025-07-14', 71, '2025-07-15 10:59:09', '2025-07-25 13:34:14');
INSERT INTO `annunciation` VALUES (30, '以纸为舟，以墨为桨，横渡千年文明长河 —— 2025古籍修复视觉计划', '一、文脉宣言\n当敦煌遗书在氧化中字迹漫漶，当宋刻本在虫蛀下纸页凋零，每部古籍都是文明的孤岛。本竞赛要求设计师化身 \"时光修补匠\"，为濒危古籍设计修复主题海报。作品需融合：\n🖋️ 古籍病理诊断（酸化/虫蛀/霉变/撕裂）\n🧰 传统修复技艺（揭裱/补纸/金镶玉/挖镶）\n🔍 数字化新生（多光谱扫描/字迹复原AI）\n让古籍的伤痕成为穿越时空的美学语言！\n\n二、修书堂规约\n维度	参数详情\n开卷日	2025年4月18日（国际古迹日）（registration_begin）\n封函日	2025年8月1日（registration_end）\n晒书大典	2025年9月28日（孔子诞辰）（activity_end 国家典籍博物馆特展）\n修书郎名额	限 100 名（people字段，需提交古籍研习证明）\n纸墨支援	提供 国家图书馆特藏纸样库使用权（含宣纸/磁青纸/开化纸）\n\n三、修补时序\n古籍研习：01-10\n残卷临摹：01-05至01-25\n现代转译：01-26至02-15\n特展布展：03-20至04-18\n\n四、匠作戒律\n✅ 核心要素：\n🔬 真实古籍病理数据（合作机构：国家古籍保护中心）\n🧪 修复工艺准确性（如染纸配色需匹配原书纸色）\n📜 包含 古籍金句摘录（需使用权威点校本）\n⚠️ 创作禁忌：\n⦁ 禁止虚构不存在古籍\n⦁ 不得美化破坏行为（如将虫蛀装饰化）\n\n五、芸编勋章\n奖项	权益\n天禄阁奖（1名）	¥60,000 + 故宫文物医院跟岗实习\n龙鳞装奖（3名）	国家图书馆古籍修复体验 + 定制金镶玉装帧工具包\n琅嬛使奖（10名）	作品录入《中华古籍活化利用图录》 + 国家版本馆特展席位\n灵兰奖	公众票选TOP5，转化为 古籍修复体验包（含仿古纸/矿物颜料）\n\n六、拜师帖\nSTEP 1：登入文渊阁系统：www.ancientbook.art\nSTEP 2：呈递 匠作档案：\n主海报：90×60cm/专色印刷+烫金工艺（需预留AR触发点）\n古籍档案：PDF格式（含版本信息/病害分析/修复工艺）\n动态展示：修复技艺微动画（≤30秒）\n📜 仅限 个人参赛（people=1，强调匠人精神）\n\n七、评阅维度\n权重	维度	评估焦点\n30%	文化准确性	古籍版本/修复工艺考据严谨度\n25%	创伤美学力	老化痕迹的艺术转化完成度\n20%	技术整合度	AR交互/动态演示流畅性\n15%	内容传达性	古籍核心思想视觉诠释力\n10%	材料实验性	印刷载体创新（如宣纸/磁青纸）\n\n八、匠作库\n📚 古籍资源（官网开放）：\n国家图书馆《濒危古籍名录》\n敦煌遗书高清数字化档案\n《古籍修复疑难病症图谱》\n🖌️ 技艺工坊：\n在线摹写古刻本字体生成器\n矿物颜料数字色谱库\n装帧技艺VR教学系统\n\n九、特别传承\n获奖作品将：\n制成可展卷经折装画册（捐赠百家图书馆）\n转化为古籍修复教学工具包\n投影至岳麓书院千年讲堂', '2025-07-14', 71, '2025-07-15 11:06:51', '2025-07-25 13:33:52');
INSERT INTO `annunciation` VALUES (31, '海洋之声——2025濒危海洋生物声波可视化计划', '一、竞赛使命\n声波是海洋生命的原始密码。本届大赛以\"深海频率\"为命题，呼唤设计师将座头鲸歌声、珊瑚礁声呐转化为可视化艺术。通过流体算法解构声波频谱，在动态海报中嵌套塑料污染热力图，让每幅作品成为刺破海洋沉默的声呐，重塑生态保护的感官维度。\n\n二、核心信息\n报名时间：2025-08-01 00:00 - 2025-11-20 24:00 作品提交：2025-11-20 参赛规模：限8组创作者（联合国海洋署认证精英计划） 媒介要求：必须包含声纹动态转化系统（静态稿需输出为GIF动画）\n\n三、赛程设计\n声学实验室阶段（2025.08.01-08.10）： 提交声波频谱解析图（格式不限）+ 300字流体算法说明 深海创作阶段（2025.08.15-11.20）： 入围者开发双版本作品（巨幕投影版/网页互动版） 蓝洞终评（2025.12.15）： 国际海洋学家团队全息投影答辩（支持VR接入）\n\n四、参赛铁律\n✅ 创作自由： ⦁ 主题需嵌套生物声波与污染数据层 ⦁ 支持流体粒子动态引擎（TouchDesigner等） ❌ 绝对禁忌： ⦁ 禁止使用非合作机构声学数据库 ⦁ 不可缺失热力图经纬度校准\n\n五、奖项体系\n深蓝共振奖（1名）：¥100,000 + NOAA科考船随行观测资格 声呐艺术奖（2名）：德国LOEWE水听器套装 + 迈阿密声纳艺术节参展 蔚蓝新锐奖（5名）：《Science》海洋特辑刊载 + 伍兹霍尔研究所实习\n\n六、报名通道\nSTEP 1 访问官网：www.ocean-frequency.org STEP 2 上传资料： ⦁ 声纹解析动态演示（≥15秒） ⦁ 海洋污染数据来源声明表（[模板下载链接]） STEP 3 系统部署： ⦁ 终评作品需部署至AWS云渲染平台（免费配额50GB） 注：团队需签署《深海声学数据保密协议》\n\n七、评审维度\n权重30% 声波转译创新：频谱-流体算法独创性 权重25% 危机可视化强度：污染热力图融合度 权重20% 科学严谨性：海洋声学数据精确性 权重25% 跨媒介体验：网页交互设计完整度\n\n八、特别支持\n⦗ 深海声学库  ⦘ 提供限量资源包（前8组）： 座头鲸原始声纹.wav（192kHz/24bit） 大西洋塑料污染热力图API密钥 流体算法训练模型（TouchDesigner模板）', '2025-07-28', 86, '2025-07-26 23:41:04', '2025-07-26 23:52:11');
INSERT INTO `annunciation` VALUES (32, '迁徙密码——2025候鸟濒危航线图腾计划', '一、竞赛使命\n迁徙是生命的史诗航程。本届以\"羽迹解码\"为命题，召唤设计师将黑脸琵鹭等濒危候鸟的迁飞轨迹，通过拓扑算法转化为几何图腾。在卫星遥感图斑中嵌入栖息地消亡负空间，让每张海报成为天空之路的视觉纪念碑。\n\n二、核心信息\n报名时间：2025-07-28 00:00 - 2025-11-10 24:00\n作品提交：2025-11-10\n参赛规模：限8组创作者（国际鸟盟全球认证）\n媒介要求：必须包含动态拓扑矢量图（SVG路径动画）\n\n（因篇幅限制，其余四大模块结构同通告1，完整内容如下：）\n三、赛程设计\n环志站实践阶段（2025.07.28-08.05）：\n提交迁徙路线拓扑草图 + 200字负空间设计说明\n天空之路阶段（2025.08.10-11.10）：\n开发双版本作品（机场灯箱版/电子护照封面版）\n云端终评（2025.12.05）：\n鸟类学家团队卫星视频答辩\n\n四、参赛铁律\n✅ 创作自由：\n⦁ 需融合实时迁徙数据流\n⦁ 支持负空间生长算法\n❌ 绝对禁忌：\n⦁ 禁止篡改原始卫星轨迹\n⦁ 不可缺失湿地消亡比例尺\n\n五、奖项体系\n金翅导航奖（1名）：¥80,000 + 东亚迁飞路线科考资格\n轨迹革命奖（2名）：瑞士Swissgeo定位仪 + 国际鸟盟峰会参展\n羽林新星奖（5名）：《Nature》生物可视化专栏刊载\n\n六、报名通道\nSTEP 1 访问官网：www.flyway-cipher.org\n...（完整步骤同格式）\n\n七、评审维度\n权重35% 轨迹拓扑创新：路径-几何转化精准度\n权重25% 危机隐喻深度：栖息地消亡视觉张力\n权重20% 地理准确性：经纬度坐标校准\n权重20% 跨文化传播：图腾普世识别度\n\n八、特别支持\n⦗ 卫星追踪包  提供珍稀资源：\n黑脸琵鹭迁徙轨迹GeoJSON数据\n东亚湿地消亡卫星对比图（2000-2025）\n负空间生成算法插件（AE脚本）', '2025-07-25', 87, '2025-07-26 23:42:55', '2025-07-26 23:52:33');
INSERT INTO `annunciation` VALUES (33, '菌脉共生——2025地下生态网络启示录', '一、竞赛使命\n菌丝是大地隐秘的神经网络。本届大赛以\"地心交响\"为命题，召唤设计师将云南松露、发光真菌等珍稀地下生物的分形结构，通过菌丝生长算法转化为发光图腾。在森林火险遥感数据层中植入生态链断裂预警，让每幅海报成为通往自然暗网的视觉密径，揭示土壤深处的生命智慧与危机。\n\n二、核心信息\n报名时间：2025-07-30 00:00 - 2025-11-25 24:00 作品提交：2025-11-25 参赛规模：限8组创作者（联合国粮农组织特约项目） 媒介要求：必须包含菌丝发光模拟系统（Luminol化学显色或数字动态生成）\n\n三、赛程设计\n真菌图谱阶段（2025.07.30-08.08）： 提交菌丝分形结构图（手绘/数字稿）+ 300字生长算法说明 暗网构筑阶段（2025.08.12-11.25）： 入围者深化双版本作品（地铁隧道墙贴版/菌菇包装盒版） 深土终评（2025.12.18）： 生态学家团队全息菌丝实验室答辩（支持3D投影）\n\n四、参赛铁律\n✅ 创作自由： ⦁ 需融合火险热力渐变图层 ⦁ 支持生物荧光材料实验（提供安全规范） ❌ 绝对禁忌： ⦁ 禁止使用非合作机构显微图像 ⦁ 不可篡改原始生态数据\n\n五、奖项体系\n菌核大师奖（1名）：¥90,000 + 高黎贡山生态考察权 共生革新奖（2名）：日立80000倍电镜使用权 + 米兰设计周特展 地脉新锐奖（5名）：中科院菌种库永久保存编号 + 《Cell》增刊刊登\n\n六、报名通道\nSTEP 1 访问官网：www.mycelium-network.org STEP 2 上传资料： ⦁ 菌丝结构透光实验视频（≥20秒） ⦁ 火险数据引用声明表（[模板下载链接]） STEP 3 实物/系统提交： ⦁ 终评作品需寄送实体样本（含发光层）或部署云端渲染 注：易燃材料需附《生物安全运输认证》\n\n七、评审维度\n权重30% 菌丝语言创新：分形结构艺术转化力 权重25% 危机隐喻强度：火险数据层视觉渗透性 权重20% 材料科学性：发光稳定性与环保性 权重25% 地下美学表达：暗物质视觉叙事张力\n\n八、特别支持\n⦗ 真菌研究所  ⦘ 提供限量资源包（前8组）： 云南松露显微切片扫描件（12000dpi） 菌丝网络生长速率预测算法 矿物染料包（辰砂/青金石/赭石）', '2025-07-28', 88, '2025-07-26 23:50:50', '2025-07-26 23:55:54');
INSERT INTO `annunciation` VALUES (34, '极地回响——2025冰川消融视觉档案', '一、竞赛使命\n冰川是地球的固态记忆库。本届大赛以\"白色警钟\"为命题，号召设计师将北极熊掌纹、冰晶裂隙等极地肌理，通过分形算法转化为动态视觉档案。在实时消融数据流中嵌套海平面上升编码图，让每幅海报成为冷冻时间的视觉方舟，敲响气候危机的全景警报。\n\n二、核心信息\n报名时间：2025-07-31 00:00 - 2025-11-30 24:00\n作品提交：2025-11-30\n参赛规模：限8组创作者（世界气象组织北极圈计划）\n媒介要求：必须调用NASA冰川API实时数据层（静态稿需输出为动态数据可视化）\n\n三、赛程设计\n冰芯解码阶段（2025.07.31-08.09）：\n提交冰晶结构矢量图 + 200字消融算法说明\n极光创作阶段（2025.08.15-11.30）：\n开发双版本作品（科考船外舷版/AR明信片版）\n冻原终评（2025.12.22）：\n冰川学家团队卫星连线答辩（北极现场直播）\n\n四、参赛铁律\n✅ 创作自由：\n⦁ 需植入倒计时动态编码层\n⦁ 支持AR增强现实交互（提供开发套件）\n❌ 绝对禁忌：\n⦁ 禁止伪造冰川消缩速率\n⦁ 不可缺失地理坐标校准\n\n五、奖项体系\n冰核先知奖（1名）：¥100,000 + 格陵兰冰盖考察资格\n寒极革新奖（2名）：挪威永冻层钻探数据使用权 + 威尼斯双年展极地馆展出\n冰川新锐奖（5名）：NASA冰卫星原始数据命名权 + 《国家地理》封面刊载\n\n六、报名通道\nSTEP 1 访问官网：www.glacial-echo.org\nSTEP 2 上传资料：\n⦁ 冰晶分形生成动态图（≥10秒循环）\n⦁ 实时数据接口备案表（[模板下载链接]）\nSTEP 3 终端部署：\n⦁ AR版需提交iOS/Android双端测试包\n注：户外版需提供-40℃耐寒测试报告\n\n七、评审维度\n权重35% 冰川转译深度：肌理-数据融合创新性\n权重25% 实时性强度：API数据刷新响应速度\n权重20% 极端环境适配：材料/技术稳定性\n权重20% 气候警示张力：海平面上升视觉冲击\n\n八、特别支持\n⦗ 冰芯数据中心  ⦘ 提供核心资源：\n30年冰川消缩卫星图时序包（1985-2025）\n北极熊掌纹矢量模板库（含运动轨迹）\nAR明信片开发工具包（Unity插件+冻土着色器）', '2025-07-26', 89, '2025-07-26 23:54:16', '2025-07-26 23:54:46');
INSERT INTO `annunciation` VALUES (35, '复眼启示录——2025昆虫灭绝预警系统', '一、竞赛使命\n复眼是自然的全景传感器。本届大赛以\"晶格警报\"为命题，集结设计师将金斑喙凤蝶复眼结构、蜜蜂视觉机制，通过多焦点算法转化为全景海报。在农药残留数据流中植入种群崩溃模拟路径，让每幅作品成为虫翼振动的视觉墓碑，折射生态链断裂的微观真相。\n\n二、核心信息\n报名时间：2025-08-05 00:00 - 2025-11-18 24:00\n作品提交：2025-11-18\n参赛规模：限8组创作者（剑桥昆虫研究所认证项目）\n媒介要求：必须包含复眼晶格交互式缩放系统（支持5级精度切换）\n\n三、赛程设计\n复眼解析阶段（2025.08.05-08.15）：\n提交晶格结构透视图 + 300字农药扩散算法说明\n全景构筑阶段（2025.08.20-11.18）：\n开发双版本作品（农业博览馆穹顶版/显微APP启动版）\n虫鸣终评（2025.12.12）：\n昆虫学家团队显微镜头答辩（4K实时显微直播）\n\n四、参赛铁律\n✅ 创作自由：\n⦁ 需嵌套农药残留浓度热力层\n⦁ 支持全景畸变矫正技术（提供算法库）\n❌ 绝对禁忌：\n⦁ 禁止使用非授权显微图像\n⦁ 不可修改物种濒危等级数据\n\n五、奖项体系\n复眼宗师奖（1名）：¥85,000 + 亚马逊雨林昆虫调查权\n晶格革命奖（2名）：徕卡共聚焦显微镜使用权 + 伦敦自然历史博物馆特展\n传粉新锐奖（5名）：全球昆虫基因库存储码 + 《Science Advances》封面故事\n\n六、报名通道\nSTEP 1 访问官网：www.ommatidia-alert.org\nSTEP 2 上传资料：\n⦁ 复眼晶格动态缩放演示（GIF/WebGL）\n⦁ 农药数据来源伦理声明（[模板下载链接]）\nSTEP 3 系统提交：\n⦁ 穹顶投影版需提供球面曲率校准文件\n注：含生物样本需附《濒危物种运输许可》\n\n七、评审维度\n权重40% 复眼重构创新：晶格-全景算法突破性\n权重20% 危机模拟精度：农药扩散路径科学性\n权重20% 交互体验深度：缩放系统流畅度\n权重20% 微观美学表达：显微级视觉震撼力\n\n八、特别支持\n⦗ 复眼扫描库  ⦘ 提供绝密资源：\n金斑喙凤蝶复眼4K显微视频（120fps慢速）\n农药残留浓度可视化引擎（Python库）\n全景畸变矫正插件（Adobe CC扩展）', '2025-07-31', 90, '2025-07-26 23:55:31', '2025-07-26 23:56:02');

-- ----------------------------
-- Table structure for award
-- ----------------------------
DROP TABLE IF EXISTS `award`;
CREATE TABLE `award`  (
  `id` int NOT NULL AUTO_INCREMENT COMMENT '表的主键',
  `team_id` int NOT NULL COMMENT '队伍id（颁奖与队伍相关联）',
  `competition_id` int NOT NULL COMMENT '竞赛id',
  `award_url` varchar(150) CHARACTER SET utf8mb4 COLLATE utf8mb4_0900_ai_ci NOT NULL COMMENT '奖状路径',
  `award_rank` int NOT NULL COMMENT '几等奖',
  `avg_score` double NULL DEFAULT NULL,
  `create_time` datetime NOT NULL COMMENT '创建时间',
  `update_time` datetime NOT NULL COMMENT '更新时间',
  PRIMARY KEY (`id`) USING BTREE
) ENGINE = InnoDB AUTO_INCREMENT = 165 CHARACTER SET = utf8mb4 COLLATE = utf8mb4_0900_ai_ci COMMENT = '颁奖表' ROW_FORMAT = Dynamic;

-- ----------------------------
-- Records of award
-- ----------------------------
INSERT INTO `award` VALUES (137, 386, 36, 'http://122.51.51.36:9000/poster-design/20250715/29514b7f-d752-4cf7-96cf-8db6d001d8ee-thumb_2025-07-15b5bcff39-0306-4c86-b21b-fe2d08e00186.jpg', 1, 100, '2025-07-15 18:42:58', '2025-07-15 18:42:58');
INSERT INTO `award` VALUES (138, 386, 47, 'http://122.51.51.36:9000/poster-design/20250715/7927ea28-d1cf-42e6-bbec-9e18a26ae878-thumb_2025-07-15ceebb053-f39c-466a-ba4e-dc870ddefd84.jpg', 1, 100, '2025-07-15 18:43:00', '2025-07-15 18:43:00');
INSERT INTO `award` VALUES (139, 386, 54, 'http://122.51.51.36:9000/poster-design/20250715/0ee70338-f7b8-4311-b802-995eb8651783-thumb_2025-07-1537b84426-49a5-4a3d-80d1-af41935b7157.jpg', 1, 100, '2025-07-15 18:43:01', '2025-07-15 18:43:01');
INSERT INTO `award` VALUES (140, 386, 56, 'http://122.51.51.36:9000/poster-design/20250715/453f759d-db3f-4051-8628-1cb55e32c708-thumb_2025-07-15933da397-9a72-4cf2-a7a5-2365fc597e14.jpg', 1, 100, '2025-07-15 18:43:03', '2025-07-15 18:43:03');
INSERT INTO `award` VALUES (141, 377, 63, 'http://122.51.51.36:9000/poster-design/20250715/ec7c4032-9840-402c-b3cb-9a69eb57e303-thumb_2025-07-15ae0bc73b-25f5-444a-8fe6-97a53c6062e5.jpg', 1, 94.5, '2025-07-15 18:43:08', '2025-07-15 18:43:08');
INSERT INTO `award` VALUES (142, 381, 63, 'http://122.51.51.36:9000/poster-design/20250715/dc00fd5b-9cd7-4b6a-b9dd-fb2be2200046-thumb_2025-07-15ec439f64-26e7-4b18-a5ac-e701e2280c73.jpg', 1, 92, '2025-07-15 18:43:10', '2025-07-15 18:43:10');
INSERT INTO `award` VALUES (143, 369, 63, 'http://122.51.51.36:9000/poster-design/20250715/d91f69b4-a126-474e-b6c6-bafbc3157d9f-thumb_2025-07-15df535a1f-5c86-4fb7-a870-60ca0e5d6872.jpg', 1, 87.5, '2025-07-15 18:43:11', '2025-07-15 18:43:11');
INSERT INTO `award` VALUES (144, 342, 63, 'http://122.51.51.36:9000/poster-design/20250715/28df0849-6304-4892-8f6a-32d3557ee5c2-thumb_2025-07-1584765642-8c45-4d12-8601-26d9dbed0e00.jpg', 2, 86.5, '2025-07-15 18:43:12', '2025-07-15 18:43:12');
INSERT INTO `award` VALUES (145, 351, 63, 'http://122.51.51.36:9000/poster-design/20250715/4403fed7-22e8-4aca-9ddd-2a27a9a8b6f4-thumb_2025-07-156c20f7a6-ba5a-4956-80e8-75d1dc8fc3f7.jpg', 2, 86.5, '2025-07-15 18:43:13', '2025-07-15 18:43:13');
INSERT INTO `award` VALUES (146, 380, 63, 'http://122.51.51.36:9000/poster-design/20250715/073e9b24-8ad1-4f3d-a923-c480bb1ed22a-thumb_2025-07-152b7ce3ad-8742-4da9-8a3d-f842eb0cb4c0.jpg', 2, 86, '2025-07-15 18:43:15', '2025-07-15 18:43:15');
INSERT INTO `award` VALUES (147, 347, 63, 'http://122.51.51.36:9000/poster-design/20250715/8187e101-0004-4f87-9d94-fe2705e22189-thumb_2025-07-15616a9180-c18d-4157-a3b0-f7100064b023.jpg', 2, 84, '2025-07-15 18:43:16', '2025-07-15 18:43:16');
INSERT INTO `award` VALUES (148, 382, 63, 'http://122.51.51.36:9000/poster-design/20250715/1b5d241b-5d43-4287-808f-911d51bce27b-thumb_2025-07-151cab96b2-4147-4d53-a549-33496127dcd9.jpg', 2, 84, '2025-07-15 18:43:17', '2025-07-15 18:43:17');
INSERT INTO `award` VALUES (149, 346, 63, 'http://122.51.51.36:9000/poster-design/20250715/f9600172-007e-4f28-bc99-54d90891c687-thumb_2025-07-15585a8848-6590-46f7-860b-90f65a697571.jpg', 3, 82, '2025-07-15 18:43:18', '2025-07-15 18:43:18');
INSERT INTO `award` VALUES (150, 368, 63, 'http://122.51.51.36:9000/poster-design/20250715/ebd63580-b342-4b7d-b564-4cd2e76294cd-thumb_2025-07-15029c5ad3-e45c-41bf-abe8-28ef20b614c6.jpg', 3, 81, '2025-07-15 18:43:20', '2025-07-15 18:43:20');
INSERT INTO `award` VALUES (151, 379, 63, 'http://122.51.51.36:9000/poster-design/20250715/cdd84e89-6014-43de-a5d3-5348e017401d-thumb_2025-07-150482af9a-1a8a-406f-8024-caa8465b6f5b.jpg', 3, 80.5, '2025-07-15 18:43:21', '2025-07-15 18:43:21');
INSERT INTO `award` VALUES (152, 340, 63, 'http://122.51.51.36:9000/poster-design/20250715/e284f0cf-ad83-45c2-86c2-ba4d79a420d4-thumb_2025-07-157fe484c6-03d9-4f6b-8425-60045d1211b9.jpg', 3, 79.5, '2025-07-15 18:43:22', '2025-07-15 18:43:22');
INSERT INTO `award` VALUES (153, 350, 63, 'http://122.51.51.36:9000/poster-design/20250715/788eb278-1404-4ac5-9eb5-e07a348db4f0-thumb_2025-07-157b372884-3c40-426d-9c0c-4704b99633b4.jpg', 3, 78.5, '2025-07-15 18:43:24', '2025-07-15 18:43:24');
INSERT INTO `award` VALUES (154, 367, 63, 'http://122.51.51.36:9000/poster-design/20250715/48ac75ca-9d01-4e2d-b2b4-8a5d964e4435-thumb_2025-07-1523b89572-89a3-49a7-9438-1dc9e21817d2.jpg', 3, 78.5, '2025-07-15 18:43:25', '2025-07-15 18:43:25');
INSERT INTO `award` VALUES (155, 389, 52, 'http://122.51.51.36:9000/poster-design/20250716/7f1cbbb3-6192-41df-a228-b14e8ff0cb03-thumb_2025-07-16f81ca3e3-6d5a-4872-a021-1f683994c7b1.jpg', 1, 100, '2025-07-16 15:11:58', '2025-07-16 15:11:58');
INSERT INTO `award` VALUES (156, 339, 52, 'http://122.51.51.36:9000/poster-design/20250716/ac52327a-fa29-472d-8659-a217666ad039-thumb_2025-07-168052dadc-dadb-4d34-b06c-852ccca5ac43.jpg', 2, 91, '2025-07-16 15:12:00', '2025-07-16 15:12:00');
INSERT INTO `award` VALUES (157, 389, 52, 'http://122.51.51.36:9000/poster-design/20250716/2ba3104d-6331-4c5b-944b-169f37cb6903-thumb_2025-07-1625425445-c35f-44b1-affe-e4a467d9cff8.jpg', 1, 100, '2025-07-16 15:12:49', '2025-07-16 15:12:49');
INSERT INTO `award` VALUES (158, 339, 52, 'http://122.51.51.36:9000/poster-design/20250716/bbadfc9c-1ed9-4e33-8ec3-f950445590dc-thumb_2025-07-16bb4d37d2-1f3e-4cef-8d0c-eebad3a818a2.jpg', 2, 91, '2025-07-16 15:12:51', '2025-07-16 15:12:51');
INSERT INTO `award` VALUES (159, 389, 52, 'http://122.51.51.36:9000/poster-design/20250716/6b1fa089-a3b7-410f-9904-2dc1742ff6a8-thumb_2025-07-1639390b81-4c00-4233-a60d-66c61291c2c3.jpg', 1, 100, '2025-07-16 15:26:10', '2025-07-16 15:26:10');
INSERT INTO `award` VALUES (160, 391, 52, 'http://122.51.51.36:9000/poster-design/20250716/983d1cf8-bb26-4a82-a634-cc197007c6f9-thumb_2025-07-166e45ccec-6ed5-4a89-86b4-c42d8ac13df4.jpg', 2, 100, '2025-07-16 15:26:12', '2025-07-16 15:26:12');
INSERT INTO `award` VALUES (161, 339, 52, 'http://122.51.51.36:9000/poster-design/20250716/ad8e6203-e5de-4fe8-82e2-c6a283dcb05d-thumb_2025-07-16a590a026-83a8-452c-a3b9-9194e69e416c.jpg', 3, 91, '2025-07-16 15:26:13', '2025-07-16 15:26:13');
INSERT INTO `award` VALUES (162, 392, 52, 'http://122.51.51.36:9000/poster-design/20250716/41c88eb7-3706-4779-9a9f-cbe9dc06d600-thumb_2025-07-166d6718cb-aeb7-49dc-b5f4-571d158c6b40.jpg', 1, 100, '2025-07-16 15:32:57', '2025-07-16 15:32:57');
INSERT INTO `award` VALUES (163, 339, 52, 'http://122.51.51.36:9000/poster-design/20250716/11ddf0da-7432-4745-aba9-f823ca52df83-thumb_2025-07-166d1e07a7-0601-4888-98d9-c267236aa7f5.jpg', 2, 91, '2025-07-16 15:32:59', '2025-07-16 15:32:59');
INSERT INTO `award` VALUES (164, 389, 52, 'http://122.51.51.36:9000/poster-design/20250716/0a16d061-5ac6-4900-8eda-76ed680abf9c-thumb_2025-07-164034bd9f-d8d6-4e55-a581-c078201166b9.jpg', 3, 90, '2025-07-16 15:33:00', '2025-07-16 15:33:00');

-- ----------------------------
-- Table structure for competition
-- ----------------------------
DROP TABLE IF EXISTS `competition`;
CREATE TABLE `competition`  (
  `id` int NOT NULL AUTO_INCREMENT COMMENT '竞赛id',
  `competition_name` varchar(50) CHARACTER SET utf8mb4 COLLATE utf8mb4_0900_ai_ci NOT NULL COMMENT '竞赛名称',
  `category_id` int NOT NULL DEFAULT 1 COMMENT '竞赛分类',
  `introduction` varchar(5000) CHARACTER SET utf8mb4 COLLATE utf8mb4_0900_ai_ci NOT NULL COMMENT '竞赛介绍',
  `registration_begin` date NOT NULL COMMENT '报名时间',
  `registration_end` date NOT NULL COMMENT '截止时间',
  `activity_end` date NOT NULL COMMENT '活动结束时间',
  `people` int NOT NULL COMMENT '人数限定',
  `notes` varchar(1000) CHARACTER SET utf8mb4 COLLATE utf8mb4_0900_ai_ci NOT NULL COMMENT '报名须知',
  `schedule` varchar(1000) CHARACTER SET utf8mb4 COLLATE utf8mb4_0900_ai_ci NOT NULL COMMENT '竞赛赛程',
  `create_time` datetime NOT NULL COMMENT '创建时间',
  `update_time` datetime NULL DEFAULT NULL COMMENT '更新时间',
  `awards_status` int NULL DEFAULT 0 COMMENT '状态（0未颁奖、1已颁奖）',
  PRIMARY KEY (`id`) USING BTREE,
  INDEX `competition_people_index`(`people` ASC) USING BTREE COMMENT '限制人数索引'
) ENGINE = InnoDB AUTO_INCREMENT = 94 CHARACTER SET = utf8mb4 COLLATE = utf8mb4_0900_ai_ci ROW_FORMAT = Dynamic;

-- ----------------------------
-- Records of competition
-- ----------------------------
INSERT INTO `competition` VALUES (35, '绿色地球公益海报设计大赛', 3, '聚焦全球气候变化与可持续发展议题，征集能唤起公众环保意识的海报作品。要求作品包含碳足迹可视化、生物多样性保护或清洁能源推广等元素。获奖作品将获得联合国环境规划署官方平台展示机会。', '2024-05-01', '2024-05-14', '2024-06-30', 3, '1、参赛者需提交设计理念说明（200字以内）\n2、作品分辨率不低于300dpi\n3、禁止使用AI生成工具创作', '初赛：2024-07-01至07-07\n复赛：2024-07-10至07-15\n决赛答辩：2024-07-18', '2025-07-14 07:38:04', '2025-07-14 07:38:04', 1);
INSERT INTO `competition` VALUES (36, '非遗焕新——中国风创意海报赛', 2, '结合剪纸、皮影、年画等非物质文化遗产元素，用现代设计语言重构传统文化符号。特邀故宫博物院专家评审，优秀作品将入选国家数字文化资源库。', '2025-06-01', '2025-06-10', '2025-06-30', 2, '1. 必须包含至少一项非遗技艺元素\n2. 支持团队参赛（≤3人）\n3. 需提供创作过程记录视频（3分钟）', '作品征集：06-01至06-30\n大众投票：07-05至07-15\n专家评审：07-20至07-23\n结果公示：07-25', '2025-07-14 16:13:15', '2025-07-14 16:13:15', 1);
INSERT INTO `competition` VALUES (37, 'AI时代人文关怀海报竞赛', 4, '探索人工智能发展中的伦理边界，主题涵盖人机关系、数据隐私保护、算法偏见等方向。获奖者将获得硅谷科技公司实习内推资格。', '2025-10-01', '2025-10-10', '2025-11-07', 5, '1. 作品需包含动态交互元素（GIF/微动画）\n2. 接受数字绘画与3D建模形式\n3. 提交源文件及技术说明文档', '线上工作坊：2025-10-01\n作品提交截止：11-07\n技术评审：11-08至11-18\n颁奖典礼：2025-11-20', '2025-07-14 16:18:44', '2025-07-27 21:28:31', 0);
INSERT INTO `competition` VALUES (38, '未来城市幻想海报设计赛', 2, '以科幻视角构想2050年的智能城市形态，涵盖交通规划、生态建筑、社区生活等维度。与《科幻世界》杂志合作出版获奖作品集。', '2025-07-01', '2025-07-31', '2025-08-07', 3, '1. 必须包含原创世界观设定\n2. 接受手绘与数字媒介\n3. 作品尺寸要求A1（594×841mm）', '概念提案：06-30至07-17\n深化设计：07-18至07-31\n最终提交：08-01\n巡展：08-05至08-10', '2025-07-14 16:26:39', '2025-07-14 16:26:39', 1);
INSERT INTO `competition` VALUES (43, '全球健康共同体海报大赛', 5, '关注后疫情时代的公共卫生建设，主题包括疫苗平等、远程医疗、心理健康支持等。获WHO驻华代表处特别支持。', '2025-07-01', '2025-07-20', '2025-08-07', 3, '1. 需提供多语言版本（中+英/法/西）\n2. 适合户外广告场景应用\n3. 接受跨校组队', '国际工作坊：2025-06-25\n初稿提交：07-20\n方案优化：07-21至08-07\n终评：2025-08-10\n全球巡展启动：08-15', '2025-07-14 18:26:46', '2025-07-14 18:26:46', 1);
INSERT INTO `competition` VALUES (44, '全国高校海报设计锦标赛', 1, '面向全国设计专业学生的年度权威赛事，聚焦品牌传播与商业应用场景。设置品牌VI、产品推广、活动宣传三大赛道，由奥美、李奥贝纳等4A公司创意总监担任评委。金奖作品将获得纽约国际设计周参展资格。', '2025-07-05', '2025-07-17', '2025-08-05', 3, '1. 需提交3幅系列作品\n2. 包含设计说明与市场定位分析\n3. 接受团队报名（≤3人）', '初赛：2025-08至2025-09-05\n复赛：2025-09-10至09-20\n全国总决赛：2025-10-10', '2025-07-14 18:32:25', '2025-07-14 18:32:25', 1);
INSERT INTO `competition` VALUES (45, '城市形象大使海报竞赛', 1, '为全球城市旅游推广设计视觉名片，要求作品融合地域文化符号与现代传播语言。获奖作品将被纳入国家文旅部城市形象库，在海外使领馆巡展。', '2024-02-14', '2024-02-28', '2024-03-14', 2, '1. 必须包含城市地标元素\n2. 提供双语文案（中+英）\n3. 提交印刷用CMYK模式文件', '选题申报：02-14至02-28\n创作阶段：02-29至03-14\n专家评审：03-15至03-20\n结果发布：03-25', '2025-07-14 18:36:22', '2025-07-14 18:36:22', 1);
INSERT INTO `competition` VALUES (46, '超现实梦境海报挑战赛', 2, '突破常规视觉逻辑，用海报构建梦境图景。要求作品融合矛盾空间、生物形态解构等超现实主义手法，评审标准侧重概念原创性与视觉冲击力。', '2025-03-01', '2025-03-12', '2025-03-31', 3, '1. 禁止使用AI生成工具\n2. 需附200字梦境叙事文本\n3. 接受混合媒介创作（摄影+绘画+拼贴）', '线上讲座：2025-03-01\n作品提交：03-12至03-31\n虚拟画廊展：2025-04-01至04-28', '2025-07-14 18:40:33', '2025-07-14 18:40:33', 1);
INSERT INTO `competition` VALUES (47, '汉字解构创意海报竞赛', 2, '以汉字为视觉核心元素进行解构重组，探索字形与意象的创造性表达。特邀方正字库设计总监指导，优秀字体设计将商业化开发。', '2025-04-05', '2025-04-15', '2025-05-05', 2, '1. 聚焦单个汉字创作\n2. 需展示字形演变过程\n3. 提供矢量源文件', '工作坊：2025-04-03\n创作期：04-05至05-05\n专家评审：05-10至05-20\n展览开幕：05-25', '2025-07-14 18:46:27', '2025-07-14 18:46:27', 1);
INSERT INTO `competition` VALUES (48, '零碳未来公益海报行动', 3, '响应碳中和国家战略，用视觉语言解读清洁能源、低碳生活等议题。联合阿拉善SEE基金会，每幅入围作品对应种植10棵梭梭树。', '2025-06-30', '2025-07-17', '2025-08-17', 6, '1. 必须包含可量化环保数据可视化\n2. 采用环保油墨印刷规范\n3. 接受动态海报（5秒内GIF）', '主题发布：06-29\n作品征集：06-30至08-17\n公众投票：08-20至08-31\n颁奖典礼：09-09', '2025-07-14 18:49:15', '2025-07-14 18:49:15', 0);
INSERT INTO `competition` VALUES (49, '濒危生物守护计划', 3, '以海报为濒危物种发声，聚焦穿山甲、东北虎等12种中国珍稀动物。作品将用于自然保护区公益广告，最高奖项获得WWF实习机会。', '2025-07-01', '2025-07-07', '2025-07-31', 3, '1. 基于真实物种生态数据创作\n2. 包含保护行动呼吁文案\n3. 提交竖版（9:16）适配移动端', '生态考察直播：07-05\n创作期：07-07至07-31\n全国高校巡展：08-10至08-31', '2025-07-14 18:52:11', '2025-07-14 18:52:11', 1);
INSERT INTO `competition` VALUES (50, '量子美学科幻海报大赛', 4, '融合量子物理概念与视觉设计，创作具有科学准确性的科幻海报。欧洲核子研究中心（CERN）提供粒子对撞影像素材库，获奖者受邀参观日内瓦总部。', '2025-07-07', '2025-07-17', '2025-08-07', 6, '1. 需标注引用的科学理论\n2. 接受3D渲染/数据可视化\n3. 附技术实现说明文档', '科学顾问匹配：07-01\n作品提交：07-07至08-07\n线上科学评审：08-10至08-30\nVR展览：2025-09-10', '2025-07-14 18:54:40', '2025-07-14 18:54:40', 1);
INSERT INTO `competition` VALUES (51, '脑机接口主题海报赛', 4, '探索人机融合的未来图景，主题包括神经解码、意识上传等前沿领域。与Neuralink实验室合作，最佳技术奖获得原型机测试资格。', '2023-11-14', '2023-11-24', '2023-12-15', 6, '1. 包含交互设计提案\n2. 使用XR技术展示\n3. 提交脑电波数据可视化方案', '技术培训：2023-11-25\n概念设计：11-24至12-15\n成果展示：12-20至01-10', '2025-07-14 18:59:10', '2025-07-14 18:59:10', 1);
INSERT INTO `competition` VALUES (52, '情感共振海报设计大赛', 5, '用非具象视觉语言传递七种基础情绪（喜怒哀惧爱恶欲），探索色彩与形式的心理映射关系。合作心理学实验室开展观众脑电波测试。', '2025-07-10', '2025-07-14', '2025-07-15', 6, '1. 单色系创作（七选一）\n2. 禁止出现可识别形象\n3. 提交情绪诱发实验报告', '情绪工作坊：07-15\n创作期：07-10至08-15\n专家评审：08-15至08-25\n数据发布会：2025-09-01', '2025-07-14 19:03:07', '2025-07-16 14:15:40', 1);
INSERT INTO `competition` VALUES (53, '声纹可视化海报计划', 5, '将声音频率转化为视觉图案，用海报展现巴赫、西藏梵呗等6种声音的频谱之美。获奖作品将制成声光装置在国家大剧院展出。', '2024-11-11', '2024-11-14', '2024-12-12', 2, '1. 基于真实声纹数据创作\n2. 提供声音-视觉转换算法\n3. 适配圆形（直径80cm）展示', '声音采样：11-11至11-20\n算法开发：11-11至12-12\n视觉化呈现：11-11至12-12\n跨媒介展览：12-15至01-08', '2025-07-14 19:07:30', '2025-07-14 19:07:30', 1);
INSERT INTO `competition` VALUES (54, '虚拟城市构造者海报赛', 4, '为元宇宙平台设计未来建筑概念海报，融合区块链地标、NFT画廊等数字空间元素。获奖作品将作为Decentraland平台官方推荐场景。\n', '2025-04-01', '2025-04-10', '2025-05-10', 5, '1. 需包含交互热点设计\n2. 提交GLB格式3D预览文件\n3. 标注虚拟土地坐标', '元宇宙导览：03-15\n概念设计：04-01至05-10\n技术实现：04-01至05-10\n奖状颁布：05-15', '2025-07-14 19:19:14', '2025-07-14 19:19:14', 1);
INSERT INTO `competition` VALUES (55, '明日餐桌可持续海报', 3, '聚焦食物浪费与替代蛋白议题，用视觉语言呈现昆虫食品、藻类农场等创新方案。联合米其林厨师开发海报同款概念料理。', '2024-09-15', '2024-10-15', '2024-10-30', 2, '1. 包含营养数据可视化\n2. 提供可食用颜料样本\n3. 适配外卖包装印刷', '食物实验室：09-20\n创作期：09-15至10-15\n料理配对：10-16至10-30\n美食展览：12-01至12-12', '2025-07-14 19:21:44', '2025-07-14 19:21:44', 1);
INSERT INTO `competition` VALUES (56, '气味宇宙感官海报', 5, '将特定气味转化为视觉符号，为樟脑、海风、旧书等12种气味创作跨感官海报。获奖作品将制成香氛套装发售。', '2025-03-01', '2025-03-15', '2025-04-15', 3, '1. 绑定真实气味样本\n2. 使用色谱分析数据\n3. 提交嗅觉-视觉映射理论', '气味采样：03-01至03-10\n感官训练：03-05\n视觉转化：03-11至04-10\n多感官展：05-20至06-18', '2025-07-14 19:24:28', '2025-07-14 19:24:28', 1);
INSERT INTO `competition` VALUES (57, '无声对话公益海报', 1, '为语言障碍群体设计非文字沟通工具，通过图形符号传递基础需求。作品将由残联在全国特教学校推广应用。', '2024-11-05', '2024-11-30', '2024-12-20', 2, '1. 需经听障人士测试\n2. 包含情绪表达符号\n3. 适配AAC沟通板尺寸', '同理心工作坊：2024-11-10\n原型设计：2024-11-05至2024-11-30\n用户测试：2024-12-01至2024-12-20\n工具包量产：2025-02-01', '2025-07-14 19:28:28', '2025-07-14 19:28:28', 1);
INSERT INTO `competition` VALUES (58, '暗夜之光活体海报', 2, '使用发光藻类、荧光菌等生物材料制作可生长海报。要求建立可持续培育系统，作品在暗室持续发光30天以上。', '2025-02-01', '2025-02-28', '2025-03-20', 6, '1. 提供菌种培养方案\n2. 包含光照控制系统\n3. 提交生命周期记录', '生物工作坊开放：02-01至02-28\n海报创作：03-01至03-20\n暗室展览：04-10至05-25', '2025-07-14 19:31:26', '2025-07-14 19:31:26', 1);
INSERT INTO `competition` VALUES (59, '地壳脉搏科普海报', 4, '将地震波数据转化为动态视觉预警系统，要求海报能通过机械装置模拟不同震级波动。联合中国地震局提供实时数据接口。', '2023-10-10', '2023-10-25', '2023-12-01', 4, '1. 集成传感器装置\n2. 标注板块运动矢量\n3. 提供应急避难指引', '地质讲座：10-15\n海报提交：10-10至10-25\n科普巡展：12-10至01-10', '2025-07-14 19:46:54', '2025-07-14 19:46:54', 1);
INSERT INTO `competition` VALUES (60, '指尖视野触觉设计', 5, '为视障人群设计可触摸海报，通过材料肌理、盲文点位和热感油墨传递信息。要求蒙眼测试通过率达90%以上。', '2024-12-01', '2024-12-15', '2024-12-31', 3, '1. 使用3D打印技术\n2. 包含温度变化设计\n3. 提交触觉测试报告', '触觉训练：12-05\n创作期：12-16至12-31\n无障碍展览：2025-02-01', '2025-07-14 19:49:24', '2025-07-14 19:49:24', 1);
INSERT INTO `competition` VALUES (61, '时光修补古籍海报', 2, '以敦煌遗书、永乐大典等残卷为灵感，用现代设计语言呈现古籍修复过程。作品将在国家图书馆古籍馆展出。', '2025-01-05', '2025-01-25', '2025-02-15', 5, '1. 研究真实修复案例\n2. 使用矿物颜料创作\n3. 提交数字化修复方案', '古籍研习：01-10\n残卷临摹：01-05至01-25\n现代转译：01-26至02-15\n特展布展：03-20至04-18', '2025-07-14 19:55:01', '2025-07-14 19:55:01', 1);
INSERT INTO `competition` VALUES (62, '冰穹之下极地海报', 3, '展现北极科考前沿成果，主题包括冰芯研究、极光监测、物种迁徙等。获中国第13次北极科考队影像授权。', '2024-08-20', '2024-09-01', '2024-10-05', 3, '1. 包含温变油墨效果\n2. 标注科研站GPS坐标\n3. 提交气候数据验证', '科考讲座：08-25\n素材获取：08-20至09-01\n创作期：09-02至10-05\n极地主题馆：11-10至12-10', '2025-07-14 19:59:34', '2025-07-14 19:59:34', 1);
INSERT INTO `competition` VALUES (63, '蔚蓝行动：环境保护海报设计大赛', 3, '聚焦全球海洋塑料污染危机，征集具有行动号召力的创意海报。要求作品揭示塑料垃圾对海洋生态的破坏（如微塑料进入食物链），并展示再生塑料的创新应用方案。获奖作品将联合Ocean Cleanup组织在环太平洋国家巡展，优秀方案获得再生材料创业孵化支持。', '2025-06-15', '2025-07-09', '2025-07-14', 2, '1. 必须包含真实污染数据可视化\n2. 使用再生材料制作实体海报\n3. 提供扫码参与的净滩行动地图\n4. 提交塑料再生产品设计提案', '海洋数据工作坊：06-17\n创作期：06-15至07-14\n公众投票：07-15至07-20\n专家评审：07-21至07-25\n国际巡展启动：12-08', '2025-07-14 20:04:56', '2025-07-14 20:18:41', 1);
INSERT INTO `competition` VALUES (70, '“绿色家园・低碳生活” 环保主题创意海报竞赛', 3, '本次竞赛以 “绿色家园・低碳生活” 为核心主题，旨在通过海报设计的艺术形式，传递环保理念，唤起公众对生态环境的关注与重视。鼓励参赛者围绕节能减排、垃圾分类、生物多样性保护、绿色出行等环保话题进行创作，用创意视觉语言展现环保的重要性与紧迫性。', '2026-02-14', '2026-02-24', '2026-03-14', 3, '1. 作品需紧扣 “绿色家园・低碳生活” 主题，内容积极向上，具有较强的感染力\n2. 提交格式为 JPG 或 PNG，分辨率≥300dpi，单张大小≤20MB\n3. 须为原创作品，无版权纠纷且未在其他赛事中获奖\n4. 个人或团队限投 3 件，发送作品及登记表至指定邮箱，邮件主题为 “绿色家园环保海报竞赛 + 作品名 + 作者 + 电话”。', '1. 作品征集：2026 年 2 月 14 日 - 2026 年 3 月 14 日\n2. 初评：2026 年 3 月下旬\n3. 复评：2026 年 4 月上旬\n4. 线上展览及投票：2026 年 4 月中旬 - 4 月下旬\n5. 终评及颁奖：2026 年 5 月中旬。', '2025-07-14 21:50:22', '2025-07-14 21:50:22', 0);
INSERT INTO `competition` VALUES (71, '“视界无界”2025全球海报创意大赛', 1, '在视觉传达的浪潮中，海报是跨越语言与文化的通用符号。本届大赛以 “视界无界” 为主题，面向全球设计师征集突破地域、媒介与思维界限的创意作品。我们期待你用线条、色彩与构图重新定义视觉表达的疆域——无论是数字艺术的先锋实验，还是传统美学的当代焕新，只要敢于打破桎梏，皆可在此绽放光芒！', '2025-09-01', '2025-09-10', '2025-09-30', 3, '参赛对象：专业设计师/设计院校师生/独立创作人（不限国籍年龄）\n\n作品要求：\n\n原创未发表作品，需体现“无界”主题内涵\n\n允许使用AI辅助工具，但需标注技术流程\n\n禁止行为：\n\n抄袭、一稿多投、往届获奖作品重复提交', '初选阶段（2025.10.01-10.10）：\n提交概念草图（尺寸不限）+ 200字设计说明\n\n深化阶段（2025.10.15-10.25）：\n入围者完善作品（最终稿需符合 A1竖版/300dpi 标准）\n\n全球终评（2025.12.12）：\n国际评审团现场答辩（线上/线下可选）', '2025-07-15 09:18:47', '2025-07-15 09:18:47', 0);
INSERT INTO `competition` VALUES (72, '“一纸万象”海报艺术创作争霸赛', 2, '纸张是文明最初的载体，亦是设计最本真的舞台。本届大赛以 “一纸万象” 为命题，呼唤设计师回归纸质媒介的原始魅力，在方寸之间构建无限可能。无论是水墨丹青的东方气韵、立体纸艺的空间解构，还是环保再生的材料实验，我们期待每一张海报都成为纸与想象力的共生体，重新定义平面艺术的维度。', '2025-09-05', '2025-09-10', '2025-10-05', 3, '创作自由：\n主题不限，但需体现“纸”的物理特性（褶皱/透光/纤维等）\n支持混合媒介（墨、矿物颜料、植物染色等）\n\n绝对禁忌：\n不可使用纯数字虚拟作品\n禁止破坏文物级纸张（需提供材料来源证明）', '1. 初阶·纸韵（2025.09.05-09.25）  \n   → 提交A3尺寸纸质小稿 + 500字创作手记  \n2. 进阶·造境（2025.09.25-10.05）  \n   → 晋级者制作A1成品（允许拼贴/镂空/立体结构）  \n3. 终决·万象（2025.10.15）  \n   → 线下展厅实物陈列 + 现场创作答辩  ', '2025-07-15 09:36:16', '2025-07-15 09:36:16', 0);
INSERT INTO `competition` VALUES (73, '光影律动海报设计大赛', 5, '探索光影变化与空间节奏的视觉关系，用几何抽象表现时间流动性。联合天文馆进行观众视觉追踪实验。', '2025-08-01', '2025-12-25', '2025-12-30', 8, '1.仅使用黑白灰三色\n2. 必须包含动态错觉元素\n3. 提交视觉焦点热力图报告', '光学实验室体验日：08-01 \n创作期：08-01至12-25 \n院士评审：12-25至12-30\n成果展：2025-12-31', '2025-07-25 20:02:12', '2025-07-25 20:02:12', 0);
INSERT INTO `competition` VALUES (74, '声波可视化设计大赛', 4, '将音频频率转化为视觉振动图谱，研究声音与色彩的神经关联性。配备声学传感器捕捉观众生理反馈。', '2025-07-24', '2025-11-10', '2025-11-30', 5, '1.限定频段对应色谱（20Hz-20KHz）\n2. 禁止使用文字元素\n3. 提交脑波同步率检测记录', '声学工作坊：07-24 \n创作期：07-24 至11-10 \n跨界评审：11-10 至11-20\n交响展演：2025-11-21', '2025-07-25 20:05:35', '2025-07-25 20:05:35', 0);
INSERT INTO `competition` VALUES (75, '触觉记忆海报挑战赛', 2, '通过纹理视觉化唤醒触觉记忆，探究材质联想与情感唤起机制。使用眼动仪记录观众潜意识注视轨迹。', '2025-07-09', '2025-11-01', '2025-12-01', 7, '1.采用单材质表现（木/石/布等）\n2. 需包含隐藏触觉符号 \n3. 提交皮肤电反应测试数据', '材质图书馆日：07-09\n创作期：07-09至11-01 \n盲审阶段：11-01至12-01 \n触感艺术节：2025-12-05', '2025-07-25 20:07:57', '2025-07-25 20:07:57', 0);
INSERT INTO `competition` VALUES (76, '嗅觉色谱设计大赛', 5, '建立气味与色彩的心理通感模型，用抽象图形表现气味层次。配合嗅觉实验室进行多感官融合测试。', '2025-07-10', '2025-10-25', '2025-11-25', 6, '1.绑定基础气味类型（果香/木质/草本等） \n2.禁用具体物象轮廓 \n3.提交联想关联度分析表', '调香工作坊：07-10\n创作期：07-10至10-25\n感官评审：10-25至11-25 \n气味画廊：2025-11-27', '2025-07-25 20:10:05', '2025-07-25 20:10:05', 0);
INSERT INTO `competition` VALUES (77, '重力视觉化创意赛', 4, '用平面构成表现重力场域动态，探索物理概念的情绪投射。通过VR设备收集观众平衡感应数据。', '2026-01-01', '2026-01-19', '2026-01-28', 9, '1.限定离心力/向心力单主题 \n2.必须体现失重感 \n3.提交前庭系统反应报告', '太空舱体验日：01-01\n创作期：01-01至01-19\n航天局评审：01-19至01-28\n宇宙艺术展：2026-02-01', '2025-07-25 20:12:31', '2025-07-25 20:13:00', 0);
INSERT INTO `competition` VALUES (78, '超维几何抽象大赛', 5, '探索n维空间在二维平面的拓扑投影原理，通过克莱因瓶、莫比乌斯环等非定向流形解构传统空间认知。联合中科院数学研究所，利用fMRI监测观众在观看高维降维图形时顶叶皮层激活模式，分析人类空间想象力阈值。要求作品将庞加莱猜想可视化，揭示紧致三维流形与三维球面的同胚映射关系，形成对抽象几何的神经美学诠释。', '2025-07-25', '2025-11-09', '2025-11-20', 15, '1.仅使用代数拓扑构图 \n2.禁止出现可测量尺度 \n3.提交空间认知差异报告', '非欧几何工作坊：11-10\n创作期：07-25至11-09\n菲尔兹奖评委团：11-09至11-20\n多维艺术展：2025-11-25', '2025-07-25 20:22:32', '2025-07-25 20:22:32', 0);
INSERT INTO `competition` VALUES (79, '生物光子创意赛', 4, '基于497种深海生物发光蛋白的光谱数据库，构建生物光通信的视觉转译系统。要求通过参数化设计模拟鞭毛藻脉冲信号、深海萤乌贼反捕食光爆等自然现象，展现波长（450-620nm）与发光频率（0.1-100Hz）的耦合关系。配备高精度光谱分析仪，记录观众虹膜锥细胞对不同生物冷光的兴奋曲线，验证视觉-生物光子学的神经编码机制。', '2025-07-25', '2025-11-12', '2025-11-27', 10, '1.限定生物冷光色谱 \n2.需包含脉冲频率可视化 \n3.提交视锥细胞兴奋曲线', '深海科考数据共享：07-25\n创作期：07-25至11-12\nMIT媒体实验室评审：11-12至11-27\n深蓝科技展：11-30', '2025-07-25 20:24:52', '2025-07-25 20:24:52', 0);
INSERT INTO `competition` VALUES (80, '熵增美学挑战赛', 1, '以热力学第二定律为框架，用视觉元素演绎孤立系统从有序到混沌的不可逆过程。要求作品通过像素熵值算法生成信息混乱度梯度，模拟玻尔兹曼熵增曲线。联合清华大学热力学实验室，通过EEG捕捉观众观看熵变过程时的前额叶皮层θ波震荡，分析人类对无序化的焦虑阈值与美学接受度关联模型。', '2025-07-23', '2025-11-20', '2025-12-10', 7, '1.呈现麦克斯韦妖思想实验 \n2.必须包含相变临界点标识 \n3.提交脑电复杂度分析报告', '热力学第二定律研讨会：07-23\n创作期：07-23至11-20\n跨学科院士评审团：11-20至12-10\n熵变艺术节：2025-12-20', '2025-07-25 20:27:22', '2025-07-25 20:27:22', 0);
INSERT INTO `competition` VALUES (81, '神经漫游创意赛', 3, '构建从清醒态（β波主导）到快速眼动睡眠（θ/δ波混合）的神经过渡图谱。要求通过动态图形表现默认模式网络（DMN）与背侧注意网络（DAN）的激活竞争，可视化乙酰胆碱与伽马氨基丁酸的神经递质平衡。使用7T超高场磁共振实时扫描观众脑区血氧水平依赖（BOLD）信号，绘制梦境创造的楔前叶-海马体神经回路映射模型。', '2025-07-01', '2025-11-15', '2025-12-10', 8, '1.动态呈现睡眠纺锤波 \n2.禁用现实场景元素 \n3.提交DMN网络激活时空报告', '脑科学峰会：07-01\n创作期：07-01至11-15\n国际脑计划联盟评审：11-15至12-10\n意识宇宙展：2025-12-20', '2025-07-25 20:29:33', '2025-07-25 20:29:33', 0);
INSERT INTO `competition` VALUES (82, '动态情绪可视化海报大赛', 2, '探索非叙事性图形对七种核心情绪（愉悦/愤怒/悲伤等）的映射关系，要求通过动态海报（GIF/视频格式）表现情绪转化过程。参赛者需基于国际情绪图片库(IAPS)数据，运用色彩频率与运动轨迹触发观众生理反应。联合神经美学实验室，通过眼动仪记录海报注视轨迹与情绪唤醒度的相关性。', '2025-07-10', '2025-12-10', '2025-12-20', 8, '静态版：A1尺寸(594×841mm)/CMYK/300dpi\n动态版：1920×1080px/30fps/≤15秒\n\n① 单主色系+双辅助色 \n② 禁用文字及人脸 \n③ 附眼动热力图分析报告', '情绪工作坊：07-10\n创作期：07-10至12-10\nMoMA策展人评审团：12-10至12-20\n数字艺术双年展：2025-12-28', '2025-07-25 20:34:20', '2025-07-25 20:34:20', 0);
INSERT INTO `competition` VALUES (83, '城市声景数据海报赛', 4, '将城市声音景观（交通声/人声/自然声）转化为可交互海报，通过扫码触发AR声波可视化。要求基于声压级频谱分析数据，用参数化图形表现不同时段声场变化，揭示噪音污染与城市情绪的关联机制。提供全球20个城市分贝数据库供创作参考。', '2025-06-10', '2025-12-05', '2025-12-15', 6, '主视觉：A0尺寸(841×1189mm)\nAR层：Unity开发包/支持ARKit&ARCore\n\n① 至少融合3类声源波形 \n② 需包含日夜模式切换 \n③ 提交声景情感联想测试数据', '声学API开放：06-10\n创作期：06-10至12-05\n联合国人居署评审：12-05至12-15\n智慧城市博览会：2025-12-20', '2025-07-25 20:36:50', '2025-07-25 20:36:50', 0);
INSERT INTO `competition` VALUES (84, '生物拟态公益海报赛', 3, '以濒危生物保护为主题，运用仿生设计学原理创作公益海报。要求提取穿山甲鳞片结构、雪豹斑纹等生物特征，通过分形算法生成视觉符号，唤起公众生态保护意识。合作WWF提供100+物种肌理扫描文件。', '2025-07-03', '2025-11-15', '2025-12-10', 8, '双版本：户外广告版(3×6m)/社交媒体版(1080×1350px)\n必须包含可缩放矢量元素\n\n① 生物特征抽象化重组 \n② 植入隐藏生存危机符号 \n③ 提交公众认知度调研问卷', '生物图谱工作坊：07-03\n创作期：07-03至11-15\n自然杂志科学可视化团队评审：11-15至12-10\n地球日巡展：2025-12-18', '2025-07-25 20:40:28', '2025-07-25 20:40:46', 0);
INSERT INTO `competition` VALUES (85, '字体情感化海报实验', 5, '探索非语言文字的字体情绪表达，通过笔画解构与重组传递七种心理状态。要求创作三组系列海报（每组7张），验证同一字形结构在不同空间排布下引发的情绪差异。配备面部编码分析系统(FACS)捕捉观众微表情反馈。', '2025-07-08', '2025-11-28', '2025-11-30', 10, '方形画布(1200×1200px)\n仅使用黑白灰三色\n\n① 自创无语义字体系统 \n② 笔划元素≤5类 \n③ 提交微表情识别率报告', '字体实验室：07-08\n创作期：07-08至11-28\nAGI国际平面设计联盟评审：11-28至11-30\n东京TDC年展：2025-11-30', '2025-07-25 20:42:38', '2025-07-25 21:54:44', 0);
INSERT INTO `competition` VALUES (86, '海洋之声——濒危海洋生物声波可视化计划', 3, '提取座头鲸歌声、珊瑚礁生物声呐等濒危海洋生物声波特征，通过声纹可视化算法生成动态海报。要求将声波频谱转化为流体艺术图形，融合海洋塑料污染数据层，揭示人类活动对深海生态的侵蚀。合作机构提供声学数据库及污染热力图。', '2025-08-01', '2025-11-20', '2025-12-15', 8, '巨幕投影版(3840×2160px)\n互动网页版(1200×630px) \n\n① 声波-流体动态转化系统 \n② 隐藏污染数据叠加层 \n③ 提交声纹科普动画脚本', '声学实验室体验日：08-01 \n创作期：08-01至11-20 \n国家海洋技术中心评审：11-20至12-15 \n蓝色经济论坛展映：2025-12-22', '2025-07-26 23:27:50', '2025-07-26 23:28:47', 0);
INSERT INTO `competition` VALUES (87, '迁徙密码——候鸟濒危航线图腾计划', 3, '基于东亚-澳大利西亚候鸟迁飞路线大数据，运用拓扑算法将中华凤头燕鸥、黑脸琵鹭等濒危物种的迁徙轨迹转化为几何图腾。要求融合栖息地卫星遥感图斑，通过负空间设计揭示湿地消亡危机。合作UNEP提供迁徙路径动态地图。', '2025-07-28', '2025-11-10', '2025-12-05', 8, '机场廊桥灯箱版(6×3m)\n电子护照封面版(1000×700px) \n\n① 动态迁徙拓扑图 \n② 栖息地消逝警示负形 \n③ 提交航线保护倡议书', '鸟类环志站实践：07-28 \n创作期：07-28至11-10 \n国际鸟盟科学家评审：11-10至12-05 \n全球候鸟日主题展：2025-12-12', '2025-07-26 23:30:47', '2025-07-27 21:27:42', 0);
INSERT INTO `competition` VALUES (88, '菌脉共生——地下生态网络启示录', 2, '以云南松露、发光真菌等濒危地下生物为原型，通过菌丝网络分形结构生成共生系统视觉符号。要求结合森林火险遥感数据，用热力图渐变算法呈现生态链断裂危机。中科院昆明植物所提供菌群显微扫描图。', '2025-07-30', '2025-11-25', '2025-12-18', 6, '地铁隧道墙贴版(100×4m)\n菌菇包装盒版(200×200mm) \n\n① 发光菌丝生长模拟系统 \n② 火灾侵蚀动态警示层 \n③ 提交土壤健康科普卡', '高原生态科考营：07-30 \n创作期：07-30至11-25 \n联合国粮农组织评审：11-25至12-18 \n生物多样性大会特展：2025-12-25', '2025-07-26 23:32:04', '2025-07-27 21:26:09', 0);
INSERT INTO `competition` VALUES (89, '极地回响——冰川消融视觉档案', 4, '提取北极熊掌纹、企鹅羽毛等极地生物肌理，结合冰川裂缝分形数据生成动态海报。运用冰晶生成算法模拟消融过程，要求植入海平面上升预测编码图。合作NASA提供30年冰川卫星对比影像。', '2025-07-31', '2025-11-30', '2025-12-22', 10, '科考船外舷版(12×8m)\nAR明信片版(800×1200px) \n\n① 实时冰川数据可视化 \n② 消融倒计时隐藏图层 \n③ 提交极地居民口述史', '虚拟极地科考：07-31 \n创作期：07-31至11-30 \n世界气象组织评审：11-30至12-22 \n联合国气候大会展：2025-12-28', '2025-07-26 23:34:22', '2025-07-26 23:34:22', 0);
INSERT INTO `competition` VALUES (90, '复眼启示录——昆虫灭绝预警系统', 1, '以金斑喙凤蝶复眼结构、蜜蜂复眼视觉为原型，运用多焦点透视算法创作全景海报。要求将农药残留数据转化为侵蚀性视觉符号，通过晶格畸变表现种群崩溃危机。剑桥昆虫研究所提供显微成像数据库。', '2025-08-05', '2025-11-18', '2025-12-12', 6, '农业博览会穹顶投影版(360°全景)\n显微观察APP启动页版(1125×2436px) \n\n① 复眼晶格动态生成器 \n② 农药扩散模拟路径 \n③ 提交授粉生态报告', '电子显微镜工作坊：08-05 \n创作期：08-05至11-18 \n英国皇家昆虫学会评审：11-18至12-12 \n世界土壤日特展：2025-12-19', '2025-07-26 23:36:09', '2025-07-26 23:36:09', 0);

-- ----------------------------
-- Table structure for competition_category
-- ----------------------------
DROP TABLE IF EXISTS `competition_category`;
CREATE TABLE `competition_category`  (
  `id` int NOT NULL AUTO_INCREMENT COMMENT '竞赛分类id',
  `name` varchar(50) CHARACTER SET utf8mb4 COLLATE utf8mb4_0900_ai_ci NULL DEFAULT '123' COMMENT '竞赛分类名称id',
  `create_time` datetime NOT NULL COMMENT '创建时间',
  `update_time` datetime NOT NULL COMMENT '更新时间',
  PRIMARY KEY (`id`) USING BTREE
) ENGINE = InnoDB AUTO_INCREMENT = 6 CHARACTER SET = utf8mb4 COLLATE = utf8mb4_0900_ai_ci ROW_FORMAT = Dynamic;

-- ----------------------------
-- Records of competition_category
-- ----------------------------
INSERT INTO `competition_category` VALUES (1, '竞赛类海报', '2025-07-04 10:53:24', '2025-07-04 10:53:27');
INSERT INTO `competition_category` VALUES (2, '创意类海报', '2025-07-04 11:17:29', '2025-07-04 11:17:31');
INSERT INTO `competition_category` VALUES (3, '环保类海报', '2025-07-05 14:03:36', '2025-07-05 14:03:38');
INSERT INTO `competition_category` VALUES (4, '科技类海报', '2025-07-05 14:04:27', '2025-07-05 14:04:28');
INSERT INTO `competition_category` VALUES (5, '抽象类海报', '2025-07-05 14:07:10', '2025-07-05 14:07:12');

-- ----------------------------
-- Table structure for competition_team
-- ----------------------------
DROP TABLE IF EXISTS `competition_team`;
CREATE TABLE `competition_team`  (
  `id` int NOT NULL AUTO_INCREMENT COMMENT '竞赛队伍主键',
  `competition_id` int NOT NULL COMMENT '竞赛id',
  `team_id` int NOT NULL COMMENT '队伍id',
  `create_time` datetime NOT NULL COMMENT '创建时间',
  `update_time` datetime NOT NULL COMMENT '更新时间',
  PRIMARY KEY (`id`) USING BTREE
) ENGINE = InnoDB AUTO_INCREMENT = 105 CHARACTER SET = utf8mb4 COLLATE = utf8mb4_0900_ai_ci ROW_FORMAT = Dynamic;

-- ----------------------------
-- Records of competition_team
-- ----------------------------
INSERT INTO `competition_team` VALUES (46, 4, 336, '2025-07-14 06:41:30', '2025-07-14 06:41:30');
INSERT INTO `competition_team` VALUES (47, 63, 337, '2025-07-14 20:16:35', '2025-07-14 20:16:35');
INSERT INTO `competition_team` VALUES (48, 63, 340, '2025-07-14 20:50:36', '2025-07-14 20:50:36');
INSERT INTO `competition_team` VALUES (49, 63, 341, '2025-07-14 20:52:47', '2025-07-14 20:52:47');
INSERT INTO `competition_team` VALUES (50, 63, 342, '2025-07-14 20:55:02', '2025-07-14 20:55:02');
INSERT INTO `competition_team` VALUES (51, 63, 343, '2025-07-14 20:56:22', '2025-07-14 20:56:22');
INSERT INTO `competition_team` VALUES (52, 63, 344, '2025-07-14 20:59:33', '2025-07-14 20:59:33');
INSERT INTO `competition_team` VALUES (53, 63, 345, '2025-07-14 21:00:34', '2025-07-14 21:00:34');
INSERT INTO `competition_team` VALUES (54, 63, 346, '2025-07-14 21:01:40', '2025-07-14 21:01:40');
INSERT INTO `competition_team` VALUES (55, 63, 347, '2025-07-14 21:03:21', '2025-07-14 21:03:21');
INSERT INTO `competition_team` VALUES (56, 63, 348, '2025-07-14 21:08:02', '2025-07-14 21:08:02');
INSERT INTO `competition_team` VALUES (57, 63, 349, '2025-07-14 21:09:23', '2025-07-14 21:09:23');
INSERT INTO `competition_team` VALUES (58, 63, 350, '2025-07-14 21:11:03', '2025-07-14 21:11:03');
INSERT INTO `competition_team` VALUES (59, 63, 351, '2025-07-14 21:12:24', '2025-07-14 21:12:24');
INSERT INTO `competition_team` VALUES (60, 63, 362, '2025-07-15 10:10:13', '2025-07-15 10:10:13');
INSERT INTO `competition_team` VALUES (61, 63, 363, '2025-07-15 10:11:44', '2025-07-15 10:11:44');
INSERT INTO `competition_team` VALUES (62, 69, 361, '2025-07-15 10:12:22', '2025-07-15 10:12:22');
INSERT INTO `competition_team` VALUES (63, 63, 364, '2025-07-15 10:12:54', '2025-07-15 10:12:54');
INSERT INTO `competition_team` VALUES (64, 63, 367, '2025-07-15 10:16:04', '2025-07-15 10:16:04');
INSERT INTO `competition_team` VALUES (65, 63, 368, '2025-07-15 10:17:08', '2025-07-15 10:17:08');
INSERT INTO `competition_team` VALUES (66, 68, 361, '2025-07-15 10:18:40', '2025-07-15 10:18:40');
INSERT INTO `competition_team` VALUES (67, 63, 369, '2025-07-15 10:18:49', '2025-07-15 10:18:49');
INSERT INTO `competition_team` VALUES (68, 63, 370, '2025-07-15 10:22:17', '2025-07-15 10:22:17');
INSERT INTO `competition_team` VALUES (69, 63, 371, '2025-07-15 10:23:48', '2025-07-15 10:23:48');
INSERT INTO `competition_team` VALUES (70, 63, 372, '2025-07-15 10:46:50', '2025-07-15 10:46:50');
INSERT INTO `competition_team` VALUES (71, 44, 373, '2025-07-15 10:52:01', '2025-07-15 10:52:01');
INSERT INTO `competition_team` VALUES (72, 44, 374, '2025-07-15 10:53:59', '2025-07-15 10:53:59');
INSERT INTO `competition_team` VALUES (73, 69, 352, '2025-07-15 13:56:00', '2025-07-15 13:56:00');
INSERT INTO `competition_team` VALUES (74, 63, 377, '2025-07-15 14:25:44', '2025-07-15 14:25:44');
INSERT INTO `competition_team` VALUES (75, 63, 378, '2025-07-15 14:33:15', '2025-07-15 14:33:15');
INSERT INTO `competition_team` VALUES (76, 63, 379, '2025-07-15 14:37:19', '2025-07-15 14:37:19');
INSERT INTO `competition_team` VALUES (77, 63, 380, '2025-07-15 14:47:30', '2025-07-15 14:47:30');
INSERT INTO `competition_team` VALUES (78, 63, 381, '2025-07-15 14:52:46', '2025-07-15 14:52:46');
INSERT INTO `competition_team` VALUES (79, 63, 382, '2025-07-15 14:56:37', '2025-07-15 14:56:37');
INSERT INTO `competition_team` VALUES (80, 63, 383, '2025-07-15 14:59:38', '2025-07-15 14:59:38');
INSERT INTO `competition_team` VALUES (81, 63, 384, '2025-07-15 15:02:54', '2025-07-15 15:02:54');
INSERT INTO `competition_team` VALUES (82, 36, 386, '2025-07-15 16:08:57', '2025-07-15 16:08:57');
INSERT INTO `competition_team` VALUES (83, 54, 386, '2025-07-15 16:22:59', '2025-07-15 16:22:59');
INSERT INTO `competition_team` VALUES (84, 47, 386, '2025-07-15 16:23:39', '2025-07-15 16:23:39');
INSERT INTO `competition_team` VALUES (85, 56, 386, '2025-07-15 16:24:31', '2025-07-15 16:24:31');
INSERT INTO `competition_team` VALUES (86, 52, 339, '2025-07-15 18:31:24', '2025-07-15 18:31:24');
INSERT INTO `competition_team` VALUES (87, 52, 389, '2025-07-15 19:24:45', '2025-07-15 19:24:45');
INSERT INTO `competition_team` VALUES (89, 52, 392, '2025-07-16 15:31:41', '2025-07-16 15:31:41');
INSERT INTO `competition_team` VALUES (92, 48, 393, '2025-07-16 16:04:16', '2025-07-16 16:04:16');
INSERT INTO `competition_team` VALUES (93, 38, 394, '2025-07-25 13:12:59', '2025-07-25 13:12:59');
INSERT INTO `competition_team` VALUES (94, 87, 393, '2025-07-31 20:00:35', '2025-07-31 20:00:35');
INSERT INTO `competition_team` VALUES (95, 89, 393, '2025-08-13 12:14:28', '2025-08-13 12:14:28');
INSERT INTO `competition_team` VALUES (96, 89, 394, '2025-08-13 12:14:40', '2025-08-13 12:14:40');
INSERT INTO `competition_team` VALUES (97, 89, 376, '2025-08-13 12:15:05', '2025-08-13 12:15:05');
INSERT INTO `competition_team` VALUES (98, 89, 392, '2025-08-13 12:16:08', '2025-08-13 12:16:08');
INSERT INTO `competition_team` VALUES (101, 83, 395, '2025-08-13 12:26:46', '2025-08-13 12:26:46');
INSERT INTO `competition_team` VALUES (102, 81, 395, '2025-08-13 12:31:01', '2025-08-13 12:31:01');
INSERT INTO `competition_team` VALUES (103, 78, 395, '2025-08-13 12:32:03', '2025-08-13 12:32:03');
INSERT INTO `competition_team` VALUES (104, 85, 393, '2025-08-13 12:48:18', '2025-08-13 12:48:18');

-- ----------------------------
-- Table structure for image
-- ----------------------------
DROP TABLE IF EXISTS `image`;
CREATE TABLE `image`  (
  `id` int NOT NULL AUTO_INCREMENT COMMENT '图片表主键',
  `url` varchar(150) CHARACTER SET utf8mb4 COLLATE utf8mb4_0900_ai_ci NOT NULL COMMENT '图片地址',
  `category` int NOT NULL COMMENT '该图片作用于哪张表（0表示竞赛表、1表示通知表、2表示新闻表）',
  `image_id` int NOT NULL COMMENT '该图片具体作用于哪条记录',
  `create_time` datetime NOT NULL COMMENT '记录创建时间',
  `update_time` datetime NOT NULL COMMENT '记录更新时间',
  PRIMARY KEY (`id`) USING BTREE,
  INDEX `image_select_index`(`url` ASC, `category` ASC, `image_id` ASC) USING BTREE
) ENGINE = InnoDB AUTO_INCREMENT = 453 CHARACTER SET = utf8mb4 COLLATE = utf8mb4_0900_ai_ci ROW_FORMAT = Dynamic;

-- ----------------------------
-- Records of image
-- ----------------------------
INSERT INTO `image` VALUES (138, 'http://122.51.51.36:9000/poster-design/20250714/f4696bbb-3527-42e5-ac4e-d4064073bec9-thumb_work61.jpg', 0, 20, '2025-07-14 06:19:26', '2025-07-14 06:19:26');
INSERT INTO `image` VALUES (139, 'http://122.51.51.36:9000/poster-design/20250714/fb5b6551-503e-4201-9f3c-48336371c364-thumb_work45.jpg', 0, 20, '2025-07-14 06:19:26', '2025-07-14 06:19:26');
INSERT INTO `image` VALUES (140, 'http://122.51.51.36:9000/poster-design/20250714/c5d19550-49b6-4aa5-879f-21d0be0836ad-thumb_work57.jpg', 0, 20, '2025-07-14 06:19:26', '2025-07-14 06:19:26');
INSERT INTO `image` VALUES (141, 'http://122.51.51.36:9000/poster-design/20250714/d11b3ff6-a98a-44e1-898d-9cdc712a38a1-thumb_news10.jpg', 0, 35, '2025-07-14 07:38:04', '2025-07-14 07:38:04');
INSERT INTO `image` VALUES (142, 'http://122.51.51.36:9000/poster-design/20250714/7c1efb37-cb73-4f10-b83e-4c1ae37e591e-thumb_news1.jpg', 0, 35, '2025-07-14 07:38:04', '2025-07-14 07:38:04');
INSERT INTO `image` VALUES (144, 'http://122.51.51.36:9000/poster-design/20250714/ce9649d2-3e82-47b6-a108-af3db1cd5062-thumb_work56.jpg', 0, 38, '2025-07-14 16:26:39', '2025-07-14 16:26:39');
INSERT INTO `image` VALUES (145, 'http://122.51.51.36:9000/poster-design/20250714/ee57228d-0d23-41f3-b550-0b26633a6d88-thumb_5_right_jpg.rf.29c8c783da3de9e2d647453e54d4c355.jpg', 0, 40, '2025-07-14 16:35:06', '2025-07-14 16:35:06');
INSERT INTO `image` VALUES (146, 'http://122.51.51.36:9000/poster-design/20250714/828cb3ad-66d6-4178-8a75-998e444a74e0-thumb_work39.jpeg', 0, 43, '2025-07-14 18:26:46', '2025-07-14 18:26:46');
INSERT INTO `image` VALUES (147, 'http://122.51.51.36:9000/poster-design/20250714/e65d4cab-9171-4625-8315-e54c7487f2a5-thumb_news9.jpg', 0, 44, '2025-07-14 18:32:25', '2025-07-14 18:32:25');
INSERT INTO `image` VALUES (148, 'http://122.51.51.36:9000/poster-design/20250714/9823e2fc-cad3-478c-a674-d54e17334886-thumb_work41.jpeg', 0, 45, '2025-07-14 18:36:22', '2025-07-14 18:36:22');
INSERT INTO `image` VALUES (149, 'http://122.51.51.36:9000/poster-design/20250714/e0353915-7561-4b9c-8d9b-18f2edbf5b33-thumb_work38.jpg', 0, 46, '2025-07-14 18:40:33', '2025-07-14 18:40:33');
INSERT INTO `image` VALUES (150, 'http://122.51.51.36:9000/poster-design/20250714/79de1d07-f387-47f6-95f3-55c93c1fa406-thumb_work35.jpeg', 0, 47, '2025-07-14 18:46:27', '2025-07-14 18:46:27');
INSERT INTO `image` VALUES (151, 'http://122.51.51.36:9000/poster-design/20250714/1730ca89-b375-4298-9787-bb4085ad15c8-thumb_work40.jpeg', 0, 48, '2025-07-14 18:49:15', '2025-07-14 18:49:15');
INSERT INTO `image` VALUES (152, 'http://122.51.51.36:9000/poster-design/20250714/58ecb6f3-8942-447b-b90e-6460d1b3e847-thumb_work10.jpg', 0, 49, '2025-07-14 18:52:11', '2025-07-14 18:52:11');
INSERT INTO `image` VALUES (153, 'http://122.51.51.36:9000/poster-design/20250714/a1c3b9a2-f897-4f26-9fbe-7a66f2c752ff-thumb_work62.jpg', 0, 50, '2025-07-14 18:54:40', '2025-07-14 18:54:40');
INSERT INTO `image` VALUES (154, 'http://122.51.51.36:9000/poster-design/20250714/78598ac9-ea34-4968-bc8e-346e053825e3-thumb_work45.jpg', 0, 51, '2025-07-14 18:59:10', '2025-07-14 18:59:10');
INSERT INTO `image` VALUES (156, 'http://122.51.51.36:9000/poster-design/20250714/ffca9584-a35a-406f-ae5c-f211e54e0068-thumb_ai_9.png', 0, 53, '2025-07-14 19:07:30', '2025-07-14 19:07:30');
INSERT INTO `image` VALUES (157, 'http://122.51.51.36:9000/poster-design/20250714/5e12d646-f987-4a5d-a411-9ed028aaf862-thumb_光之漩涡光影，橘黄色灯带营造出的漩涡光影.jpg', 0, 54, '2025-07-14 19:19:14', '2025-07-14 19:19:14');
INSERT INTO `image` VALUES (158, 'http://122.51.51.36:9000/poster-design/20250714/31c0519b-6d46-4550-b6cc-fb5c1ed89644-thumb_work6.jpg', 0, 55, '2025-07-14 19:21:44', '2025-07-14 19:21:44');
INSERT INTO `image` VALUES (159, 'http://122.51.51.36:9000/poster-design/20250714/1cf3e71d-eb16-40b6-aa4a-4aa2ad017f41-thumb_competition27.jpg', 0, 56, '2025-07-14 19:24:28', '2025-07-14 19:24:28');
INSERT INTO `image` VALUES (160, 'http://122.51.51.36:9000/poster-design/20250714/83c35a16-bbf4-4e83-b2e1-e4346de1a65b-thumb_news3.jpg', 0, 57, '2025-07-14 19:28:28', '2025-07-14 19:28:28');
INSERT INTO `image` VALUES (161, 'http://122.51.51.36:9000/poster-design/20250714/549bfe3a-90af-43d8-9c89-0ddefc8d2e8d-thumb_ai_5.png', 0, 58, '2025-07-14 19:31:26', '2025-07-14 19:31:26');
INSERT INTO `image` VALUES (162, 'http://122.51.51.36:9000/poster-design/20250714/fef40d7e-2e38-4358-96da-04d0aca96232-thumb_work15.jpg', 0, 59, '2025-07-14 19:46:54', '2025-07-14 19:46:54');
INSERT INTO `image` VALUES (163, 'http://122.51.51.36:9000/poster-design/20250714/07d1e1ca-ab83-4495-af21-80022c762954-thumb_ai_54.png', 0, 60, '2025-07-14 19:49:24', '2025-07-14 19:49:24');
INSERT INTO `image` VALUES (164, 'http://122.51.51.36:9000/poster-design/20250714/c6d025aa-a8a8-47bd-af6d-184a4429b9d8-thumb_OIP-C.jpg', 0, 61, '2025-07-14 19:55:01', '2025-07-14 19:55:01');
INSERT INTO `image` VALUES (165, 'http://122.51.51.36:9000/poster-design/20250714/3d7f0078-5c46-47c9-a267-ea650cccd97c-thumb_OIP-C (1).jpg', 0, 62, '2025-07-14 19:59:34', '2025-07-14 19:59:34');
INSERT INTO `image` VALUES (166, 'http://122.51.51.36:9000/poster-design/20250714/0695e6e2-e993-4a53-8c25-0fbb4e6947db-thumb_work8.jpg', 0, 63, '2025-07-14 20:18:42', '2025-07-14 20:18:42');
INSERT INTO `image` VALUES (168, 'http://122.51.51.36:9000/poster-design/20250714/5cd8aacf-6274-437b-ad73-5a09634a0d3a-thumb_3E5FC231693BA85478C05B712AB_CFD2D4FC_3A0F3.jpg', 0, 64, '2025-07-14 21:21:57', '2025-07-14 21:21:57');
INSERT INTO `image` VALUES (169, 'http://122.51.51.36:9000/poster-design/20250714/6f82b328-1eef-4504-9922-454205123c77-thumb_2bef200b-5e3c-4611-8258-653ba30b985a.png', 0, 64, '2025-07-14 21:21:57', '2025-07-14 21:21:57');
INSERT INTO `image` VALUES (170, 'http://122.51.51.36:9000/poster-design/20250714/b6605dad-61b6-40a8-a63b-7342f6f1b1dd-thumb_3E5FC231693BA85478C05B712AB_CFD2D4FC_3A0F3.jpg', 0, 65, '2025-07-14 21:32:17', '2025-07-14 21:32:17');
INSERT INTO `image` VALUES (171, 'http://122.51.51.36:9000/poster-design/20250714/90e44725-725f-4404-ab13-93cb6ca20194-thumb_2bef200b-5e3c-4611-8258-653ba30b985a.png', 0, 66, '2025-07-14 21:37:17', '2025-07-14 21:37:17');
INSERT INTO `image` VALUES (173, 'http://122.51.51.36:9000/poster-design/20250714/7f349d74-483a-4621-afe9-67f3227571e7-thumb_2bef200b-5e3c-4611-8258-653ba30b985a.png', 0, 68, '2025-07-14 21:45:27', '2025-07-14 21:45:27');
INSERT INTO `image` VALUES (174, 'http://122.51.51.36:9000/poster-design/20250714/c1cf3455-a42e-4c5d-ab6f-668c19814881-thumb_3E5FC231693BA85478C05B712AB_CFD2D4FC_3A0F3.jpg', 0, 69, '2025-07-14 21:45:54', '2025-07-14 21:45:54');
INSERT INTO `image` VALUES (175, 'http://122.51.51.36:9000/poster-design/20250714/d60f653f-5027-4c18-8afc-ada6574e8a17-thumb_news10.jpg', 0, 70, '2025-07-14 21:50:22', '2025-07-14 21:50:22');
INSERT INTO `image` VALUES (177, 'http://122.51.51.36:9000/poster-design/20250715/40a46be7-3ea5-43de-a933-004229449871-thumb_work53.jpeg', 0, 71, '2025-07-15 09:18:47', '2025-07-15 09:18:47');
INSERT INTO `image` VALUES (180, 'http://122.51.51.36:9000/poster-design/20250715/6062c512-51db-4ebf-99cd-e852c1d6550a-thumb_ai_37.png', 0, 72, '2025-07-15 09:36:16', '2025-07-15 09:36:16');
INSERT INTO `image` VALUES (201, 'http://122.51.51.36:9000/poster-design/20250715/510b263f-914a-4c33-944f-2e4c9264e970-thumb_ai_3.png', 1, 23, '2025-07-15 09:52:12', '2025-07-15 09:52:12');
INSERT INTO `image` VALUES (202, 'http://122.51.51.36:9000/poster-design/20250715/bab5a100-1435-4d48-abf4-057b029fde2e-thumb_work53.jpeg', 1, 23, '2025-07-15 09:52:12', '2025-07-15 09:52:12');
INSERT INTO `image` VALUES (203, 'http://122.51.51.36:9000/poster-design/20250715/f9082347-0660-4dc8-a36b-0e900b9143d0-thumb_ai_12.png', 1, 23, '2025-07-15 09:52:12', '2025-07-15 09:52:12');
INSERT INTO `image` VALUES (204, 'http://122.51.51.36:9000/poster-design/20250715/ec72ba5c-8f39-4dba-9c0e-f5145b0d659e-thumb_work39.jpeg', 1, 25, '2025-07-15 09:53:02', '2025-07-15 09:53:02');
INSERT INTO `image` VALUES (205, 'http://122.51.51.36:9000/poster-design/20250715/16450307-992c-4948-a9c7-b0815ce5869d-thumb_work41.jpeg', 1, 25, '2025-07-15 09:53:02', '2025-07-15 09:53:02');
INSERT INTO `image` VALUES (206, 'http://122.51.51.36:9000/poster-design/20250715/cc19b121-fef9-4e79-bac5-55c1503bdfe7-thumb_work51.jpg', 1, 25, '2025-07-15 09:53:02', '2025-07-15 09:53:02');
INSERT INTO `image` VALUES (211, 'http://122.51.51.36:9000/poster-design/20250714/f993e126-bc50-477b-a16b-489a25fc66b1-thumb_news8.jpg', 1, 21, '2025-07-15 09:54:13', '2025-07-15 09:54:13');
INSERT INTO `image` VALUES (212, 'http://122.51.51.36:9000/poster-design/20250715/372acacf-f37b-4088-84df-c51049ddfa64-thumb_news3.jpg', 1, 21, '2025-07-15 09:54:13', '2025-07-15 09:54:13');
INSERT INTO `image` VALUES (213, 'http://122.51.51.36:9000/poster-design/20250715/2d8da5ef-c611-4d89-bead-0ca65428297e-thumb_competition15.jpg', 1, 21, '2025-07-15 09:54:13', '2025-07-15 09:54:13');
INSERT INTO `image` VALUES (217, 'http://122.51.51.36:9000/poster-design/20250714/9b3a17c7-0022-4165-8dfd-70555ff518bb-thumb_news10.jpg', 1, 22, '2025-07-15 09:56:17', '2025-07-15 09:56:17');
INSERT INTO `image` VALUES (218, 'http://122.51.51.36:9000/poster-design/20250715/1b7ed89c-7424-4f17-aece-cfe6f3430af3-thumb_news1.jpg', 1, 22, '2025-07-15 09:56:17', '2025-07-15 09:56:17');
INSERT INTO `image` VALUES (219, 'http://122.51.51.36:9000/poster-design/20250715/d2697836-9649-44c9-9b62-b72d198dfc4b-thumb_work27.png', 1, 22, '2025-07-15 09:56:17', '2025-07-15 09:56:17');
INSERT INTO `image` VALUES (220, 'http://122.51.51.36:9000/poster-design/20250715/081aa2fe-1644-4b13-9e5f-2b11df7d5f53-thumb_d8275141fb6b6dee709ed97d477dd66.jpg', 1, 22, '2025-07-15 09:56:17', '2025-07-15 09:56:17');
INSERT INTO `image` VALUES (221, 'http://122.51.51.36:9000/poster-design/20250715/33845675-2d9d-4146-9e17-e92e94ca36c1-thumb_a4d3530875ee49c6c6997bfbed84124.png', 1, 22, '2025-07-15 09:56:17', '2025-07-15 09:56:17');
INSERT INTO `image` VALUES (229, 'http://122.51.51.36:9000/poster-design/20250715/abf2b677-e757-4aee-9ffb-7472d1e21ae2-thumb_news1.jpg', 2, 14, '2025-07-15 14:15:16', '2025-07-15 14:15:16');
INSERT INTO `image` VALUES (230, 'http://122.51.51.36:9000/poster-design/20250715/30f50d46-a336-4ced-86cc-cc2ab7aabd00-thumb_ai2_38.png', 2, 14, '2025-07-15 14:15:16', '2025-07-15 14:15:16');
INSERT INTO `image` VALUES (231, 'http://122.51.51.36:9000/poster-design/20250715/028fa9fb-6d2d-43ff-8f17-27d52ff73f32-thumb_news10.jpg', 2, 14, '2025-07-15 14:15:16', '2025-07-15 14:15:16');
INSERT INTO `image` VALUES (232, 'http://122.51.51.36:9000/poster-design/20250715/82951ae5-8f14-4f8c-8c60-088421cf1b9a-thumb_competition10.jpg', 2, 14, '2025-07-15 14:15:16', '2025-07-15 14:15:16');
INSERT INTO `image` VALUES (233, 'http://122.51.51.36:9000/poster-design/20250715/8d95f45c-0253-4a22-a7b2-d5b2a9a1cd87-thumb_work2.png', 2, 14, '2025-07-15 14:15:16', '2025-07-15 14:15:16');
INSERT INTO `image` VALUES (234, 'http://122.51.51.36:9000/poster-design/20250715/77adbf97-74eb-4dd4-a76d-78f49690c2a8-thumb_work1.jpg', 2, 15, '2025-07-15 14:20:55', '2025-07-15 14:20:55');
INSERT INTO `image` VALUES (235, 'http://122.51.51.36:9000/poster-design/20250715/270c1d38-7394-44d9-a058-eb065440b5c9-thumb_work2.png', 2, 15, '2025-07-15 14:20:55', '2025-07-15 14:20:55');
INSERT INTO `image` VALUES (236, 'http://122.51.51.36:9000/poster-design/20250715/096b85a9-1d69-4f99-8680-89447ba579f1-thumb_work4.jpg', 2, 15, '2025-07-15 14:20:55', '2025-07-15 14:20:55');
INSERT INTO `image` VALUES (237, 'http://122.51.51.36:9000/poster-design/20250715/e659de4e-a2ca-492a-97c6-d55ebf429259-work23.jpg', 2, 15, '2025-07-15 14:20:55', '2025-07-15 14:20:55');
INSERT INTO `image` VALUES (238, 'http://122.51.51.36:9000/poster-design/20250715/5d239b22-7bd9-43a9-b720-533a8dcf0a0f-thumb_work56.jpg', 2, 15, '2025-07-15 14:20:55', '2025-07-15 14:20:55');
INSERT INTO `image` VALUES (240, 'http://122.51.51.36:9000/poster-design/20250714/e1cc1a6c-8f09-4627-aa77-8c2eb91336f9-thumb_news1.jpg', 2, 13, '2025-07-15 14:22:42', '2025-07-15 14:22:42');
INSERT INTO `image` VALUES (241, 'http://122.51.51.36:9000/poster-design/20250715/ab2d3792-3fd2-441a-8e27-c6fb87e189d3-thumb_work39.jpeg', 2, 13, '2025-07-15 14:22:42', '2025-07-15 14:22:42');
INSERT INTO `image` VALUES (242, 'http://122.51.51.36:9000/poster-design/20250715/88deaf5d-f481-456c-9957-8799f42ff98c-thumb_work41.jpeg', 2, 13, '2025-07-15 14:22:42', '2025-07-15 14:22:42');
INSERT INTO `image` VALUES (243, 'http://122.51.51.36:9000/poster-design/20250715/e5be53e0-be92-4f8d-b39e-a726dde8bb43-work23.jpg', 2, 13, '2025-07-15 14:22:42', '2025-07-15 14:22:42');
INSERT INTO `image` VALUES (244, 'http://122.51.51.36:9000/poster-design/20250715/95d992e3-4a67-43a9-a796-4e30b1c95e13-thumb_work56.jpg', 2, 13, '2025-07-15 14:22:42', '2025-07-15 14:22:42');
INSERT INTO `image` VALUES (245, 'http://122.51.51.36:9000/poster-design/20250715/9578be49-fe16-41de-9213-38ddcb001be3-thumb_news2.jpg', 2, 16, '2025-07-15 14:37:27', '2025-07-15 14:37:27');
INSERT INTO `image` VALUES (246, 'http://122.51.51.36:9000/poster-design/20250715/43867747-ed8e-4b86-8b2a-3f2594a341e3-thumb_news6.jpg', 2, 16, '2025-07-15 14:37:27', '2025-07-15 14:37:27');
INSERT INTO `image` VALUES (247, 'http://122.51.51.36:9000/poster-design/20250715/b73314f7-1a3a-42ab-8ab3-aa3ba25fb8ff-thumb_news8.jpg', 2, 16, '2025-07-15 14:37:27', '2025-07-15 14:37:27');
INSERT INTO `image` VALUES (248, 'http://122.51.51.36:9000/poster-design/20250715/d1104950-4db8-410c-83ce-09080649e490-thumb_news10.jpg', 2, 16, '2025-07-15 14:37:27', '2025-07-15 14:37:27');
INSERT INTO `image` VALUES (249, 'http://122.51.51.36:9000/poster-design/20250715/fd9d3457-7d42-48f1-b06b-4ec3ac28ec15-thumb_news1.jpg', 2, 16, '2025-07-15 14:37:27', '2025-07-15 14:37:27');
INSERT INTO `image` VALUES (250, 'http://122.51.51.36:9000/poster-design/20250715/d6d9217d-b62f-4328-bd4e-d883f67b904c-thumb_competition3.jpg', 2, 17, '2025-07-15 14:46:53', '2025-07-15 14:46:53');
INSERT INTO `image` VALUES (251, 'http://122.51.51.36:9000/poster-design/20250715/7e67a179-85b7-4353-b7cb-9ef3255ef1f9-thumb_商务人士握手.jpg', 2, 17, '2025-07-15 14:46:53', '2025-07-15 14:46:53');
INSERT INTO `image` VALUES (252, 'http://122.51.51.36:9000/poster-design/20250715/ed3f548c-324a-4a01-ae43-7a75cb847876-thumb_ai_17.png', 2, 17, '2025-07-15 14:46:53', '2025-07-15 14:46:53');
INSERT INTO `image` VALUES (253, 'http://122.51.51.36:9000/poster-design/20250715/5290da34-2979-4bf5-af1a-ffc5fb6e73a2-thumb_ai_9.png', 2, 17, '2025-07-15 14:46:53', '2025-07-15 14:46:53');
INSERT INTO `image` VALUES (254, 'http://122.51.51.36:9000/poster-design/20250715/63d6d46d-86a2-43f7-9b27-2d4738f6074f-thumb_ai_7.png', 2, 17, '2025-07-15 14:46:53', '2025-07-15 14:46:53');
INSERT INTO `image` VALUES (255, 'http://122.51.51.36:9000/poster-design/20250715/5bf0126a-fca4-4e91-a7a6-d9c3ba4fccf8-thumb_work61.jpg', 1, 26, '2025-07-15 14:46:57', '2025-07-15 14:46:57');
INSERT INTO `image` VALUES (256, 'http://122.51.51.36:9000/poster-design/20250715/a0534321-d0bd-49b0-932f-c314a133ef95-thumb_work64.png', 1, 26, '2025-07-15 14:46:57', '2025-07-15 14:46:57');
INSERT INTO `image` VALUES (257, 'http://122.51.51.36:9000/poster-design/20250715/e038e725-66ab-4c71-92e8-42d62cbf7668-competition8.webp', 1, 26, '2025-07-15 14:46:57', '2025-07-15 14:46:57');
INSERT INTO `image` VALUES (258, 'http://122.51.51.36:9000/poster-design/20250715/04f9bc72-f79c-4bbc-9649-c91434e3951a-thumb_news8.jpg', 2, 18, '2025-07-15 14:48:09', '2025-07-15 14:48:09');
INSERT INTO `image` VALUES (259, 'http://122.51.51.36:9000/poster-design/20250715/ce8a7b93-c8f7-43df-bd71-22aac2ea75e5-thumb_news6.jpg', 2, 18, '2025-07-15 14:48:09', '2025-07-15 14:48:09');
INSERT INTO `image` VALUES (260, 'http://122.51.51.36:9000/poster-design/20250715/ce9918ab-ab57-419a-aead-e8733ab32718-thumb_news7.jpg', 2, 18, '2025-07-15 14:48:09', '2025-07-15 14:48:09');
INSERT INTO `image` VALUES (261, 'http://122.51.51.36:9000/poster-design/20250715/f1a1a0eb-6f8d-4d1f-ae3b-81faee0c644e-thumb_news10.jpg', 2, 18, '2025-07-15 14:48:09', '2025-07-15 14:48:09');
INSERT INTO `image` VALUES (262, 'http://122.51.51.36:9000/poster-design/20250715/c24546b0-7707-4b5a-b05a-bdfdefcc5dd6-thumb_news9.jpg', 2, 18, '2025-07-15 14:48:09', '2025-07-15 14:48:09');
INSERT INTO `image` VALUES (267, 'http://122.51.51.36:9000/poster-design/20250715/356af9d2-9abb-48e0-8eb3-fcc9896a428c-thumb_news8.jpg', 2, 19, '2025-07-15 14:50:24', '2025-07-15 14:50:24');
INSERT INTO `image` VALUES (268, 'http://122.51.51.36:9000/poster-design/20250715/43d39e94-8b0d-431c-ae1b-16fecff54ec8-thumb_competition4.jpg', 2, 19, '2025-07-15 14:50:24', '2025-07-15 14:50:24');
INSERT INTO `image` VALUES (269, 'http://122.51.51.36:9000/poster-design/20250715/ba3f5857-c25c-47d3-8ce4-6721c215819b-thumb_competition10.jpg', 2, 19, '2025-07-15 14:50:24', '2025-07-15 14:50:24');
INSERT INTO `image` VALUES (270, 'http://122.51.51.36:9000/poster-design/20250715/ce73bf10-9557-4879-b1a0-5443f8f24484-thumb_competition21.jpg', 2, 19, '2025-07-15 14:50:24', '2025-07-15 14:50:24');
INSERT INTO `image` VALUES (271, 'http://122.51.51.36:9000/poster-design/20250715/10db160d-ad5e-4450-8d7e-daf1a862fc25-thumb_work54.jpeg', 2, 19, '2025-07-15 14:50:24', '2025-07-15 14:50:24');
INSERT INTO `image` VALUES (280, 'http://122.51.51.36:9000/poster-design/20250715/1fb60633-4f0f-4616-9b71-fb42afc0d092-thumb_work44.jpg', 2, 20, '2025-07-15 14:53:15', '2025-07-15 14:53:15');
INSERT INTO `image` VALUES (281, 'http://122.51.51.36:9000/poster-design/20250715/215ef6a3-e4b5-418d-8881-3631215f94dc-thumb_work53.jpeg', 2, 20, '2025-07-15 14:53:15', '2025-07-15 14:53:15');
INSERT INTO `image` VALUES (282, 'http://122.51.51.36:9000/poster-design/20250715/5ce771fe-0e09-4805-b0f9-35ff3a712d29-thumb_work39.jpeg', 2, 20, '2025-07-15 14:53:15', '2025-07-15 14:53:15');
INSERT INTO `image` VALUES (283, 'http://122.51.51.36:9000/poster-design/20250715/911bed88-18e5-4496-842f-aa47a1ebfb2c-thumb_work27.png', 2, 20, '2025-07-15 14:53:15', '2025-07-15 14:53:15');
INSERT INTO `image` VALUES (284, 'http://122.51.51.36:9000/poster-design/20250715/4a2cfb65-283e-4e75-9dc4-1d08a84b9aa4-thumb_光之漩涡光影，橘黄色灯带营造出的漩涡光影.jpg', 2, 20, '2025-07-15 14:53:15', '2025-07-15 14:53:15');
INSERT INTO `image` VALUES (285, 'http://122.51.51.36:9000/poster-design/20250715/5264d0fc-96de-4e95-b643-696634dffb3d-thumb_北极光.jpg', 2, 21, '2025-07-15 14:55:14', '2025-07-15 14:55:14');
INSERT INTO `image` VALUES (286, 'http://122.51.51.36:9000/poster-design/20250715/b1343e6b-7e0f-4bb3-bec7-1cb960fd8a6b-thumb_粒子 线条 科技.jpg', 2, 21, '2025-07-15 14:55:14', '2025-07-15 14:55:14');
INSERT INTO `image` VALUES (287, 'http://122.51.51.36:9000/poster-design/20250715/3e15c757-b30d-4384-ab8d-ca61aa098d98-thumb_光之漩涡光影，橘黄色灯带营造出的漩涡光影.jpg', 2, 21, '2025-07-15 14:55:14', '2025-07-15 14:55:14');
INSERT INTO `image` VALUES (288, 'http://122.51.51.36:9000/poster-design/20250715/88d785b5-5f6a-4563-9855-25bd36cfe147-thumb_在日落时分，赛车在跑道拐弯处漂流.jpg', 2, 21, '2025-07-15 14:55:14', '2025-07-15 14:55:14');
INSERT INTO `image` VALUES (289, 'http://122.51.51.36:9000/poster-design/20250715/d3894781-8231-4360-b219-9c276a2294c5-thumb_people075.jpg', 2, 21, '2025-07-15 14:55:14', '2025-07-15 14:55:14');
INSERT INTO `image` VALUES (290, 'http://122.51.51.36:9000/poster-design/20250715/19f3ed19-bc7c-4e86-9075-c507f204e7ec-thumb_在茶园中泡乌龙茶.jpg', 2, 22, '2025-07-15 15:00:52', '2025-07-15 15:00:52');
INSERT INTO `image` VALUES (291, 'http://122.51.51.36:9000/poster-design/20250715/7c3ed0dd-1d86-43e6-8abe-201cdcbd7d19-thumb_work39.jpeg', 2, 22, '2025-07-15 15:00:52', '2025-07-15 15:00:52');
INSERT INTO `image` VALUES (292, 'http://122.51.51.36:9000/poster-design/20250715/5138dfc8-6ee7-4334-a038-c091ed4f96d6-thumb_ai_9.png', 2, 22, '2025-07-15 15:00:52', '2025-07-15 15:00:52');
INSERT INTO `image` VALUES (293, 'http://122.51.51.36:9000/poster-design/20250715/757efa52-7fc0-422e-a515-e8f3cc25dfc7-thumb_ai_55.png', 2, 22, '2025-07-15 15:00:52', '2025-07-15 15:00:52');
INSERT INTO `image` VALUES (294, 'http://122.51.51.36:9000/poster-design/20250715/2a44b154-fc5f-41d1-8bcc-211e602f18f6-thumb_ai_5.png', 2, 22, '2025-07-15 15:00:52', '2025-07-15 15:00:52');
INSERT INTO `image` VALUES (295, 'http://122.51.51.36:9000/poster-design/20250714/803261f6-e0aa-4262-8a58-a09418683157-thumb_competition21.jpg', 0, 52, '2025-07-16 14:15:40', '2025-07-16 14:15:40');
INSERT INTO `image` VALUES (296, 'http://122.51.51.36:9000/poster-design/20250725/eb1ebb1d-f88e-4294-97e3-bdaab9506084-thumb_ai2_40.png', 1, 28, '2025-07-25 13:26:51', '2025-07-25 13:26:51');
INSERT INTO `image` VALUES (297, 'http://122.51.51.36:9000/poster-design/20250725/602bb4a8-66b3-4a35-9667-356191b9ce3a-thumb_ai2_31.png', 1, 28, '2025-07-25 13:26:51', '2025-07-25 13:26:51');
INSERT INTO `image` VALUES (298, 'http://122.51.51.36:9000/poster-design/20250725/8eccfaa5-5a85-4c05-bc20-795946dac88d-thumb_ai2_13.png', 1, 28, '2025-07-25 13:26:51', '2025-07-25 13:26:51');
INSERT INTO `image` VALUES (301, 'http://122.51.51.36:9000/poster-design/20250725/29daff01-b448-400b-b460-883779203d90-thumb_ai2_31.png', 1, 27, '2025-07-25 13:32:35', '2025-07-25 13:32:35');
INSERT INTO `image` VALUES (302, 'http://122.51.51.36:9000/poster-design/20250725/9ed01039-4a52-4e4a-a463-4966517e055a-thumb_ai2_13.png', 1, 27, '2025-07-25 13:32:35', '2025-07-25 13:32:35');
INSERT INTO `image` VALUES (303, 'http://122.51.51.36:9000/poster-design/20250725/f0fc3b49-21fe-4f8f-9b92-e32995964e36-thumb_ai2_40.png', 1, 27, '2025-07-25 13:32:35', '2025-07-25 13:32:35');
INSERT INTO `image` VALUES (304, 'http://122.51.51.36:9000/poster-design/20250725/00064932-206d-4483-a736-d2ea47419894-thumb_ai2_41.png', 1, 30, '2025-07-25 13:33:52', '2025-07-25 13:33:52');
INSERT INTO `image` VALUES (305, 'http://122.51.51.36:9000/poster-design/20250725/b35cdf85-6bac-44e5-9b6a-dabe69b9eefc-thumb_ai2_35.png', 1, 30, '2025-07-25 13:33:52', '2025-07-25 13:33:52');
INSERT INTO `image` VALUES (306, 'http://122.51.51.36:9000/poster-design/20250725/909d2b6c-0bf9-41de-9ccc-bb16f88ae86b-thumb_ai2_10.png', 1, 30, '2025-07-25 13:33:52', '2025-07-25 13:33:52');
INSERT INTO `image` VALUES (307, 'http://122.51.51.36:9000/poster-design/20250725/3f1d137c-2cd9-40b2-8d33-2167b6231b12-thumb_ai2_15.png', 1, 29, '2025-07-25 13:34:14', '2025-07-25 13:34:14');
INSERT INTO `image` VALUES (308, 'http://122.51.51.36:9000/poster-design/20250725/d132fe86-7263-43e4-91b5-31562a424b6f-thumb_ai2_9.png', 1, 29, '2025-07-25 13:34:14', '2025-07-25 13:34:14');
INSERT INTO `image` VALUES (309, 'http://122.51.51.36:9000/poster-design/20250725/95332236-8695-40ef-b05c-ac110314da12-thumb_ai2_38.png', 1, 29, '2025-07-25 13:34:14', '2025-07-25 13:34:14');
INSERT INTO `image` VALUES (310, 'http://122.51.51.36:9000/poster-design/20250725/03398d54-3aea-476c-acd1-bcb33fb74c23-thumb_ai_9.png', 0, 73, '2025-07-25 20:02:12', '2025-07-25 20:02:12');
INSERT INTO `image` VALUES (311, 'http://122.51.51.36:9000/poster-design/20250725/99858906-d233-49ef-9d1e-f8fb96405875-thumb_ai_55.png', 0, 73, '2025-07-25 20:02:12', '2025-07-25 20:02:12');
INSERT INTO `image` VALUES (312, 'http://122.51.51.36:9000/poster-design/20250725/167a2458-04da-413b-8e4a-ce7bfd871e5c-thumb_ai_58.png', 0, 73, '2025-07-25 20:02:12', '2025-07-25 20:02:12');
INSERT INTO `image` VALUES (313, 'http://122.51.51.36:9000/poster-design/20250725/6d3ee7f9-6176-40be-9604-979576d6a495-thumb_work58.jpg', 0, 74, '2025-07-25 20:05:35', '2025-07-25 20:05:35');
INSERT INTO `image` VALUES (314, 'http://122.51.51.36:9000/poster-design/20250725/1ffe4ffb-43e1-4d4e-bf06-0a6b20e5ba13-thumb_work59.jpg', 0, 74, '2025-07-25 20:05:35', '2025-07-25 20:05:35');
INSERT INTO `image` VALUES (315, 'http://122.51.51.36:9000/poster-design/20250725/548dee60-ad57-45bc-bbaa-5a014fd9fccb-thumb_work65.png', 0, 74, '2025-07-25 20:05:35', '2025-07-25 20:05:35');
INSERT INTO `image` VALUES (316, 'http://122.51.51.36:9000/poster-design/20250725/c00716ce-fc52-4729-9e52-36a26af88559-thumb_work22.jpg', 0, 75, '2025-07-25 20:07:57', '2025-07-25 20:07:57');
INSERT INTO `image` VALUES (317, 'http://122.51.51.36:9000/poster-design/20250725/721fa298-5f7f-4e57-892c-b26693766e33-thumb_work25.jpg', 0, 75, '2025-07-25 20:07:57', '2025-07-25 20:07:57');
INSERT INTO `image` VALUES (318, 'http://122.51.51.36:9000/poster-design/20250725/a00ca33f-359b-4a76-8f8e-a54241785301-thumb_work35.jpeg', 0, 75, '2025-07-25 20:07:57', '2025-07-25 20:07:57');
INSERT INTO `image` VALUES (319, 'http://122.51.51.36:9000/poster-design/20250725/dae1f81f-d8b4-4eb5-bf9c-3b4c768965ca-thumb_work31.jpg', 0, 76, '2025-07-25 20:10:05', '2025-07-25 20:10:05');
INSERT INTO `image` VALUES (320, 'http://122.51.51.36:9000/poster-design/20250725/089aaf80-f00c-4303-b83a-ecfeeff7cbcd-thumb_work51.jpg', 0, 76, '2025-07-25 20:10:05', '2025-07-25 20:10:05');
INSERT INTO `image` VALUES (321, 'http://122.51.51.36:9000/poster-design/20250725/53ace7dd-996d-4cdc-9a1a-e97a8c406330-thumb_work55.jpg', 0, 76, '2025-07-25 20:10:05', '2025-07-25 20:10:05');
INSERT INTO `image` VALUES (325, 'http://122.51.51.36:9000/poster-design/20250725/3f1d54ea-135e-4b7c-bb0d-596abd38a6e7-thumb_work17.jpg', 0, 77, '2025-07-25 20:13:00', '2025-07-25 20:13:00');
INSERT INTO `image` VALUES (326, 'http://122.51.51.36:9000/poster-design/20250725/dd240a5a-2fc9-4146-ad0f-ca899eb2dc13-thumb_work15.jpg', 0, 77, '2025-07-25 20:13:00', '2025-07-25 20:13:00');
INSERT INTO `image` VALUES (327, 'http://122.51.51.36:9000/poster-design/20250725/265619d8-1b33-42c4-98a0-43ab065a1a03-thumb_work46.jpg', 0, 77, '2025-07-25 20:13:00', '2025-07-25 20:13:00');
INSERT INTO `image` VALUES (328, 'http://122.51.51.36:9000/poster-design/20250725/8f642e39-d135-45f3-afb5-b2033b992a48-thumb_work39.jpeg', 0, 78, '2025-07-25 20:22:32', '2025-07-25 20:22:32');
INSERT INTO `image` VALUES (329, 'http://122.51.51.36:9000/poster-design/20250725/12cf2f83-e044-4cc4-a38b-617d001ae654-thumb_work53.jpeg', 0, 78, '2025-07-25 20:22:32', '2025-07-25 20:22:32');
INSERT INTO `image` VALUES (330, 'http://122.51.51.36:9000/poster-design/20250725/42e8e05d-7000-4a8e-9944-c9c8a0cda3df-thumb_work35.jpeg', 0, 78, '2025-07-25 20:22:32', '2025-07-25 20:22:32');
INSERT INTO `image` VALUES (331, 'http://122.51.51.36:9000/poster-design/20250725/4d566c3d-a711-453d-8d4d-c225207b22fd-thumb_work41.jpeg', 0, 79, '2025-07-25 20:24:52', '2025-07-25 20:24:52');
INSERT INTO `image` VALUES (332, 'http://122.51.51.36:9000/poster-design/20250725/7b6f65d7-96b0-4464-8621-68140c6e15dd-thumb_work59.jpg', 0, 79, '2025-07-25 20:24:52', '2025-07-25 20:24:52');
INSERT INTO `image` VALUES (333, 'http://122.51.51.36:9000/poster-design/20250725/89258c87-d641-402f-8e14-1e797ba233ef-thumb_work61.jpg', 0, 79, '2025-07-25 20:24:52', '2025-07-25 20:24:52');
INSERT INTO `image` VALUES (334, 'http://122.51.51.36:9000/poster-design/20250725/c0e10666-3fcc-4d1a-825d-082936274506-thumb_work62.jpg', 0, 80, '2025-07-25 20:27:22', '2025-07-25 20:27:22');
INSERT INTO `image` VALUES (335, 'http://122.51.51.36:9000/poster-design/20250725/b91aed9c-4b92-44f4-9f9e-35b25b54f6b1-thumb_work63.jpg', 0, 80, '2025-07-25 20:27:22', '2025-07-25 20:27:22');
INSERT INTO `image` VALUES (336, 'http://122.51.51.36:9000/poster-design/20250725/7e298e1b-11f6-474d-a719-a4633cbef5a7-thumb_work64.png', 0, 80, '2025-07-25 20:27:22', '2025-07-25 20:27:22');
INSERT INTO `image` VALUES (337, 'http://122.51.51.36:9000/poster-design/20250725/c794de58-c924-4539-ac4d-195018d2b412-thumb_work45.jpg', 0, 81, '2025-07-25 20:29:33', '2025-07-25 20:29:33');
INSERT INTO `image` VALUES (338, 'http://122.51.51.36:9000/poster-design/20250725/f10fa39e-9789-49fe-b6ad-c1b56f844ecb-thumb_work34.jpg', 0, 81, '2025-07-25 20:29:33', '2025-07-25 20:29:33');
INSERT INTO `image` VALUES (339, 'http://122.51.51.36:9000/poster-design/20250725/21ce8dc1-ea16-4c39-bdca-58e66fcd336b-thumb_work60.jpg', 0, 81, '2025-07-25 20:29:33', '2025-07-25 20:29:33');
INSERT INTO `image` VALUES (340, 'http://122.51.51.36:9000/poster-design/20250725/71a939f5-a51d-4257-817b-db8afe58cc62-thumb_work37.jpeg', 0, 82, '2025-07-25 20:34:20', '2025-07-25 20:34:20');
INSERT INTO `image` VALUES (341, 'http://122.51.51.36:9000/poster-design/20250725/98c889c8-a3e9-410a-aa30-481a07332f77-thumb_ai_40.png', 0, 82, '2025-07-25 20:34:20', '2025-07-25 20:34:20');
INSERT INTO `image` VALUES (342, 'http://122.51.51.36:9000/poster-design/20250725/b367e720-323c-4743-a6ee-dc927d0e0c9c-thumb_ai_38.png', 0, 82, '2025-07-25 20:34:20', '2025-07-25 20:34:20');
INSERT INTO `image` VALUES (343, 'http://122.51.51.36:9000/poster-design/20250725/d67179a6-0899-45d4-86a8-d2ae1cc1aeb1-thumb_work54.jpeg', 0, 83, '2025-07-25 20:36:50', '2025-07-25 20:36:50');
INSERT INTO `image` VALUES (344, 'http://122.51.51.36:9000/poster-design/20250725/4a9a0255-6386-45f2-83b3-24813a5b027f-thumb_work52.jpg', 0, 83, '2025-07-25 20:36:50', '2025-07-25 20:36:50');
INSERT INTO `image` VALUES (345, 'http://122.51.51.36:9000/poster-design/20250725/821c7501-463d-469b-8a00-5a8b95358219-thumb_work44.jpg', 0, 83, '2025-07-25 20:36:50', '2025-07-25 20:36:50');
INSERT INTO `image` VALUES (351, 'http://122.51.51.36:9000/poster-design/20250725/87f8ad9b-177f-4a6a-a1bf-6fe046e2df59-thumb_work9.jpg', 0, 84, '2025-07-25 20:40:46', '2025-07-25 20:40:46');
INSERT INTO `image` VALUES (352, 'http://122.51.51.36:9000/poster-design/20250725/ee1c9833-eb11-4a8e-b0bc-1b3e08084321-thumb_work3.jpg', 0, 84, '2025-07-25 20:40:46', '2025-07-25 20:40:46');
INSERT INTO `image` VALUES (353, 'http://122.51.51.36:9000/poster-design/20250725/e5898882-0daf-4934-b933-9fdc42d57bfa-thumb_work6.jpg', 0, 84, '2025-07-25 20:40:46', '2025-07-25 20:40:46');
INSERT INTO `image` VALUES (363, 'http://122.51.51.36:9000/poster-design/20250725/85fbffe6-0e5a-4dfe-b464-5515b4839cfe-thumb_work49.jpg', 0, 85, '2025-07-25 21:54:44', '2025-07-25 21:54:44');
INSERT INTO `image` VALUES (364, 'http://122.51.51.36:9000/poster-design/20250725/542c9e50-d41c-4de7-8d50-82d741286453-thumb_work48.jpg', 0, 85, '2025-07-25 21:54:44', '2025-07-25 21:54:44');
INSERT INTO `image` VALUES (365, 'http://122.51.51.36:9000/poster-design/20250725/8bd59a86-4399-4ab4-a447-7177ee3c4c18-thumb_work63.jpg', 0, 85, '2025-07-25 21:54:44', '2025-07-25 21:54:44');
INSERT INTO `image` VALUES (374, 'http://122.51.51.36:9000/poster-design/20250726/dec81c74-cfda-41cb-b763-fa14235137c8-thumb_work2.png', 0, 86, '2025-07-26 23:28:47', '2025-07-26 23:28:47');
INSERT INTO `image` VALUES (375, 'http://122.51.51.36:9000/poster-design/20250726/fb0f47e2-639f-4a6d-8dcd-97304661ac5c-thumb_work6.jpg', 0, 86, '2025-07-26 23:28:47', '2025-07-26 23:28:47');
INSERT INTO `image` VALUES (376, 'http://122.51.51.36:9000/poster-design/20250726/77075b37-eb98-459c-8fc9-b8cd85681a68-thumb_work29.jpg', 0, 86, '2025-07-26 23:28:47', '2025-07-26 23:28:47');
INSERT INTO `image` VALUES (383, 'http://122.51.51.36:9000/poster-design/20250726/f3d81191-8321-47b2-81e7-d9cb6dde542e-thumb_work5.jpg', 0, 89, '2025-07-26 23:34:22', '2025-07-26 23:34:22');
INSERT INTO `image` VALUES (384, 'http://122.51.51.36:9000/poster-design/20250726/fb97e492-cb12-496b-87c7-51b0e78481de-thumb_work4.jpg', 0, 89, '2025-07-26 23:34:22', '2025-07-26 23:34:22');
INSERT INTO `image` VALUES (385, 'http://122.51.51.36:9000/poster-design/20250726/887fe900-e9a1-4d7c-a89c-c95b7afba111-thumb_work40.jpeg', 0, 89, '2025-07-26 23:34:22', '2025-07-26 23:34:22');
INSERT INTO `image` VALUES (386, 'http://122.51.51.36:9000/poster-design/20250726/8efad51e-9b02-44cc-9443-427345ede9dd-thumb_work33.jpg', 0, 90, '2025-07-26 23:36:09', '2025-07-26 23:36:09');
INSERT INTO `image` VALUES (387, 'http://122.51.51.36:9000/poster-design/20250726/77295ab7-8a37-4b63-bf85-14e9082f64ae-thumb_work38.jpg', 0, 90, '2025-07-26 23:36:09', '2025-07-26 23:36:09');
INSERT INTO `image` VALUES (388, 'http://122.51.51.36:9000/poster-design/20250726/1062b5b7-940f-4cab-beaa-5197d12f8c0c-thumb_work32.jpg', 0, 90, '2025-07-26 23:36:09', '2025-07-26 23:36:09');
INSERT INTO `image` VALUES (400, 'http://122.51.51.36:9000/poster-design/20250726/83651325-4af1-4949-bfcb-79d6de1bbff3-thumb_work2.png', 1, 31, '2025-07-26 23:52:11', '2025-07-26 23:52:11');
INSERT INTO `image` VALUES (401, 'http://122.51.51.36:9000/poster-design/20250726/972f5530-f150-4a45-999d-e722c87c0dbb-thumb_work5.jpg', 1, 31, '2025-07-26 23:52:11', '2025-07-26 23:52:11');
INSERT INTO `image` VALUES (402, 'http://122.51.51.36:9000/poster-design/20250726/d96bd967-cd00-45c7-92b4-dab55d5173c0-thumb_work6.jpg', 1, 31, '2025-07-26 23:52:11', '2025-07-26 23:52:11');
INSERT INTO `image` VALUES (406, 'http://122.51.51.36:9000/poster-design/20250726/2b366101-0388-48ff-b7cd-58d3573ecae3-thumb_work56.jpg', 1, 32, '2025-07-26 23:52:33', '2025-07-26 23:52:33');
INSERT INTO `image` VALUES (407, 'http://122.51.51.36:9000/poster-design/20250726/53ba0c9c-32af-43f8-8c0e-5f74b036ac0e-thumb_work48.jpg', 1, 32, '2025-07-26 23:52:33', '2025-07-26 23:52:33');
INSERT INTO `image` VALUES (408, 'http://122.51.51.36:9000/poster-design/20250726/f8611f8b-f38e-4016-be15-475f7c499c2c-thumb_work53.jpeg', 1, 32, '2025-07-26 23:52:33', '2025-07-26 23:52:33');
INSERT INTO `image` VALUES (409, 'http://122.51.51.36:9000/poster-design/20250715/13bbd256-27bb-4c9a-98ea-25b9712609dd-thumb_ai_37.png', 1, 24, '2025-07-26 23:52:44', '2025-07-26 23:52:44');
INSERT INTO `image` VALUES (410, 'http://122.51.51.36:9000/poster-design/20250715/629689a6-bf4a-49a9-abdc-b0ce5b54ca92-thumb_ai_47.png', 1, 24, '2025-07-26 23:52:44', '2025-07-26 23:52:44');
INSERT INTO `image` VALUES (411, 'http://122.51.51.36:9000/poster-design/20250715/7b324bfb-c61b-4acd-a06c-ef37acdb7eb0-thumb_ai_29.png', 1, 24, '2025-07-26 23:52:44', '2025-07-26 23:52:44');
INSERT INTO `image` VALUES (414, 'http://122.51.51.36:9000/poster-design/20250726/16a3bdb3-5e78-4019-add2-768dd4d667fc-thumb_work1.jpg', 1, 34, '2025-07-26 23:54:46', '2025-07-26 23:54:46');
INSERT INTO `image` VALUES (415, 'http://122.51.51.36:9000/poster-design/20250726/3f483388-af4e-4894-97fd-be2b08befcd1-thumb_work4.jpg', 1, 34, '2025-07-26 23:54:46', '2025-07-26 23:54:46');
INSERT INTO `image` VALUES (416, 'http://122.51.51.36:9000/poster-design/20250726/76e76bab-ea1c-4839-9003-578ba49bdcfe-thumb_work17.jpg', 1, 34, '2025-07-26 23:54:46', '2025-07-26 23:54:46');
INSERT INTO `image` VALUES (420, 'http://122.51.51.36:9000/poster-design/20250726/6c680936-82b8-4b47-befb-65942b744f23-thumb_work3.jpg', 1, 33, '2025-07-26 23:55:54', '2025-07-26 23:55:54');
INSERT INTO `image` VALUES (421, 'http://122.51.51.36:9000/poster-design/20250726/8e312f12-5ae1-4e3d-9649-cee972f9e5b0-thumb_work8.jpg', 1, 33, '2025-07-26 23:55:54', '2025-07-26 23:55:54');
INSERT INTO `image` VALUES (422, 'http://122.51.51.36:9000/poster-design/20250726/9d2d8e3a-1d55-4e72-a592-28737be131b5-thumb_work11.jpg', 1, 33, '2025-07-26 23:55:54', '2025-07-26 23:55:54');
INSERT INTO `image` VALUES (423, 'http://122.51.51.36:9000/poster-design/20250726/9d86a1a4-f7d0-4bf6-bf74-0a7dde8cf97f-thumb_work27.png', 1, 35, '2025-07-26 23:56:02', '2025-07-26 23:56:02');
INSERT INTO `image` VALUES (424, 'http://122.51.51.36:9000/poster-design/20250726/b186f1c8-593f-45a3-98b3-beaebe510656-thumb_work32.jpg', 1, 35, '2025-07-26 23:56:02', '2025-07-26 23:56:02');
INSERT INTO `image` VALUES (425, 'http://122.51.51.36:9000/poster-design/20250726/df064288-184d-4412-9c4e-2ec2cd20058b-thumb_work41.jpeg', 1, 35, '2025-07-26 23:56:02', '2025-07-26 23:56:02');
INSERT INTO `image` VALUES (429, 'http://122.51.51.36:9000/poster-design/20250727/6d174be3-61aa-431f-9340-8732b243d348-thumb_work2.png', 2, 23, '2025-07-27 00:02:21', '2025-07-27 00:02:21');
INSERT INTO `image` VALUES (430, 'http://122.51.51.36:9000/poster-design/20250727/77885f22-c0fa-4983-af59-baea4e4dd184-thumb_work5.jpg', 2, 23, '2025-07-27 00:02:21', '2025-07-27 00:02:21');
INSERT INTO `image` VALUES (431, 'http://122.51.51.36:9000/poster-design/20250727/c10f25fb-5df2-4599-bc7c-7460daf5f407-thumb_work4.jpg', 2, 23, '2025-07-27 00:02:21', '2025-07-27 00:02:21');
INSERT INTO `image` VALUES (432, 'http://122.51.51.36:9000/poster-design/20250726/90726f25-162a-4ef1-927e-547b508d0a41-thumb_ai2_40.png', 0, 88, '2025-07-27 21:26:09', '2025-07-27 21:26:09');
INSERT INTO `image` VALUES (433, 'http://122.51.51.36:9000/poster-design/20250726/d943bd9a-7939-400a-9bfe-5639fa1addf3-thumb_ai2_28.png', 0, 88, '2025-07-27 21:26:09', '2025-07-27 21:26:09');
INSERT INTO `image` VALUES (434, 'http://122.51.51.36:9000/poster-design/20250727/a1b27cf5-26a0-49e8-a1aa-a5f26bd27e64-thumb_ai2_19.png', 0, 88, '2025-07-27 21:26:09', '2025-07-27 21:26:09');
INSERT INTO `image` VALUES (435, 'http://122.51.51.36:9000/poster-design/20250726/a4580725-4eea-4c94-a204-d0eb5d1d0967-thumb_work14.jpg', 0, 87, '2025-07-27 21:27:42', '2025-07-27 21:27:42');
INSERT INTO `image` VALUES (436, 'http://122.51.51.36:9000/poster-design/20250726/c58e23bb-1779-420b-a181-cde8eaed602b-thumb_work3.jpg', 0, 87, '2025-07-27 21:27:42', '2025-07-27 21:27:42');
INSERT INTO `image` VALUES (437, 'http://122.51.51.36:9000/poster-design/20250727/18e29ada-9285-4a8e-9acc-d7952539e811-thumb_work10.jpg', 0, 87, '2025-07-27 21:27:42', '2025-07-27 21:27:42');
INSERT INTO `image` VALUES (438, 'http://122.51.51.36:9000/poster-design/20250714/94e75d5d-e9ab-4a9d-baf8-39c9c36cff84-thumb_work58.jpg', 0, 37, '2025-07-27 21:28:31', '2025-07-27 21:28:31');
INSERT INTO `image` VALUES (439, 'http://122.51.51.36:9000/poster-design/20250727/98e62a4f-6b58-4492-a38a-b23b2ceddc52-thumb_work56.jpg', 0, 37, '2025-07-27 21:28:31', '2025-07-27 21:28:31');
INSERT INTO `image` VALUES (440, 'http://122.51.51.36:9000/poster-design/20250727/5bb9e318-93ce-42a4-b2d5-9af82fe34263-thumb_work61.jpg', 0, 37, '2025-07-27 21:28:31', '2025-07-27 21:28:31');

-- ----------------------------
-- Table structure for judge
-- ----------------------------
DROP TABLE IF EXISTS `judge`;
CREATE TABLE `judge`  (
  `id` int NOT NULL AUTO_INCREMENT COMMENT '评委id',
  `competition_id` int NOT NULL COMMENT '竞赛id',
  `user_id` int NOT NULL COMMENT '用户ID',
  `create_time` datetime NOT NULL COMMENT '创建时间',
  `update_time` datetime NOT NULL,
  PRIMARY KEY (`id`) USING BTREE
) ENGINE = InnoDB AUTO_INCREMENT = 74 CHARACTER SET = utf8mb4 COLLATE = utf8mb4_0900_ai_ci ROW_FORMAT = Dynamic;

-- ----------------------------
-- Records of judge
-- ----------------------------
INSERT INTO `judge` VALUES (38, 63, 1, '2025-07-14 20:22:37', '2025-07-14 20:22:37');
INSERT INTO `judge` VALUES (39, 63, 9, '2025-07-14 20:22:37', '2025-07-14 20:22:37');
INSERT INTO `judge` VALUES (40, 63, 15, '2025-07-14 20:22:37', '2025-07-14 20:22:37');
INSERT INTO `judge` VALUES (41, 63, 16, '2025-07-14 20:22:37', '2025-07-14 20:22:37');
INSERT INTO `judge` VALUES (42, 63, 17, '2025-07-14 20:22:37', '2025-07-14 20:22:37');
INSERT INTO `judge` VALUES (43, 63, 18, '2025-07-14 20:22:37', '2025-07-14 20:22:37');
INSERT INTO `judge` VALUES (44, 63, 19, '2025-07-14 20:22:37', '2025-07-14 20:22:37');
INSERT INTO `judge` VALUES (45, 63, 20, '2025-07-14 20:22:37', '2025-07-14 20:22:37');
INSERT INTO `judge` VALUES (46, 63, 22, '2025-07-14 20:22:37', '2025-07-14 20:22:37');
INSERT INTO `judge` VALUES (47, 63, 21, '2025-07-14 20:22:37', '2025-07-14 20:22:37');
INSERT INTO `judge` VALUES (48, 47, 16, '2025-07-15 16:25:25', '2025-07-15 16:25:25');
INSERT INTO `judge` VALUES (49, 36, 16, '2025-07-15 16:25:31', '2025-07-15 16:25:31');
INSERT INTO `judge` VALUES (50, 54, 16, '2025-07-15 16:25:55', '2025-07-15 16:25:55');
INSERT INTO `judge` VALUES (51, 56, 16, '2025-07-15 16:26:20', '2025-07-15 16:26:20');
INSERT INTO `judge` VALUES (59, 44, 7, '2025-07-15 19:40:51', '2025-07-15 19:40:51');
INSERT INTO `judge` VALUES (60, 44, 16, '2025-07-15 19:40:51', '2025-07-15 19:40:51');
INSERT INTO `judge` VALUES (62, 43, 9, '2025-07-15 19:40:58', '2025-07-15 19:40:58');
INSERT INTO `judge` VALUES (63, 43, 15, '2025-07-15 19:40:58', '2025-07-15 19:40:58');
INSERT INTO `judge` VALUES (64, 50, 1, '2025-07-15 19:52:43', '2025-07-15 19:52:43');
INSERT INTO `judge` VALUES (65, 50, 13, '2025-07-15 19:52:43', '2025-07-15 19:52:43');
INSERT INTO `judge` VALUES (66, 50, 16, '2025-07-15 19:52:43', '2025-07-15 19:52:43');
INSERT INTO `judge` VALUES (67, 50, 9, '2025-07-15 19:52:43', '2025-07-15 19:52:43');
INSERT INTO `judge` VALUES (68, 52, 18, '2025-07-15 19:56:31', '2025-07-15 19:56:31');
INSERT INTO `judge` VALUES (69, 38, 23, '2025-07-15 19:56:54', '2025-07-15 19:56:54');
INSERT INTO `judge` VALUES (70, 48, 18, '2025-07-16 16:07:38', '2025-07-16 16:07:38');
INSERT INTO `judge` VALUES (72, 85, 19, '2025-07-27 19:58:20', '2025-07-27 19:58:20');
INSERT INTO `judge` VALUES (73, 85, 18, '2025-07-27 19:58:20', '2025-07-27 19:58:20');

-- ----------------------------
-- Table structure for message
-- ----------------------------
DROP TABLE IF EXISTS `message`;
CREATE TABLE `message`  (
  `id` int NOT NULL AUTO_INCREMENT COMMENT '消息id',
  `send_id` int NOT NULL COMMENT '发件方id',
  `send_role` int NOT NULL COMMENT '发送方角色（存储身份信息：管理员3、评委2、队长1、队员0等）',
  `receive_id` int NOT NULL COMMENT '接受方id',
  `receive_role` int NOT NULL COMMENT '发送方角色（存储身份信息：管理员3、评委2、队长1、队员0等）',
  `content` varchar(500) CHARACTER SET utf8mb4 COLLATE utf8mb4_0900_ai_ci NOT NULL COMMENT '内容',
  `time` datetime NOT NULL DEFAULT 'now()' COMMENT '时间',
  `status` int NULL DEFAULT 0 COMMENT '消息发送状态（0待处理、1已接收、2已拒绝、3已撤回）',
  `category` int NOT NULL COMMENT '0-邀请类消息 1-通知类消息',
  `competition_id` int NULL DEFAULT NULL COMMENT '竞赛id',
  `create_time` datetime NOT NULL COMMENT '创建时间',
  `update_time` datetime NOT NULL COMMENT '更新时间',
  `team_id` int NULL DEFAULT NULL COMMENT '队长消息所属队伍id',
  PRIMARY KEY (`id`) USING BTREE
) ENGINE = InnoDB AUTO_INCREMENT = 99 CHARACTER SET = utf8mb4 COLLATE = utf8mb4_0900_ai_ci ROW_FORMAT = Dynamic;

-- ----------------------------
-- Records of message
-- ----------------------------
INSERT INTO `message` VALUES (60, 11, 1, 9, 0, '', '2025-07-14 20:12:30', 0, 0, NULL, '2025-07-14 20:12:31', '2025-07-14 20:12:31', 337);
INSERT INTO `message` VALUES (61, 11, 1, 55, 0, '', '2025-07-14 20:30:37', 1, 0, NULL, '2025-07-14 20:30:38', '2025-07-14 20:30:38', 337);
INSERT INTO `message` VALUES (62, 16, 1, 55, 0, '', '2025-07-14 20:45:52', 1, 0, NULL, '2025-07-14 20:45:52', '2025-07-14 20:45:52', 339);
INSERT INTO `message` VALUES (63, 13, 1, 226, 0, '', '2025-07-15 10:02:18', 1, 0, NULL, '2025-07-15 10:02:19', '2025-07-15 10:02:19', 361);
INSERT INTO `message` VALUES (64, 226, 1, 13, 0, '', '2025-07-15 10:15:26', 1, 0, NULL, '2025-07-15 10:15:27', '2025-07-15 10:15:27', 366);
INSERT INTO `message` VALUES (65, 18, 1, 47, 0, '', '2025-07-15 10:50:48', 1, 0, NULL, '2025-07-15 10:50:48', '2025-07-15 10:50:48', 373);
INSERT INTO `message` VALUES (66, 1, 1, 52, 0, '', '2025-07-15 14:15:38', 1, 0, NULL, '2025-07-15 14:15:38', '2025-07-15 14:15:38', 376);
INSERT INTO `message` VALUES (67, 1, 1, 53, 0, '', '2025-07-15 14:15:55', 1, 0, NULL, '2025-07-15 14:15:55', '2025-07-15 14:15:55', 376);
INSERT INTO `message` VALUES (68, 226, 1, 53, 0, '', '2025-07-15 14:24:14', 1, 0, NULL, '2025-07-15 14:24:15', '2025-07-15 14:24:15', 377);
INSERT INTO `message` VALUES (69, 52, 1, 54, 0, '', '2025-07-15 14:28:57', 1, 0, NULL, '2025-07-15 14:28:58', '2025-07-15 14:28:58', 378);
INSERT INTO `message` VALUES (70, 53, 1, 226, 0, '', '2025-07-15 14:34:40', 1, 0, NULL, '2025-07-15 14:34:40', '2025-07-15 14:34:40', 379);
INSERT INTO `message` VALUES (71, 54, 1, 52, 0, '', '2025-07-15 14:45:28', 1, 0, NULL, '2025-07-15 14:45:29', '2025-07-15 14:45:29', 380);
INSERT INTO `message` VALUES (72, 55, 1, 57, 0, '', '2025-07-15 14:50:33', 1, 0, NULL, '2025-07-15 14:50:33', '2025-07-15 14:50:33', 381);
INSERT INTO `message` VALUES (73, 56, 1, 58, 0, '', '2025-07-15 14:54:03', 1, 0, NULL, '2025-07-15 14:54:04', '2025-07-15 14:54:04', 382);
INSERT INTO `message` VALUES (74, 57, 1, 55, 0, '', '2025-07-15 14:57:36', 1, 0, NULL, '2025-07-15 14:57:37', '2025-07-15 14:57:37', 383);
INSERT INTO `message` VALUES (75, 58, 1, 56, 0, '', '2025-07-15 15:00:32', 1, 0, NULL, '2025-07-15 15:00:33', '2025-07-15 15:00:33', 384);
INSERT INTO `message` VALUES (76, 64, 1, 95, 0, '', '2025-07-15 15:35:33', 0, 0, NULL, '2025-07-15 15:35:34', '2025-07-15 15:35:34', 385);
INSERT INTO `message` VALUES (77, 64, 1, 95, 0, '加入我的队伍', '2025-07-15 15:35:52', 0, 0, NULL, '2025-07-15 15:35:53', '2025-07-15 15:35:53', 385);
INSERT INTO `message` VALUES (78, 64, 1, 95, 0, '快加入', '2025-07-15 15:36:09', 0, 0, NULL, '2025-07-15 15:36:10', '2025-07-15 15:36:10', 385);
INSERT INTO `message` VALUES (79, 16, 1, 7, 0, '请你加入我的队伍', '2025-07-15 18:33:22', 1, 0, NULL, '2025-07-15 18:33:22', '2025-07-15 18:33:22', 339);
INSERT INTO `message` VALUES (80, 23, 1, 7, 0, '请你加入我', '2025-07-15 18:54:57', 1, 0, NULL, '2025-07-15 18:54:57', '2025-07-15 18:54:57', 370);
INSERT INTO `message` VALUES (81, 225, 1, 7, 0, '', '2025-07-16 12:25:30', 0, 0, NULL, '2025-07-16 12:25:30', '2025-07-16 12:25:30', 390);
INSERT INTO `message` VALUES (82, 225, 1, 9, 0, '', '2025-07-16 12:26:22', 0, 0, NULL, '2025-07-16 12:26:23', '2025-07-16 12:26:23', 390);
INSERT INTO `message` VALUES (83, 1, 1, 229, 0, '', '2025-07-16 12:31:32', 0, 0, NULL, '2025-07-16 12:31:33', '2025-07-16 12:31:33', 390);
INSERT INTO `message` VALUES (84, 1, 1, 9, 0, '', '2025-07-16 14:31:51', 1, 0, NULL, '2025-07-16 14:31:52', '2025-07-16 14:31:52', 391);
INSERT INTO `message` VALUES (85, 1, 1, 229, 0, '', '2025-07-16 14:32:03', 1, 0, NULL, '2025-07-16 14:32:04', '2025-07-16 14:32:04', 391);
INSERT INTO `message` VALUES (86, 1, 1, 11, 0, '', '2025-07-16 14:32:10', 1, 0, NULL, '2025-07-16 14:32:11', '2025-07-16 14:32:11', 391);
INSERT INTO `message` VALUES (87, 1, 1, 12, 0, '', '2025-07-16 14:32:20', 1, 0, NULL, '2025-07-16 14:32:20', '2025-07-16 14:32:20', 391);
INSERT INTO `message` VALUES (88, 1, 1, 7, 0, '', '2025-07-16 14:32:27', 1, 0, NULL, '2025-07-16 14:32:28', '2025-07-16 14:32:28', 391);
INSERT INTO `message` VALUES (89, 1, 1, 7, 0, '', '2025-07-16 15:29:27', 1, 0, NULL, '2025-07-16 15:29:28', '2025-07-16 15:29:28', 392);
INSERT INTO `message` VALUES (90, 1, 1, 11, 0, '', '2025-07-16 15:29:32', 1, 0, NULL, '2025-07-16 15:29:33', '2025-07-16 15:29:33', 392);
INSERT INTO `message` VALUES (91, 1, 1, 229, 0, '', '2025-07-16 15:29:40', 1, 0, NULL, '2025-07-16 15:29:40', '2025-07-16 15:29:40', 392);
INSERT INTO `message` VALUES (92, 1, 1, 12, 0, '', '2025-07-16 15:29:45', 1, 0, NULL, '2025-07-16 15:29:46', '2025-07-16 15:29:46', 392);
INSERT INTO `message` VALUES (93, 1, 1, 9, 0, '', '2025-07-16 15:29:51', 1, 0, NULL, '2025-07-16 15:29:52', '2025-07-16 15:29:52', 392);
INSERT INTO `message` VALUES (94, 1, 1, 12, 0, '', '2025-07-16 16:01:56', 1, 0, NULL, '2025-07-16 16:01:57', '2025-07-16 16:01:57', 393);
INSERT INTO `message` VALUES (95, 1, 1, 11, 0, '', '2025-07-16 16:02:03', 1, 0, NULL, '2025-07-16 16:02:04', '2025-07-16 16:02:04', 393);
INSERT INTO `message` VALUES (96, 1, 1, 7, 0, '', '2025-07-16 16:02:11', 1, 0, NULL, '2025-07-16 16:02:12', '2025-07-16 16:02:12', 393);
INSERT INTO `message` VALUES (97, 1, 1, 9, 0, '', '2025-07-16 16:02:18', 1, 0, NULL, '2025-07-16 16:02:18', '2025-07-16 16:02:18', 393);
INSERT INTO `message` VALUES (98, 1, 1, 229, 0, '', '2025-07-16 16:02:27', 1, 0, NULL, '2025-07-16 16:02:28', '2025-07-16 16:02:28', 393);

-- ----------------------------
-- Table structure for news
-- ----------------------------
DROP TABLE IF EXISTS `news`;
CREATE TABLE `news`  (
  `id` int NOT NULL AUTO_INCREMENT COMMENT '新闻id',
  `title` varchar(50) CHARACTER SET utf8mb4 COLLATE utf8mb4_0900_ai_ci NOT NULL COMMENT '标题',
  `content` varchar(5000) CHARACTER SET utf8mb4 COLLATE utf8mb4_0900_ai_ci NOT NULL COMMENT '内容',
  `upload_time` date NOT NULL COMMENT '发布日期',
  `competition_id` int NOT NULL COMMENT '竞赛id',
  `create_time` datetime NOT NULL COMMENT '创建时间',
  `update_time` datetime NOT NULL COMMENT '更新时间',
  PRIMARY KEY (`id`) USING BTREE,
  INDEX `title_upload_time_index`(`title` ASC, `upload_time` ASC) USING BTREE
) ENGINE = InnoDB AUTO_INCREMENT = 24 CHARACTER SET = utf8mb4 COLLATE = utf8mb4_0900_ai_ci ROW_FORMAT = Dynamic;

-- ----------------------------
-- Records of news
-- ----------------------------
INSERT INTO `news` VALUES (13, '“汉字解构创意海报竞赛” 正式启动，邀您共探汉字之美​', '         汉字作为中华文明的重要载体，历经数千年演变，蕴含着深厚的文化底蕴与独特的艺术魅力。为进一步挖掘汉字的文化价值，激发大众对汉字创意表达的热情，“汉字解构创意海报竞赛” 于近日正式启动，面向全国征集优秀作品。​\n         本次竞赛以 “汉字解构创意” 为核心主题，旨在通过海报设计这一视觉艺术形式，打破传统汉字的固有形态，从笔画、结构、含义等多个维度对汉字进行创新性解构与重塑。竞赛主办方表示，汉字不仅是交流的工具，更是一种充满生命力的艺术符号，希望通过此次竞赛，让更多人感受到汉字在解构与重组中迸发的创意火花，推动汉字文化的传承与创新。​\n         据了解，本次竞赛参赛对象广泛，面向全国所有对汉字文化和海报设计感兴趣的个人、团队及单位，无论专业与否，均可报名参与。参赛者可围绕任意汉字展开创作，通过拆分笔画、重构结构、融合意象等方式，将汉字的形、义、情融入海报设计中，展现汉字的多面魅力。​\n         在作品要求方面，参赛作品需紧扣主题，具备独特的创意理念和鲜明的视觉风格。作品需为平面海报设计，文件格式为 JPG 或 PNG，分辨率不低于 300dpi，单张作品大小不超过 20MB。值得注意的是，所有参赛作品必须为原创，不得侵犯他人知识产权，且未在其他公开赛事中获奖或发表。参赛者需在规定时间内将作品及参赛登记表发送至竞赛指定邮箱，邮件主题命名为 “汉字解构创意海报竞赛 + 作品名称 + 作者姓名 + 联系电话”，每人或团队提交作品数量不超过 2 件。​\n         赛程安排上，本次竞赛分为作品征集、初评、复评、结果公示及颁奖展览五个阶段。作品征集阶段自即日起至 2025 年 12 月 31 日结束，逾期提交的作品将不予受理。初评阶段将于 2026 年 1 月上旬进行，由专业评委对所有参赛作品进行初步筛选；复评阶段预计在 2026 年 1 月中下旬开展，结合网络投票与评委打分确定获奖名单；结果公示阶段为 2026 年 2 月上旬，获奖名单将在竞赛官方平台公示；颁奖及展览活动则计划于 2026 年 2 月下旬举行，届时将对获奖作品进行线下展览，并为获奖者颁发荣誉证书及奖金。​\n         为激励参赛者积极创作，本次竞赛设置了丰富的奖项。其中，一等奖 2 名，将获得奖金 10000 元及荣誉证书；二等奖 5 名，奖金 5000 元及荣誉证书；三等奖 10 名，奖金 2000 元及荣誉证书；此外还设有优秀奖 30 名、最佳创意奖 1 名、最佳视觉效果奖 1 名以及优秀组织奖 5 名，各奖项均有相应奖励。​\n评审环节将由业内知名设计师、文化学者等组成专业评审团，从主题契合度、创意表现力、艺术美感、文化内涵等多个维度对参赛作品进行综合评审。评审团表示，将秉持公平、公正、公开的原则，选拔出最能体现汉字解构创意的优秀作品。​\n         竞赛组委会相关负责人强调，汉字解构创意海报竞赛不仅是一场设计赛事，更是一次汉字文化的探索之旅。希望通过此次竞赛，汇聚各界创意力量，让汉字在现代设计中焕发新的生机，让更多人领略汉字文化的博大精深。目前，竞赛报名通道已正式开启，期待广大设计爱好者和汉字文化追随者积极参与，用创意笔墨书写汉字的别样精彩。​\n如需了解更多竞赛详情，可登录竞赛官方网站或关注官方微信公众号查询，也可拨打咨询电话 [具体电话号码] 与组委会联系。', '2025-07-12', 56, '2025-07-14 21:44:37', '2025-07-15 14:22:42');
INSERT INTO `news` VALUES (14, '“绿色地球公益海报设计大赛” 完赛通知', '各位参赛选手、关注本次大赛的社会各界朋友们：​\n大家好！​\n由中国环境保护基金会主办、全国设计行业协会协办的 “绿色地球公益海报设计大赛” 已顺利完成所有赛程，正式落下帷幕。在此，我们向所有积极参与本次大赛的选手们表示衷心的感谢，向关注和支持大赛的社会各界朋友致以诚挚的敬意！​\n本次大赛自启动以来，得到了广大设计爱好者、环保志愿者以及社会各界人士的热烈响应和积极参与。大家以 “绿色地球” 为主题，充分发挥创意与才华，用画笔和设计诠释对环境保护的理解与热爱，提交了众多兼具艺术性和思想性的优秀作品。这些作品不仅展现了参赛者出色的设计能力，更传递了强烈的环保意识和社会责任感，为推动绿色公益事业发展注入了新的活力。​\n大赛组委会本着公平、公正、公开的原则，组织了业内资深专家组成评审团，对所有参赛作品进行了严格、细致的评审。评审过程中，专家们从主题契合度、创意表现力、艺术感染力、环保理念传达等多个维度对作品进行综合考量，经过初评、复评等环节，最终评选出各类获奖作品。​\n目前，获奖名单正在进行最后的核对与确认，将于2025 年 7 月 20 日在大赛官方网站（www.greenpostercontest.org）、官方微信公众号（绿色地球公益大赛）、微博官方账号（@绿色地球海报大赛）等平台正式公布。请各位参赛选手密切关注相关信息发布，及时查询自己的比赛结果。​\n后续，大赛组委会将对获奖作品进行集中展示，通过线上线下相结合的方式，让更多人领略优秀设计作品的魅力，进一步传播绿色环保理念。线上展示将在大赛官方网站专题页面持续展出，线下展览将于2025 年 8 月 5 日 - 8 月 15 日在国家图书馆展览厅举办。同时，我们也将按照大赛章程规定，为获奖选手颁发荣誉证书及相应奖励，具体领奖事宜将在获奖名单公布后另行通知。​\n虽然大赛已圆满结束，但我们对绿色地球的守护永不停歇。希望通过本次大赛，能有更多人加入到环保行动中来，用实际行动为地球增添绿色，共同守护我们美丽的家园。​\n再次感谢所有参赛选手的热情参与和社会各界的大力支持！​\n“绿色地球公益海报设计大赛” 组委会​', '2025-07-15', 35, '2025-07-15 14:15:16', '2025-07-15 14:15:16');
INSERT INTO `news` VALUES (15, '“时光修补古籍海报大赛” 完赛通知', '各位参赛选手、关注本次大赛的社会各界朋友们：​\n大家好！​\n由国家图书馆主办、中国古籍保护协会协办的 “时光修补古籍海报大赛” 已顺利完成所有赛程，正式落下帷幕。在此，我们向所有积极参与本次大赛的选手们表示衷心的感谢，向关注和支持大赛的社会各界朋友致以诚挚的敬意！​\n本次大赛自启动以来，得到了广大设计从业者、古籍爱好者、文化志愿者以及社会各界人士的热烈响应和积极参与。大家以 “时光修补古籍” 为主题，将古籍的沧桑韵味与修复的匠心精神融入设计，用独特的创意和精湛的技艺，呈现出众多兼具文化内涵与视觉美感的优秀作品。这些作品不仅展现了参赛者深厚的文化底蕴和设计实力，更传递了对古籍保护的重视与传承文化的责任担当，为推动古籍保护事业的普及注入了新的动力。​\n大赛组委会秉持公平、公正、公开的原则，邀请了古籍保护领域专家、设计行业资深从业者组成评审团，对所有参赛作品进行了严谨、细致的评审。评审过程中，专家们从主题贴合度、文化内涵挖掘、创意表现形式、视觉传播效果等多个维度对作品进行综合评定，经过初评、复评、终评等环节，最终评选出各类获奖作品。​\n目前，获奖名单正在进行最后的核对与确认，将于2025 年 8 月 10 日在大赛官方网站（www.ancientbookposter.org）、官方微信公众号（古籍修复大赛）、官方微博账号（@时光修补古籍大赛）等平台正式公布。请各位参赛选手密切关注相关信息发布，及时查询自己的比赛结果。​\n后续，大赛组委会将对获奖作品进行集中展示，线上展示将在大赛官方网站专题板块长期展出，线下展览将于2025 年 9 月 1 日 - 9 月 15 日在国家图书馆古籍馆展厅举办。同时，我们将按照大赛章程规定，为获奖选手颁发荣誉证书及相应奖励，具体领奖事宜将在获奖名单公布后另行通知。​\n虽然大赛已圆满结束，但对古籍的守护与文化的传承永无止境。希望通过本次大赛，能有更多人了解古籍修复的意义，加入到古籍保护的行列中来，共同守护千年文脉，让古籍在时光中焕发新的生机。​\n再次感谢所有参赛选手的热情参与和社会各界的大力支持！​\n“时光修补古籍海报大赛” 组委会', '2025-07-15', 61, '2025-07-15 14:20:13', '2025-07-15 14:20:55');
INSERT INTO `news` VALUES (16, '“指尖视野触觉设计大赛” 完赛通知', '各位参赛选手、关注本次大赛的社会各界朋友们：​\n大家好！​\n由中国工业设计协会主办、无障碍设计联盟协办的 “指尖视野触觉设计大赛” 已顺利完成所有赛程，正式落下帷幕。在此，我们向所有积极参与本次大赛的选手们表示衷心的感谢，向关注和支持大赛的社会各界朋友致以诚挚的敬意！​\n本次大赛自启动以来，得到了广大设计从业者、无障碍事业推动者、艺术院校师生以及社会各界人士的热烈响应和积极参与。大家以 “指尖视野触觉设计” 为主题，将触觉感知与视觉表达巧妙融合，用创新的设计理念和精湛的制作技艺，呈现出众多兼具实用性与人文关怀的优秀作品。这些作品不仅展现了参赛者出色的设计功底和跨界思维，更传递了对特殊群体的关注与对无障碍生活的探索，为推动触觉设计领域的发展注入了新的活力。​\n大赛组委会秉持公平、公正、公开的原则，邀请了工业设计领域专家、无障碍设计学者、感官体验研究人员组成评审团，对所有参赛作品进行了严谨、细致的评审。评审过程中，专家们从主题契合度、触觉体验创新性、视觉呈现感染力、实用价值转化等多个维度对作品进行综合评定，经过初评、复评、终评等环节，最终评选出各类获奖作品。​\n目前，获奖名单正在进行最后的核对与确认，将于2025 年 8 月 20 日在大赛官方网站（www.tactiledesigncontest.org）、官方微信公众号（触觉设计大赛）、官方微博账号（@指尖视野设计大赛）等平台正式公布。请各位参赛选手密切关注相关信息发布，及时查询自己的比赛结果。​\n后续，大赛组委会将对获奖作品进行集中展示，线上展示将在大赛官方网站专题板块长期展出，线下展览将于2025 年 9 月 20 日 - 10 月 5 日在国家工业设计研究院展厅举办。同时，我们将按照大赛章程规定，为获奖选手颁发荣誉证书及相应奖励，具体领奖事宜将在获奖名单公布后另行通知。​\n虽然大赛已圆满结束，但对触觉设计的探索与人文关怀的传递永无止境。希望通过本次大赛，能有更多人关注触觉设计的价值，加入到无障碍设计的行列中来，用设计为生活增添温度，让每一种感知都能平等拥抱世界。​\n再次感谢所有参赛选手的热情参与和社会各界的大力支持！​\n“指尖视野触觉设计大赛” 组委会', '2025-07-14', 60, '2025-07-15 14:21:41', '2025-07-15 14:37:27');
INSERT INTO `news` VALUES (17, '“无声对话公益海报大赛” 完赛通知', '各位参赛选手、关注本次大赛的社会各界朋友们：​\n大家好！​\n由中国残疾人联合会主办、公益传播设计联盟协办的 “无声对话公益海报大赛” 已顺利完成所有赛程，正式落下帷幕。在此，我们向所有积极参与本次大赛的选手们表示衷心的感谢，向关注和支持大赛的社会各界朋友致以诚挚的敬意！​\n本次大赛自启动以来，得到了广大设计爱好者、公益志愿者、艺术院校师生以及社会各界人士的热烈响应和积极参与。大家以 “无声对话” 为主题，用视觉语言搭建起与听障群体沟通的桥梁，将对无声世界的理解与关怀融入设计作品中，创作出众多兼具艺术感染力与情感共鸣力的优秀海报作品。这些作品不仅展现了参赛者出色的创意表达能力和设计技巧，更传递了对听障群体的尊重与关爱，为促进无障碍沟通、营造包容友善的社会氛围注入了温暖力量。​\n大赛组委会秉持公平、公正、公开的原则，邀请了公益传播专家、平面设计领域资深从业者、听障人士代表组成评审团，对所有参赛作品进行了严谨、细致的评审。评审过程中，专家们从主题契合度、情感传达深度、视觉创意表现力、社会价值传播等多个维度对作品进行综合评定，经过初评、复评、终评等环节，最终评选出各类获奖作品。​\n目前，获奖名单正在进行最后的核对与确认，将于2025 年 8 月 25 日在大赛官方网站（www.silentdialogueposter.org）、官方微信公众号（无声对话公益大赛）、官方微博账号（@无声对话海报大赛）等平台正式公布。请各位参赛选手密切关注相关信息发布，及时查询自己的比赛结果。​\n后续，大赛组委会将对获奖作品进行集中展示，线上展示将在大赛官方网站专题板块长期展出，线下展览将于2025 年 10 月 10 日 - 10 月 25 日在中国公益设计中心展厅举办。同时，我们将按照大赛章程规定，为获奖选手颁发荣誉证书及相应奖励，具体领奖事宜将在获奖名单公布后另行通知。​\n虽然大赛已圆满结束，但用设计传递关爱、促进无声对话的行动永不停歇。希望通过本次大赛，能有更多人关注听障群体的需求，用善意与创意打破沟通壁垒，共同构建更加包容和谐的社会。​\n再次感谢所有参赛选手的热情参与和社会各界的大力支持！​\n“无声对话公益海报大赛” 组委会', '2025-07-15', 57, '2025-07-15 14:46:52', '2025-07-15 14:46:52');
INSERT INTO `news` VALUES (18, '“明日餐桌可持续海报大赛” 完赛通知', '各位参赛选手、关注本次大赛的社会各界朋友们：​\n大家好！​\n由中国环境保护基金会主办、可持续发展设计联盟协办的 “明日餐桌可持续海报大赛” 已顺利完成所有赛程，正式落下帷幕。在此，我们向所有积极参与本次大赛的选手们表示衷心的感谢，向关注和支持大赛的社会各界朋友致以诚挚的敬意！​\n本次大赛自启动以来，得到了广大设计爱好者、环保志愿者、餐饮从业者以及社会各界人士的热烈响应和积极参与。大家以 “明日餐桌可持续” 为主题，将对粮食安全、低碳饮食、减少浪费等可持续理念的思考融入设计中，创作出众多兼具视觉冲击力与理念传播力的优秀海报作品。这些作品不仅展现了参赛者出色的创意构思和设计能力，更传递了对可持续饮食生活方式的倡导，为推动餐桌文明建设、践行绿色发展理念注入了积极能量。​\n大赛组委会秉持公平、公正、公开的原则，邀请了可持续发展领域专家、平面设计资深从业者、餐饮行业代表组成评审团，对所有参赛作品进行了严谨、细致的评审。评审过程中，专家们从主题契合度、理念传达清晰度、视觉创意表现力、社会倡导价值等多个维度对作品进行综合评定，经过初评、复评、终评等环节，最终评选出各类获奖作品。​\n目前，获奖名单正在进行最后的核对与确认，将于2025 年 9 月 5 日在大赛官方网站（www.tomorrowstableposter.org）、官方微信公众号（明日餐桌可持续大赛）、官方微博账号（@明日餐桌海报大赛）等平台正式公布。请各位参赛选手密切关注相关信息发布，及时查询自己的比赛结果。​\n后续，大赛组委会将对获奖作品进行集中展示，线上展示将在大赛官方网站专题板块长期展出，线下展览将于2025 年 11 月 1 日 - 11 月 15 日在中国可持续发展展览馆举办。同时，我们将按照大赛章程规定，为获奖选手颁发荣誉证书及相应奖励，具体领奖事宜将在获奖名单公布后另行通知。​\n虽然大赛已圆满结束，但对明日餐桌可持续发展的追求永不停歇。希望通过本次大赛，能有更多人关注饮食与环境的关系，践行光盘行动、选择绿色食材，共同守护舌尖上的可持续未来。​\n再次感谢所有参赛选手的热情参与和社会各界的大力支持！​\n“明日餐桌可持续海报大赛” 组委会', '2025-07-15', 55, '2025-07-15 14:48:09', '2025-07-15 14:48:09');
INSERT INTO `news` VALUES (19, '“暗夜之光活体海报大赛” 完赛通知', '各位参赛选手、关注本次大赛的社会各界朋友们：​\n大家好！​\n由中国照明学会主办、生态艺术设计联盟协办的 “暗夜之光活体海报大赛” 已顺利完成所有赛程，正式落下帷幕。在此，我们向所有积极参与本次大赛的选手们表示衷心的感谢，向关注和支持大赛的社会各界朋友致以诚挚的敬意！​\n本次大赛自启动以来，得到了广大艺术设计从业者、环保爱好者、灯光设计专业师生以及社会各界人士的热烈响应和积极参与。大家以 “暗夜之光活体海报” 为主题，将自然生态与光影艺术巧妙融合，用富有创意的设计展现暗夜中生命的活力与光芒，创作出众多兼具生态内涵与视觉震撼力的优秀作品。这些作品不仅展现了参赛者出色的跨界设计能力和艺术感知力，更传递了对暗夜生态保护的重视与对自然生命的敬畏，为推动暗夜环境可持续发展注入了创意力量。​\n大赛组委会秉持公平、公正、公开的原则，邀请了照明设计专家、生态环保学者、视觉艺术领域资深从业者组成评审团，对所有参赛作品进行了严谨、细致的评审。评审过程中，专家们从主题契合度、生态理念传达、光影创意表现力、艺术融合度等多个维度对作品进行综合评定，经过初评、复评、终评等环节，最终评选出各类获奖作品。​\n目前，获奖名单正在进行最后的核对与确认，将于2025 年 9 月 15 日在大赛官方网站（www.darknesslightposter.org）、官方微信公众号（暗夜之光活体海报大赛）、官方微博账号（@暗夜之光海报大赛）等平台正式公布。请各位参赛选手密切关注相关信息发布，及时查询自己的比赛结果。​\n后续，大赛组委会将对获奖作品进行集中展示，线上展示将在大赛官方网站专题板块长期展出，线下展览将于2025 年 12 月 1 日 - 12 月 15 日在中国生态艺术展览馆举办。同时，我们将按照大赛章程规定，为获奖选手颁发荣誉证书及相应奖励，具体领奖事宜将在获奖名单公布后另行通知。​\n虽然大赛已圆满结束，但对暗夜生态之美的探索与守护永不停歇。希望通过本次大赛，能有更多人关注暗夜环境的重要性，共同守护自然的昼夜平衡，让暗夜之光永远闪耀。​\n再次感谢所有参赛选手的热情参与和社会各界的大力支持！​\n“暗夜之光活体海报大赛” 组委会', '2025-07-15', 58, '2025-07-15 14:50:14', '2025-07-15 14:50:24');
INSERT INTO `news` VALUES (20, '“虚拟城市构造者海报赛” 完赛通知', '各位参赛选手、关注本次大赛的社会各界朋友们：​\n大家好！​\n由中国建筑装饰协会主办、数字艺术设计联盟协办的 “虚拟城市构造者海报赛” 已顺利完成所有赛程，正式落下帷幕。在此，我们向所有积极参与本次大赛的选手们表示衷心的感谢，向关注和支持大赛的社会各界朋友致以诚挚的敬意！​\n本次大赛自启动以来，得到了广大建筑设计从业者、数字艺术爱好者、高校相关专业师生以及社会各界人士的热烈响应和积极参与。大家以 “虚拟城市构造者” 为主题，将前沿科技与城市美学深度融合，用富有想象力的设计展现虚拟城市的未来图景与无限可能，创作出众多兼具科技感与艺术感的优秀海报作品。这些作品不仅展现了参赛者出色的创意构思能力和数字设计技巧，更传递了对未来城市发展的思考与探索，为推动虚拟城市设计领域的创新发展注入了新的活力。​\n大赛组委会秉持公平、公正、公开的原则，邀请了建筑设计专家、数字艺术领域资深从业者、科技行业代表组成评审团，对所有参赛作品进行了严谨、细致的评审。评审过程中，专家们从主题契合度、科技理念传达、创意表现力、视觉感染力等多个维度对作品进行综合评定，经过初评、复评、终评等环节，最终评选出各类获奖作品。​\n目前，获奖名单正在进行最后的核对与确认，将于2025 年 10 月 10 日在大赛官方网站（www.virtualcityposter.org）、官方微信公众号（虚拟城市构造者海报赛）、官方微博账号（@虚拟城市海报大赛）等平台正式公布。请各位参赛选手密切关注相关信息发布，及时查询自己的比赛结果。​\n后续，大赛组委会将对获奖作品进行集中展示，线上展示将在大赛官方网站专题板块长期展出，线下展览将于2026 年 1 月 5 日 - 1 月 20 日在中国数字建筑展览馆举办。同时，我们将按照大赛章程规定，为获奖选手颁发荣誉证书及相应奖励，具体领奖事宜将在获奖名单公布后另行通知。​\n虽然大赛已圆满结束，但对虚拟城市的创新构想与探索永不停歇。希望通过本次大赛，能有更多人关注虚拟城市设计领域的发展，用创意与科技勾勒未来城市的美好蓝图，共同推动城市数字化建设的进步。​\n再次感谢所有参赛选手的热情参与和社会各界的大力支持！​\n“虚拟城市构造者海报赛” 组委会', '2025-07-15', 54, '2025-07-15 14:52:46', '2025-07-15 14:53:15');
INSERT INTO `news` VALUES (21, '“气味宇宙感官海报大赛” 完赛通知', '各位参赛选手、关注本次大赛的社会各界朋友们：​\n大家好！​\n由中国香料香精化妆品工业协会主办、感官体验设计联盟协办的 “气味宇宙感官海报大赛” 已顺利完成所有赛程，正式落下帷幕。在此，我们向所有积极参与本次大赛的选手们表示衷心的感谢，向关注和支持大赛的社会各界朋友致以诚挚的敬意！​\n本次大赛自启动以来，得到了广大设计爱好者、感官体验研究者、艺术院校相关专业师生以及社会各界人士的热烈响应和积极参与。大家以 “气味宇宙感官” 为主题，将无形的气味通过视觉语言具象化表达，用富有创意的设计展现气味世界的丰富层次与独特魅力，创作出众多兼具想象力与感染力的优秀海报作品。这些作品不仅展现了参赛者出色的创意转化能力和视觉表达技巧，更传递了对气味感官体验的探索与感悟，为推动气味与感官设计领域的创新发展注入了新的灵感。​\n大赛组委会秉持公平、公正、公开的原则，邀请了感官科学专家、平面设计领域资深从业者、芳香疗法行业代表组成评审团，对所有参赛作品进行了严谨、细致的评审。评审过程中，专家们从主题契合度、气味意象传达、创意表现力、感官联想度、视觉感染力等多个维度对作品进行综合评定，经过初评、复评、终评等环节，最终评选出各类获奖作品。​\n目前，获奖名单正在进行最后的核对与确认，将于2025 年 10 月 20 日在大赛官方网站（www.scentuniverseposter.org）、官方微信公众号（气味宇宙感官海报大赛）、官方微博账号（@气味宇宙海报大赛）等平台正式公布。请各位参赛选手密切关注相关信息发布，及时查询自己的比赛结果。​\n后续，大赛组委会将对获奖作品进行集中展示，线上展示将在大赛官方网站专题板块长期展出，线下展览将于2026 年 2 月 1 日 - 2 月 15 日在中国感官体验艺术馆举办。同时，我们将按照大赛章程规定，为获奖选手颁发荣誉证书及相应奖励，具体领奖事宜将在获奖名单公布后另行通知。​\n虽然大赛已圆满结束，但对气味宇宙的感官探索与创意表达永不停歇。希望通过本次大赛，能有更多人关注气味与感官设计的奇妙关联，用设计唤醒更多人对气味世界的感知，共同丰富感官体验的维度。​\n再次感谢所有参赛选手的热情参与和社会各界的大力支持！​\n“气味宇宙感官海报大赛” 组委会', '2025-07-15', 56, '2025-07-15 14:55:14', '2025-07-15 14:55:14');
INSERT INTO `news` VALUES (22, '“非遗焕新 —— 中国风创意海报赛” 完赛通知', '各位参赛选手、关注本次大赛的社会各界朋友们：​\n大家好！​\n由中国非物质文化遗产保护中心主办、中国传统文化创意设计联盟协办的 “非遗焕新 —— 中国风创意海报赛” 已顺利完成所有赛程，正式落下帷幕。在此，我们向所有积极参与本次大赛的选手们表示衷心的感谢，向关注和支持大赛的社会各界朋友致以诚挚的敬意！​\n本次大赛自启动以来，得到了广大非遗爱好者、创意设计从业者、艺术院校师生以及社会各界人士的热烈响应和积极参与。大家以 “非遗焕新 —— 中国风” 为主题，将传统非遗元素与现代设计语言巧妙融合，用富有创意的视觉表达展现非遗文化的当代活力与独特魅力，创作出众多兼具文化底蕴与时代气息的优秀海报作品。这些作品不仅展现了参赛者出色的文化转化能力和创意设计技巧，更传递了对非遗传承与创新的深刻思考，为推动非遗文化的活态传承与创新发展注入了新的动力。​\n大赛组委会秉持公平、公正、公开的原则，邀请了非遗研究专家、平面设计领域资深从业者、传统文化学者组成评审团，对所有参赛作品进行了严谨、细致的评审。评审过程中，专家们从主题契合度、非遗元素运用、创意表现力、文化内涵传达、视觉感染力等多个维度对作品进行综合评定，经过初评、复评、终评等环节，最终评选出各类获奖作品。​\n目前，获奖名单正在进行最后的核对与确认，将于2025 年 11 月 10 日在大赛官方网站（www.intangibleheritageposter.org）、官方微信公众号（非遗焕新创意海报赛）、官方微博账号（@非遗焕新海报大赛）等平台正式公布。请各位参赛选手密切关注相关信息发布，及时查询自己的比赛结果。​\n后续，大赛组委会将对获奖作品进行集中展示，线上展示将在大赛官方网站专题板块长期展出，线下展览将于2026 年 3 月 1 日 - 3 月 15 日在中国非物质文化遗产馆举办。同时，我们将按照大赛章程规定，为获奖选手颁发荣誉证书及相应奖励，具体领奖事宜将在获奖名单公布后另行通知。​\n虽然大赛已圆满结束，但对非遗文化的传承与焕新之路永无止境。希望通过本次大赛，能有更多人关注非遗的当代价值，用创意赋予非遗新的生命力，让优秀传统文化在新时代绽放光彩。​\n再次感谢所有参赛选手的热情参与和社会各界的大力支持！​\n“非遗焕新 —— 中国风创意海报赛” 组委会', '2025-07-15', 36, '2025-07-15 15:00:52', '2025-07-15 15:00:52');
INSERT INTO `news` VALUES (23, '情感共振海报大赛完赛通告', '各位环保先锋、设计同仁、关注海洋命运的社会各界朋友们：​\n大家好！​\n由联合国环境规划署指导、Ocean Cleanup组织协办的 “全球海洋塑料污染治理创意海报大赛” 已顺利完成所有赛程，正式落下帷幕。在此，我们向所有倾力参与的设计师团队表示诚挚感谢，向支持海洋保护事业的社会各界致以深海般的敬意！​\n\n本次大赛自2025年6月启动以来，收到全球环保设计师、材料科研团队、海洋保护组织的热烈响应。你们以 “重塑蓝星” 为使命，用视觉语言揭露塑料污染的血泪真相——从信天翁胃中的瓶盖到人体血液中的微塑料，更以再生材料为武器，将废弃渔网化为艺术载体、用回收瓶片熔铸希望图腾。每一幅实体海报都是对海洋的赎罪券，每一份扫码即达的净滩地图都是向污染的宣战书！​\n\n大赛组委会恪守 科学、公正、可行 三大原则，特邀三大权威团体组成评审团：\n🔹 海洋科学家（国家海洋实验室首席研究员）\n🔹 再生材料专家（Circular Economy Institute技术总监）\n🔹 环保行动领袖（全球最大净滩组织发起人）\n从 污染数据准确性、再生工艺创新性、行动号召有效性、商业孵化可行性 四大维度，历经数据核验、材料测试、公众投票、终极答辩四重淬炼，最终完成所有评审。\n\n重要日程公告：\n✅ 获奖名单公布：2025年7月28日\n▸ 官方平台：大赛官网（www.plastic-ocean-redemption.org）\n▸ 社交媒体：Twitter@PlasticPosterBattle / 微信公众号“海洋重生计划”\n✅ 全球巡展启动：2025年12月8日（环太平洋20国首站：旧金山再生艺术码头）\n✅ 创业孵化签约：2025年8月10日于荷兰Ocean Cleanup总部举行\n\n后续行动纲领：\n1️⃣ 作品永生计划\n▸ 线上：官网永久展示获奖作品数据可视化系统（实时更新海洋塑料污染指数）\n▸ 线下：2025.10.15-11.15 全球巡展首站·夏威夷塑料垃圾转化艺术馆\n2️⃣ 方案落地行动\n▸ 优胜团队将获得：\n\nOcean Cleanup再生材料研发基金（最高50万美元）\n环太平洋国家政府清洁技术采购对接\nMIT材料实验室3个月驻场研发资格\n虽然大赛暂告段落，但净化海洋的征途永无终点。愿这些浸透盐分的创作成为刺破麻木的鱼叉，让每一份再生设计化作拯救蓝星的方舟！\n\n深海不息，希望永洄。\n“全球海洋塑料污染治理创意海报大赛”组委会\n2025年7月26日', '2025-07-28', 52, '2025-07-27 00:02:13', '2025-07-27 00:02:21');

-- ----------------------------
-- Table structure for praise
-- ----------------------------
DROP TABLE IF EXISTS `praise`;
CREATE TABLE `praise`  (
  `id` int NOT NULL AUTO_INCREMENT COMMENT '点赞id',
  `work_id` int NOT NULL COMMENT '队伍id',
  `user_id` int NOT NULL COMMENT '点赞用户id',
  `create_time` datetime NOT NULL COMMENT '创建时间',
  `update_time` datetime NOT NULL COMMENT '更新时间',
  PRIMARY KEY (`id`) USING BTREE
) ENGINE = InnoDB AUTO_INCREMENT = 2 CHARACTER SET = utf8mb4 COLLATE = utf8mb4_0900_ai_ci ROW_FORMAT = Dynamic;

-- ----------------------------
-- Records of praise
-- ----------------------------

-- ----------------------------
-- Table structure for price
-- ----------------------------
DROP TABLE IF EXISTS `price`;
CREATE TABLE `price`  (
  `id` int NOT NULL AUTO_INCREMENT COMMENT '奖状id',
  `team_id` int NOT NULL COMMENT '队伍id',
  `award` varchar(50) CHARACTER SET utf8mb4 COLLATE utf8mb4_0900_ai_ci NOT NULL COMMENT '奖项',
  `price_url` varchar(200) CHARACTER SET utf8mb4 COLLATE utf8mb4_0900_ai_ci NOT NULL COMMENT '奖状url',
  `create_time` datetime NOT NULL COMMENT '创建时间',
  `update_time` datetime NOT NULL COMMENT '更新时间',
  PRIMARY KEY (`id`) USING BTREE
) ENGINE = InnoDB AUTO_INCREMENT = 1 CHARACTER SET = utf8mb4 COLLATE = utf8mb4_0900_ai_ci ROW_FORMAT = Dynamic;

-- ----------------------------
-- Records of price
-- ----------------------------

-- ----------------------------
-- Table structure for score
-- ----------------------------
DROP TABLE IF EXISTS `score`;
CREATE TABLE `score`  (
  `id` int NOT NULL AUTO_INCREMENT COMMENT '评价id',
  `team_id` int NOT NULL COMMENT '队伍id',
  `judge_id` int NOT NULL COMMENT '评委id',
  `score` int NOT NULL COMMENT '评分',
  `comment` varchar(1000) CHARACTER SET utf8mb4 COLLATE utf8mb4_0900_ai_ci NOT NULL COMMENT '评语',
  `create_time` datetime NOT NULL COMMENT '创建时间',
  `update_time` datetime NOT NULL COMMENT '更新时间',
  `competition_id` int NOT NULL COMMENT '队伍参加竞赛id',
  PRIMARY KEY (`id`) USING BTREE
) ENGINE = InnoDB AUTO_INCREMENT = 107 CHARACTER SET = utf8mb4 COLLATE = utf8mb4_0900_ai_ci ROW_FORMAT = Dynamic;

-- ----------------------------
-- Records of score
-- ----------------------------
INSERT INTO `score` VALUES (37, 337, 1, 56, '挺好的', '2025-07-15 14:02:10', '2025-07-15 14:02:10', 63);
INSERT INTO `score` VALUES (38, 340, 1, 73, '挺好的', '2025-07-15 14:02:19', '2025-07-15 14:02:19', 63);
INSERT INTO `score` VALUES (39, 341, 1, 35, '挺好的', '2025-07-15 14:02:28', '2025-07-15 14:02:28', 63);
INSERT INTO `score` VALUES (40, 342, 1, 92, '挺好的', '2025-07-15 14:02:35', '2025-07-15 14:02:35', 63);
INSERT INTO `score` VALUES (41, 343, 1, 1, '挺好的', '2025-07-15 14:02:57', '2025-07-15 14:02:57', 63);
INSERT INTO `score` VALUES (42, 344, 1, 68, '挺好的', '2025-07-15 14:03:22', '2025-07-15 14:03:22', 63);
INSERT INTO `score` VALUES (43, 345, 1, 75, '主题切入角度新颖，将抽象概念用视觉隐喻呈现，令人眼前一亮', '2025-07-15 14:06:21', '2025-07-15 14:06:21', 63);
INSERT INTO `score` VALUES (44, 346, 1, 79, '创意概念完整，但执行略显保守，可更大胆突破常规\n', '2025-07-15 14:06:41', '2025-07-15 14:06:41', 63);
INSERT INTO `score` VALUES (45, 347, 1, 86, '用反向思维解构主题，形成强烈记忆点', '2025-07-15 14:06:53', '2025-07-15 14:06:53', 63);
INSERT INTO `score` VALUES (46, 348, 1, 73, '创意与主题关联度弱，需加强概念聚焦', '2025-07-15 14:07:07', '2025-07-15 14:07:07', 63);
INSERT INTO `score` VALUES (47, 349, 1, 67, '将传统元素未来化转译，文化深度与当代感并存', '2025-07-15 14:07:18', '2025-07-15 14:07:18', 63);
INSERT INTO `score` VALUES (48, 350, 1, 75, '概念碎片化，需建立更清晰的视觉叙事逻辑', '2025-07-15 14:07:28', '2025-07-15 14:07:28', 63);
INSERT INTO `score` VALUES (49, 351, 1, 78, '用微观视角折射宏大主题，四两拨千斤', '2025-07-15 14:07:41', '2025-07-15 14:07:41', 63);
INSERT INTO `score` VALUES (50, 362, 1, 56, '创意雷同度高，建议调研同类作品避免撞车', '2025-07-15 14:07:53', '2025-07-15 14:07:53', 63);
INSERT INTO `score` VALUES (51, 363, 1, 79, '跨媒介思维出色，静态海报暗藏动态叙事伏笔', '2025-07-15 14:08:06', '2025-07-15 14:08:06', 63);
INSERT INTO `score` VALUES (52, 364, 1, 67, '概念执行过度复杂，削弱核心信息传达', '2025-07-15 14:08:16', '2025-07-15 14:08:16', 63);
INSERT INTO `score` VALUES (53, 367, 1, 75, '高对比配色制造视觉爆点，3米外仍能瞬间抓人', '2025-07-15 14:08:29', '2025-07-15 14:08:29', 63);
INSERT INTO `score` VALUES (54, 368, 1, 76, '构图重心失衡，视觉动线混乱需调整', '2025-07-15 14:08:39', '2025-07-15 14:08:39', 63);
INSERT INTO `score` VALUES (55, 369, 1, 86, '负空间运用精妙，营造呼吸感', '2025-07-15 14:08:53', '2025-07-15 14:08:53', 63);
INSERT INTO `score` VALUES (56, 370, 1, 100, '荧光色与哑光材质碰撞产生奇妙质感', '2025-07-15 14:09:36', '2025-07-15 14:09:36', 63);
INSERT INTO `score` VALUES (57, 371, 1, 76, '视觉层级清晰，阅读节奏如鼓点般精准', '2025-07-15 14:09:56', '2025-07-15 14:09:56', 63);
INSERT INTO `score` VALUES (58, 372, 1, 67, '元素堆叠过满，建议做减法突出主体', '2025-07-15 14:10:15', '2025-07-15 14:10:15', 63);
INSERT INTO `score` VALUES (59, 377, 1, 89, '好作品', '2025-07-15 14:41:02', '2025-07-15 14:41:02', 63);
INSERT INTO `score` VALUES (60, 378, 1, 67, '主题切入角度新颖，将抽象概念用视觉隐喻呈现，令人眼前一亮', '2025-07-15 15:06:00', '2025-07-15 15:06:00', 63);
INSERT INTO `score` VALUES (61, 379, 1, 76, '高对比配色制造视觉爆点，3米外仍能瞬间抓人', '2025-07-15 15:06:27', '2025-07-15 15:06:27', 63);
INSERT INTO `score` VALUES (62, 380, 1, 86, '电子海报文件体积过大，加载时间过长', '2025-07-15 15:07:32', '2025-07-15 15:07:32', 63);
INSERT INTO `score` VALUES (63, 381, 1, 92, '实验性强，适合参加专业展览', '2025-07-15 15:07:50', '2025-07-15 15:07:50', 63);
INSERT INTO `score` VALUES (64, 382, 1, 86, '字体大小跳跃幅度过大，破坏阅读连贯性', '2025-07-15 15:08:15', '2025-07-15 15:08:15', 63);
INSERT INTO `score` VALUES (65, 383, 1, 72, '手绘插画风格独特，笔触情绪饱满', '2025-07-15 15:08:32', '2025-07-15 15:08:32', 63);
INSERT INTO `score` VALUES (66, 384, 1, 68, '撞色搭配大胆但需控制面积比例', '2025-07-15 15:08:53', '2025-07-15 15:08:53', 63);
INSERT INTO `score` VALUES (67, 337, 18, 68, '撞色搭配大胆但需控制面积比例', '2025-07-15 15:10:11', '2025-07-15 15:10:11', 63);
INSERT INTO `score` VALUES (68, 340, 18, 86, '像素画风格需控制显示尺寸避免锯齿', '2025-07-15 15:11:00', '2025-07-15 15:11:00', 63);
INSERT INTO `score` VALUES (69, 341, 18, 68, '背景纹理喧宾夺主，干扰主体识别', '2025-07-15 15:11:30', '2025-07-15 15:11:30', 63);
INSERT INTO `score` VALUES (70, 342, 18, 81, '主题切入角度新颖，将抽象概念用视觉隐喻呈现，令人眼前一亮', '2025-07-15 15:11:51', '2025-07-15 15:11:51', 63);
INSERT INTO `score` VALUES (71, 343, 18, 72, '用反向思维解构主题，形成强烈记忆点', '2025-07-15 15:12:18', '2025-07-15 15:12:18', 63);
INSERT INTO `score` VALUES (72, 344, 18, 78, '信息架构混乱，观众需\"解密\"式阅读', '2025-07-15 15:12:55', '2025-07-15 15:12:55', 63);
INSERT INTO `score` VALUES (73, 345, 18, 71, '文字绕图排版富有韵律，但需注意易读性', '2025-07-15 15:13:12', '2025-07-15 15:13:12', 63);
INSERT INTO `score` VALUES (74, 346, 18, 85, '跨媒介思维出色，静态海报暗藏动态叙事伏笔', '2025-07-15 15:13:36', '2025-07-15 15:13:36', 63);
INSERT INTO `score` VALUES (75, 347, 18, 82, ' 负空间运用精妙，营造呼吸感', '2025-07-15 15:13:53', '2025-07-15 15:13:53', 63);
INSERT INTO `score` VALUES (76, 348, 18, 72, '文字绕图排版富有韵律，但需注意易读性', '2025-07-15 15:14:16', '2025-07-15 15:14:16', 63);
INSERT INTO `score` VALUES (77, 349, 18, 75, '荧光色与哑光材质碰撞产生奇妙质感', '2025-07-15 15:14:33', '2025-07-15 15:14:33', 63);
INSERT INTO `score` VALUES (78, 350, 18, 82, '跨媒介思维出色，静态海报暗藏动态叙事伏笔', '2025-07-15 15:14:56', '2025-07-15 15:14:56', 63);
INSERT INTO `score` VALUES (79, 351, 18, 95, '初看平淡，越看越有细节惊喜', '2025-07-15 15:15:37', '2025-07-15 15:15:37', 63);
INSERT INTO `score` VALUES (80, 362, 18, 75, '极简主义发挥到极致，每个像素都在呼吸', '2025-07-15 15:16:34', '2025-07-15 15:16:34', 63);
INSERT INTO `score` VALUES (81, 363, 18, 76, '垂直居中构图庄重，但略显呆板', '2025-07-15 15:17:06', '2025-07-15 15:17:06', 63);
INSERT INTO `score` VALUES (82, 364, 18, 86, '动态模糊效果使用失当，导致信息识别困难', '2025-07-15 15:17:26', '2025-07-15 15:17:26', 63);
INSERT INTO `score` VALUES (83, 367, 18, 82, '对角线构图张力十足，但底部信息易被忽略', '2025-07-15 15:17:46', '2025-07-15 15:17:46', 63);
INSERT INTO `score` VALUES (84, 368, 18, 86, '跨媒介思维出色，静态海报暗藏动态叙事伏笔', '2025-07-15 15:18:09', '2025-07-15 15:18:09', 63);
INSERT INTO `score` VALUES (85, 369, 18, 89, '创意概念完整，但执行略显保守，可更大胆突破常规', '2025-07-15 15:18:29', '2025-07-15 15:18:29', 63);
INSERT INTO `score` VALUES (86, 370, 18, 68, '视觉层级清晰，阅读节奏如鼓点般精准', '2025-07-15 15:18:43', '2025-07-15 15:18:43', 63);
INSERT INTO `score` VALUES (87, 370, 18, 67, '创意雷同度高，建议调研同类作品避免撞车', '2025-07-15 15:18:59', '2025-07-15 15:18:59', 63);
INSERT INTO `score` VALUES (88, 371, 18, 76, '构图重心失衡，视觉动线混乱需调整', '2025-07-15 15:19:15', '2025-07-15 15:19:15', 63);
INSERT INTO `score` VALUES (89, 372, 18, 72, '动态模糊效果使用失当，导致信息识别困难', '2025-07-15 15:19:38', '2025-07-15 15:19:38', 63);
INSERT INTO `score` VALUES (90, 377, 18, 100, '太厉害了，从见过如此优秀的作品，实在是太厉害了，太完美了，太无敌了，已经无人可以超越了', '2025-07-15 15:22:03', '2025-07-15 15:22:03', 63);
INSERT INTO `score` VALUES (91, 378, 18, 64, '信息架构混乱，观众需\"解密\"式阅读', '2025-07-15 15:22:34', '2025-07-15 15:22:34', 63);
INSERT INTO `score` VALUES (92, 379, 18, 85, '荧光色与哑光材质碰撞产生奇妙质感', '2025-07-15 15:23:00', '2025-07-15 15:23:00', 63);
INSERT INTO `score` VALUES (93, 380, 18, 86, '夜间模式适配良好，暗色背景不刺眼', '2025-07-15 15:23:43', '2025-07-15 15:23:43', 63);
INSERT INTO `score` VALUES (94, 381, 18, 92, '传统纹样解构重组展现文化新生', '2025-07-15 15:23:56', '2025-07-15 15:23:56', 63);
INSERT INTO `score` VALUES (95, 382, 18, 82, '写实摄影与插画拼贴产生超现实感', '2025-07-15 15:24:35', '2025-07-15 15:24:35', 63);
INSERT INTO `score` VALUES (96, 383, 18, 82, '矢量插画干净利落，适合商业延展', '2025-07-15 15:27:25', '2025-07-15 15:27:25', 63);
INSERT INTO `score` VALUES (97, 384, 18, 75, '暗部细节丢失，建议提升色彩明度', '2025-07-15 15:27:51', '2025-07-15 15:27:51', 63);
INSERT INTO `score` VALUES (98, 386, 16, 100, '棒棒的', '2025-07-15 16:28:17', '2025-07-15 16:28:17', 47);
INSERT INTO `score` VALUES (99, 386, 16, 100, '很好', '2025-07-15 16:28:43', '2025-07-15 16:28:43', 36);
INSERT INTO `score` VALUES (100, 386, 16, 100, '好', '2025-07-15 16:28:59', '2025-07-15 16:28:59', 54);
INSERT INTO `score` VALUES (101, 386, 16, 90, '好', '2025-07-15 16:29:09', '2025-07-15 16:29:09', 56);
INSERT INTO `score` VALUES (102, 339, 18, 91, '还不错', '2025-07-15 19:57:35', '2025-07-15 19:57:35', 52);
INSERT INTO `score` VALUES (103, 389, 18, 90, '好的作品', '2025-07-15 19:57:51', '2025-07-15 19:57:51', 52);
INSERT INTO `score` VALUES (104, 391, 18, 100, '好', '2025-07-16 15:24:32', '2025-07-16 15:24:32', 52);
INSERT INTO `score` VALUES (105, 392, 18, 100, '很好', '2025-07-16 15:32:13', '2025-07-16 15:32:13', 52);
INSERT INTO `score` VALUES (106, 393, 18, 92, '很好', '2025-07-16 16:08:08', '2025-07-16 16:08:08', 48);

-- ----------------------------
-- Table structure for team
-- ----------------------------
DROP TABLE IF EXISTS `team`;
CREATE TABLE `team`  (
  `id` int NOT NULL AUTO_INCREMENT COMMENT '队伍id',
  `team` varchar(50) CHARACTER SET utf8mb4 COLLATE utf8mb4_0900_ai_ci NOT NULL COMMENT '队名',
  `teacher_id` int NULL DEFAULT NULL COMMENT '指导老师(用户id)',
  `create_time` datetime NOT NULL COMMENT '创建时间',
  `update_time` datetime NOT NULL COMMENT '更新时间',
  `team_status` int NOT NULL DEFAULT 0 COMMENT '团队状态（0可操作、1锁定）',
  PRIMARY KEY (`id`) USING BTREE,
  INDEX `team_index`(`team` ASC) USING BTREE COMMENT '队伍名索引'
) ENGINE = InnoDB AUTO_INCREMENT = 396 CHARACTER SET = utf8mb4 COLLATE = utf8mb4_0900_ai_ci ROW_FORMAT = Dynamic;

-- ----------------------------
-- Records of team
-- ----------------------------
INSERT INTO `team` VALUES (336, '文旅设计队', 1, '2025-07-14 06:26:11', '2025-07-14 06:26:11', 0);
INSERT INTO `team` VALUES (337, '保护环境，人人有责', 7, '2025-07-14 20:10:47', '2025-07-14 20:10:47', 0);
INSERT INTO `team` VALUES (339, '嘎嘎嘎', 1, '2025-07-14 20:45:29', '2025-07-14 20:45:29', 0);
INSERT INTO `team` VALUES (340, '我要做海报', 1, '2025-07-14 20:49:34', '2025-07-14 20:49:34', 0);
INSERT INTO `team` VALUES (341, '咯咯咯', 1, '2025-07-14 20:51:47', '2025-07-14 20:51:47', 0);
INSERT INTO `team` VALUES (342, '森林小纵队', 1, '2025-07-14 20:53:41', '2025-07-14 20:53:41', 0);
INSERT INTO `team` VALUES (343, '人人有责，保护环境', 1, '2025-07-14 20:55:54', '2025-07-14 20:55:54', 0);
INSERT INTO `team` VALUES (344, 'gagaga', 1, '2025-07-14 20:57:13', '2025-07-14 20:57:13', 0);
INSERT INTO `team` VALUES (345, 'gegege', 1, '2025-07-14 21:00:05', '2025-07-14 21:00:05', 0);
INSERT INTO `team` VALUES (346, '坤坤', 1, '2025-07-14 21:01:12', '2025-07-14 21:01:12', 0);
INSERT INTO `team` VALUES (347, '第五人格', 1, '2025-07-14 21:02:40', '2025-07-14 21:02:40', 0);
INSERT INTO `team` VALUES (348, '爱坤', 1, '2025-07-14 21:04:02', '2025-07-14 21:04:02', 0);
INSERT INTO `team` VALUES (349, 'ak', 1, '2025-07-14 21:08:51', '2025-07-14 21:08:51', 0);
INSERT INTO `team` VALUES (350, 'csgo', 1, '2025-07-14 21:10:21', '2025-07-14 21:10:21', 0);
INSERT INTO `team` VALUES (351, '我要保护环境', 1, '2025-07-14 21:11:49', '2025-07-14 21:11:49', 0);
INSERT INTO `team` VALUES (352, '田溯开说的都', 1, '2025-07-14 21:27:52', '2025-07-14 21:27:52', 0);
INSERT INTO `team` VALUES (353, '111', 1, '2025-07-14 21:32:12', '2025-07-14 21:32:12', 0);
INSERT INTO `team` VALUES (354, '222', 1, '2025-07-14 21:34:51', '2025-07-14 21:34:51', 0);
INSERT INTO `team` VALUES (355, '555', 1, '2025-07-14 21:36:41', '2025-07-14 21:36:41', 0);
INSERT INTO `team` VALUES (362, '我要打比赛', 1, '2025-07-15 10:08:09', '2025-07-15 10:08:09', 0);
INSERT INTO `team` VALUES (363, '我要打三角洲', 1, '2025-07-15 10:11:14', '2025-07-15 10:11:14', 0);
INSERT INTO `team` VALUES (364, '我要打篮球', 1, '2025-07-15 10:12:27', '2025-07-15 10:12:27', 0);
INSERT INTO `team` VALUES (365, '1234', 0, '2025-07-15 10:14:50', '2025-07-15 10:14:50', 0);
INSERT INTO `team` VALUES (366, '12345', 0, '2025-07-15 10:15:17', '2025-07-15 10:15:17', 0);
INSERT INTO `team` VALUES (367, 'my', 1, '2025-07-15 10:15:28', '2025-07-15 10:15:28', 0);
INSERT INTO `team` VALUES (368, 'csgo！！！', 1, '2025-07-15 10:16:29', '2025-07-15 10:16:29', 0);
INSERT INTO `team` VALUES (369, '我想保护环境', 1, '2025-07-15 10:17:48', '2025-07-15 10:17:48', 0);
INSERT INTO `team` VALUES (370, '我也要保护环境', 1, '2025-07-15 10:21:07', '2025-07-15 10:21:07', 0);
INSERT INTO `team` VALUES (371, '我要保护环境一坤年', 1, '2025-07-15 10:23:17', '2025-07-15 10:23:17', 0);
INSERT INTO `team` VALUES (372, '环境小纵队', 1, '2025-08-12 14:44:57', '2025-07-15 10:41:51', 0);
INSERT INTO `team` VALUES (373, '我是高贵的三国杀玩家', 1, '2025-08-12 14:44:57', '2025-07-15 10:50:13', 0);
INSERT INTO `team` VALUES (374, '海报突击队', 1, '2025-07-15 10:52:55', '2025-07-15 10:52:55', 0);
INSERT INTO `team` VALUES (376, '像素炼金术', 226, '2025-08-10 14:33:37', '2025-07-15 14:15:01', 0);
INSERT INTO `team` VALUES (377, '像素炼金术再次伟大', 52, '2025-08-11 14:33:37', '2025-07-15 14:23:29', 0);
INSERT INTO `team` VALUES (378, '灵感风暴局', 53, '2025-08-10 14:33:37', '2025-07-15 14:27:35', 0);
INSERT INTO `team` VALUES (379, '视觉造梦厂', 54, '2025-08-10 14:33:37', '2025-07-15 14:33:37', 0);
INSERT INTO `team` VALUES (380, '脑洞印刷机', 226, '2025-08-12 14:44:57', '2025-07-15 14:44:57', 0);
INSERT INTO `team` VALUES (381, '色相游击队', 56, '2025-07-15 14:50:08', '2025-07-15 14:50:08', 0);
INSERT INTO `team` VALUES (382, '排版狂想曲', 57, '2025-07-15 14:53:25', '2025-07-15 14:53:25', 0);
INSERT INTO `team` VALUES (383, '图层终结者', 58, '2025-07-15 14:57:02', '2025-07-15 14:57:02', 0);
INSERT INTO `team` VALUES (384, '多巴胺设计局', 55, '2025-07-15 14:59:58', '2025-07-15 14:59:58', 0);
INSERT INTO `team` VALUES (385, '我的team', 1, '2025-07-15 15:34:59', '2025-07-15 15:34:59', 0);
INSERT INTO `team` VALUES (386, '我要比赛', 1, '2025-07-15 16:04:38', '2025-07-15 16:04:38', 0);
INSERT INTO `team` VALUES (389, '队伍', 0, '2025-07-15 18:55:08', '2025-07-15 18:55:08', 0);
INSERT INTO `team` VALUES (392, '速通小分队', 228, '2025-07-16 15:29:12', '2025-07-16 15:29:12', 0);
INSERT INTO `team` VALUES (393, '速通小分队2', 228, '2025-07-16 16:01:14', '2025-07-16 16:01:14', 0);
INSERT INTO `team` VALUES (394, '速通小分队3', 230, '2025-07-25 12:45:30', '2025-07-25 12:45:30', 0);
INSERT INTO `team` VALUES (395, '速通小分队4', 230, '2025-08-13 12:18:22', '2025-08-13 12:18:22', 0);

-- ----------------------------
-- Table structure for team_user
-- ----------------------------
DROP TABLE IF EXISTS `team_user`;
CREATE TABLE `team_user`  (
  `id` int NOT NULL AUTO_INCREMENT COMMENT '队伍用户主键',
  `team_id` int NOT NULL COMMENT '队伍id',
  `user_id` int NOT NULL COMMENT '用户id',
  `status` int NOT NULL COMMENT '用户状态（0队长、1队员）',
  `create_time` datetime NOT NULL COMMENT '创建时间',
  `update_time` datetime NOT NULL COMMENT '更新时间',
  PRIMARY KEY (`id`) USING BTREE
) ENGINE = InnoDB AUTO_INCREMENT = 176 CHARACTER SET = utf8mb4 COLLATE = utf8mb4_0900_ai_ci ROW_FORMAT = Dynamic;

-- ----------------------------
-- Records of team_user
-- ----------------------------
INSERT INTO `team_user` VALUES (84, 336, 12, 0, '2025-07-14 06:26:11', '2025-07-14 06:26:11');
INSERT INTO `team_user` VALUES (85, 337, 11, 0, '2025-07-14 20:10:47', '2025-07-14 20:10:47');
INSERT INTO `team_user` VALUES (86, 337, 55, 1, '2025-07-14 20:37:51', '2025-07-14 20:37:51');
INSERT INTO `team_user` VALUES (88, 339, 16, 0, '2025-07-14 20:45:29', '2025-07-14 20:45:29');
INSERT INTO `team_user` VALUES (90, 340, 64, 0, '2025-07-14 20:49:34', '2025-07-14 20:49:34');
INSERT INTO `team_user` VALUES (91, 341, 65, 0, '2025-07-14 20:51:47', '2025-07-14 20:51:47');
INSERT INTO `team_user` VALUES (92, 342, 66, 0, '2025-07-14 20:53:41', '2025-07-14 20:53:41');
INSERT INTO `team_user` VALUES (93, 343, 67, 0, '2025-07-14 20:55:54', '2025-07-14 20:55:54');
INSERT INTO `team_user` VALUES (94, 344, 68, 0, '2025-07-14 20:57:13', '2025-07-14 20:57:13');
INSERT INTO `team_user` VALUES (95, 345, 69, 0, '2025-07-14 21:00:05', '2025-07-14 21:00:05');
INSERT INTO `team_user` VALUES (96, 346, 70, 0, '2025-07-14 21:01:12', '2025-07-14 21:01:12');
INSERT INTO `team_user` VALUES (97, 347, 71, 0, '2025-07-14 21:02:40', '2025-07-14 21:02:40');
INSERT INTO `team_user` VALUES (98, 348, 72, 0, '2025-07-14 21:04:02', '2025-07-14 21:04:02');
INSERT INTO `team_user` VALUES (99, 349, 73, 0, '2025-07-14 21:08:51', '2025-07-14 21:08:51');
INSERT INTO `team_user` VALUES (100, 350, 74, 0, '2025-07-14 21:10:21', '2025-07-14 21:10:21');
INSERT INTO `team_user` VALUES (101, 351, 75, 0, '2025-07-14 21:11:49', '2025-07-14 21:11:49');
INSERT INTO `team_user` VALUES (102, 352, 13, 0, '2025-07-14 21:27:52', '2025-07-14 21:27:52');
INSERT INTO `team_user` VALUES (103, 353, 13, 0, '2025-07-14 21:32:12', '2025-07-14 21:32:12');
INSERT INTO `team_user` VALUES (104, 354, 13, 0, '2025-07-14 21:34:51', '2025-07-14 21:34:51');
INSERT INTO `team_user` VALUES (105, 355, 13, 0, '2025-07-14 21:36:41', '2025-07-14 21:36:41');
INSERT INTO `team_user` VALUES (113, 362, 76, 0, '2025-07-15 10:08:09', '2025-07-15 10:08:09');
INSERT INTO `team_user` VALUES (114, 363, 77, 0, '2025-07-15 10:11:14', '2025-07-15 10:11:14');
INSERT INTO `team_user` VALUES (115, 364, 78, 0, '2025-07-15 10:12:27', '2025-07-15 10:12:27');
INSERT INTO `team_user` VALUES (116, 365, 13, 0, '2025-07-15 10:14:50', '2025-07-15 10:14:50');
INSERT INTO `team_user` VALUES (117, 366, 226, 0, '2025-07-15 10:15:17', '2025-07-15 10:15:17');
INSERT INTO `team_user` VALUES (118, 367, 79, 0, '2025-07-15 10:15:28', '2025-07-15 10:15:28');
INSERT INTO `team_user` VALUES (119, 366, 13, 1, '2025-07-15 10:15:34', '2025-07-15 10:15:34');
INSERT INTO `team_user` VALUES (120, 368, 80, 0, '2025-07-15 10:16:29', '2025-07-15 10:16:29');
INSERT INTO `team_user` VALUES (121, 369, 81, 0, '2025-07-15 10:17:48', '2025-07-15 10:17:48');
INSERT INTO `team_user` VALUES (122, 370, 23, 0, '2025-07-15 10:21:07', '2025-07-15 10:21:07');
INSERT INTO `team_user` VALUES (123, 371, 24, 0, '2025-07-15 10:23:17', '2025-07-15 10:23:17');
INSERT INTO `team_user` VALUES (124, 372, 25, 0, '2025-07-15 10:41:51', '2025-07-15 10:41:51');
INSERT INTO `team_user` VALUES (125, 373, 18, 0, '2025-07-15 10:50:13', '2025-07-15 10:50:13');
INSERT INTO `team_user` VALUES (126, 373, 47, 1, '2025-07-15 10:52:35', '2025-07-15 10:52:35');
INSERT INTO `team_user` VALUES (127, 374, 47, 0, '2025-07-15 10:52:55', '2025-07-15 10:52:55');
INSERT INTO `team_user` VALUES (129, 376, 1, 0, '2025-07-15 14:15:01', '2025-07-15 14:15:01');
INSERT INTO `team_user` VALUES (130, 376, 52, 1, '2025-07-15 14:16:03', '2025-07-15 14:16:03');
INSERT INTO `team_user` VALUES (132, 377, 226, 0, '2025-07-15 14:23:29', '2025-07-15 14:23:29');
INSERT INTO `team_user` VALUES (133, 377, 53, 1, '2025-07-15 14:24:21', '2025-07-15 14:24:21');
INSERT INTO `team_user` VALUES (134, 378, 52, 0, '2025-07-15 14:27:35', '2025-07-15 14:27:35');
INSERT INTO `team_user` VALUES (135, 378, 54, 1, '2025-07-15 14:29:05', '2025-07-15 14:29:05');
INSERT INTO `team_user` VALUES (136, 379, 53, 0, '2025-07-15 14:33:37', '2025-07-15 14:33:37');
INSERT INTO `team_user` VALUES (137, 379, 226, 1, '2025-07-15 14:34:48', '2025-07-15 14:34:48');
INSERT INTO `team_user` VALUES (138, 380, 54, 0, '2025-07-15 14:44:57', '2025-07-15 14:44:57');
INSERT INTO `team_user` VALUES (139, 380, 52, 1, '2025-07-15 14:45:35', '2025-07-15 14:45:35');
INSERT INTO `team_user` VALUES (140, 381, 55, 0, '2025-07-15 14:50:08', '2025-07-15 14:50:08');
INSERT INTO `team_user` VALUES (141, 381, 57, 1, '2025-07-15 14:50:42', '2025-07-15 14:50:42');
INSERT INTO `team_user` VALUES (142, 382, 56, 0, '2025-07-15 14:53:25', '2025-07-15 14:53:25');
INSERT INTO `team_user` VALUES (143, 382, 58, 1, '2025-07-15 14:54:12', '2025-07-15 14:54:12');
INSERT INTO `team_user` VALUES (144, 383, 57, 0, '2025-07-15 14:57:02', '2025-07-15 14:57:02');
INSERT INTO `team_user` VALUES (145, 383, 55, 1, '2025-07-15 14:57:47', '2025-07-15 14:57:47');
INSERT INTO `team_user` VALUES (146, 384, 58, 0, '2025-07-15 14:59:58', '2025-07-15 14:59:58');
INSERT INTO `team_user` VALUES (147, 384, 56, 1, '2025-07-15 15:00:39', '2025-07-15 15:00:39');
INSERT INTO `team_user` VALUES (148, 385, 64, 0, '2025-07-15 15:34:59', '2025-07-15 15:34:59');
INSERT INTO `team_user` VALUES (149, 386, 23, 0, '2025-07-15 16:04:38', '2025-07-15 16:04:38');
INSERT INTO `team_user` VALUES (152, 339, 7, 1, '2025-07-15 18:38:34', '2025-07-15 18:38:34');
INSERT INTO `team_user` VALUES (153, 389, 23, 0, '2025-07-15 18:55:08', '2025-07-15 18:55:08');
INSERT INTO `team_user` VALUES (154, 370, 7, 1, '2025-07-15 19:01:03', '2025-07-15 19:01:03');
INSERT INTO `team_user` VALUES (162, 392, 1, 0, '2025-07-16 15:29:12', '2025-07-16 15:29:12');
INSERT INTO `team_user` VALUES (163, 392, 7, 1, '2025-07-16 15:29:34', '2025-07-16 15:29:34');
INSERT INTO `team_user` VALUES (164, 392, 229, 1, '2025-07-16 15:29:48', '2025-07-16 15:29:48');
INSERT INTO `team_user` VALUES (165, 392, 11, 1, '2025-07-16 15:29:55', '2025-07-16 15:29:55');
INSERT INTO `team_user` VALUES (166, 392, 9, 1, '2025-07-16 15:30:15', '2025-07-16 15:30:15');
INSERT INTO `team_user` VALUES (167, 392, 12, 1, '2025-07-16 15:30:37', '2025-07-16 15:30:37');
INSERT INTO `team_user` VALUES (168, 393, 1, 0, '2025-07-16 16:01:14', '2025-07-16 16:01:14');
INSERT INTO `team_user` VALUES (169, 393, 7, 1, '2025-07-16 16:02:19', '2025-07-16 16:02:19');
INSERT INTO `team_user` VALUES (170, 393, 229, 1, '2025-07-16 16:02:35', '2025-07-16 16:02:35');
INSERT INTO `team_user` VALUES (171, 393, 12, 1, '2025-07-16 16:02:38', '2025-07-16 16:02:38');
INSERT INTO `team_user` VALUES (172, 393, 9, 1, '2025-07-16 16:02:40', '2025-07-16 16:02:40');
INSERT INTO `team_user` VALUES (173, 393, 11, 1, '2025-07-16 16:02:41', '2025-07-16 16:02:41');
INSERT INTO `team_user` VALUES (174, 394, 1, 0, '2025-07-25 12:45:30', '2025-07-25 12:45:30');
INSERT INTO `team_user` VALUES (175, 395, 1, 0, '2025-08-13 12:18:22', '2025-08-13 12:18:22');

-- ----------------------------
-- Table structure for university
-- ----------------------------
DROP TABLE IF EXISTS `university`;
CREATE TABLE `university`  (
  `id` int NOT NULL AUTO_INCREMENT COMMENT '大学id',
  `name` varchar(50) CHARACTER SET utf8mb4 COLLATE utf8mb4_0900_ai_ci NOT NULL COMMENT '大学名称',
  PRIMARY KEY (`id`) USING BTREE
) ENGINE = InnoDB AUTO_INCREMENT = 2928 CHARACTER SET = utf8mb4 COLLATE = utf8mb4_0900_ai_ci ROW_FORMAT = Dynamic;

-- ----------------------------
-- Records of university
-- ----------------------------
INSERT INTO `university` VALUES (2, '北京大学');
INSERT INTO `university` VALUES (3, '中国人民大学');
INSERT INTO `university` VALUES (4, '清华大学');
INSERT INTO `university` VALUES (5, '北京交通大学');
INSERT INTO `university` VALUES (6, '北京工业大学');
INSERT INTO `university` VALUES (7, '北京航空航天大学');
INSERT INTO `university` VALUES (8, '北京理工大学');
INSERT INTO `university` VALUES (9, '北京科技大学');
INSERT INTO `university` VALUES (10, '北方工业大学');
INSERT INTO `university` VALUES (11, '北京化工大学');
INSERT INTO `university` VALUES (12, '北京工商大学');
INSERT INTO `university` VALUES (13, '北京服装学院');
INSERT INTO `university` VALUES (14, '北京邮电大学');
INSERT INTO `university` VALUES (15, '北京印刷学院');
INSERT INTO `university` VALUES (16, '北京建筑大学');
INSERT INTO `university` VALUES (17, '北京石油化工学院');
INSERT INTO `university` VALUES (18, '北京电子科技学院');
INSERT INTO `university` VALUES (19, '中国农业大学');
INSERT INTO `university` VALUES (20, '北京农学院');
INSERT INTO `university` VALUES (21, '北京林业大学');
INSERT INTO `university` VALUES (22, '北京协和医学院');
INSERT INTO `university` VALUES (23, '首都医科大学');
INSERT INTO `university` VALUES (24, '北京中医药大学');
INSERT INTO `university` VALUES (25, '北京师范大学');
INSERT INTO `university` VALUES (26, '首都师范大学');
INSERT INTO `university` VALUES (27, '首都体育学院');
INSERT INTO `university` VALUES (28, '北京外国语大学');
INSERT INTO `university` VALUES (29, '北京第二外国语学院');
INSERT INTO `university` VALUES (30, '北京语言大学');
INSERT INTO `university` VALUES (31, '中国传媒大学');
INSERT INTO `university` VALUES (32, '中央财经大学');
INSERT INTO `university` VALUES (33, '对外经济贸易大学');
INSERT INTO `university` VALUES (34, '北京物资学院');
INSERT INTO `university` VALUES (35, '首都经济贸易大学');
INSERT INTO `university` VALUES (36, '中国消防救援学院');
INSERT INTO `university` VALUES (37, '外交学院');
INSERT INTO `university` VALUES (38, '中国人民公安大学');
INSERT INTO `university` VALUES (39, '国际关系学院');
INSERT INTO `university` VALUES (40, '北京体育大学');
INSERT INTO `university` VALUES (41, '中央音乐学院');
INSERT INTO `university` VALUES (42, '中国音乐学院');
INSERT INTO `university` VALUES (43, '中央美术学院');
INSERT INTO `university` VALUES (44, '中央戏剧学院');
INSERT INTO `university` VALUES (45, '中国戏曲学院');
INSERT INTO `university` VALUES (46, '北京电影学院');
INSERT INTO `university` VALUES (47, '北京舞蹈学院');
INSERT INTO `university` VALUES (48, '中央民族大学');
INSERT INTO `university` VALUES (49, '中国政法大学');
INSERT INTO `university` VALUES (50, '华北电力大学');
INSERT INTO `university` VALUES (51, '中华女子学院');
INSERT INTO `university` VALUES (52, '北京信息科技大学');
INSERT INTO `university` VALUES (53, '中国矿业大学（北京）');
INSERT INTO `university` VALUES (54, '中国石油大学（北京）');
INSERT INTO `university` VALUES (55, '中国地质大学（北京）');
INSERT INTO `university` VALUES (56, '北京联合大学');
INSERT INTO `university` VALUES (57, '北京城市学院');
INSERT INTO `university` VALUES (58, '中国青年政治学院');
INSERT INTO `university` VALUES (59, '首钢工学院');
INSERT INTO `university` VALUES (60, '中国劳动关系学院');
INSERT INTO `university` VALUES (61, '首都师范大学科德学院');
INSERT INTO `university` VALUES (62, '北京金融科技学院');
INSERT INTO `university` VALUES (63, '北京邮电大学世纪学院');
INSERT INTO `university` VALUES (64, '北京工业大学耿丹学院');
INSERT INTO `university` VALUES (65, '北京警察学院');
INSERT INTO `university` VALUES (66, '北京第二外国语学院中瑞酒店管理学院');
INSERT INTO `university` VALUES (67, '中国科学院大学');
INSERT INTO `university` VALUES (68, '中国社会科学院大学');
INSERT INTO `university` VALUES (69, '民政职业大学');
INSERT INTO `university` VALUES (70, '北京科技职业大学');
INSERT INTO `university` VALUES (71, '北京工业职业技术学院');
INSERT INTO `university` VALUES (72, '北京信息职业技术学院');
INSERT INTO `university` VALUES (73, '北京京北职业技术学院');
INSERT INTO `university` VALUES (74, '北京交通职业技术学院');
INSERT INTO `university` VALUES (75, '北京青年政治学院');
INSERT INTO `university` VALUES (76, '北京农业职业学院');
INSERT INTO `university` VALUES (77, '北京政法职业学院');
INSERT INTO `university` VALUES (78, '北京财贸职业学院');
INSERT INTO `university` VALUES (79, '北京北大方正软件职业技术学院');
INSERT INTO `university` VALUES (80, '北京经贸职业学院');
INSERT INTO `university` VALUES (81, '北京经济技术职业学院');
INSERT INTO `university` VALUES (82, '北京戏曲艺术职业学院');
INSERT INTO `university` VALUES (83, '北京汇佳职业学院');
INSERT INTO `university` VALUES (84, '北京科技经营管理学院');
INSERT INTO `university` VALUES (85, '北京科技职业学院');
INSERT INTO `university` VALUES (86, '北京培黎职业学院');
INSERT INTO `university` VALUES (87, '北京经济管理职业学院');
INSERT INTO `university` VALUES (88, '北京劳动保障职业学院');
INSERT INTO `university` VALUES (89, '北京艺术传媒职业学院');
INSERT INTO `university` VALUES (90, '北京体育职业学院');
INSERT INTO `university` VALUES (91, '北京交通运输职业学院');
INSERT INTO `university` VALUES (92, '北京卫生职业学院');
INSERT INTO `university` VALUES (93, '北京网络职业学院');
INSERT INTO `university` VALUES (95, '南开大学');
INSERT INTO `university` VALUES (96, '天津大学');
INSERT INTO `university` VALUES (97, '天津科技大学');
INSERT INTO `university` VALUES (98, '天津工业大学');
INSERT INTO `university` VALUES (99, '中国民航大学');
INSERT INTO `university` VALUES (100, '天津理工大学');
INSERT INTO `university` VALUES (101, '天津农学院');
INSERT INTO `university` VALUES (102, '天津医科大学');
INSERT INTO `university` VALUES (103, '天津中医药大学');
INSERT INTO `university` VALUES (104, '天津师范大学');
INSERT INTO `university` VALUES (105, '天津职业技术师范大学');
INSERT INTO `university` VALUES (106, '天津外国语大学');
INSERT INTO `university` VALUES (107, '天津商业大学');
INSERT INTO `university` VALUES (108, '天津财经大学');
INSERT INTO `university` VALUES (109, '天津体育学院');
INSERT INTO `university` VALUES (110, '天津音乐学院');
INSERT INTO `university` VALUES (111, '天津美术学院');
INSERT INTO `university` VALUES (112, '天津城建大学');
INSERT INTO `university` VALUES (113, '天津天狮学院');
INSERT INTO `university` VALUES (114, '天津中德应用技术大学');
INSERT INTO `university` VALUES (115, '天津外国语大学滨海外事学院');
INSERT INTO `university` VALUES (116, '天津传媒学院');
INSERT INTO `university` VALUES (117, '天津商业大学宝德学院');
INSERT INTO `university` VALUES (118, '天津医科大学临床医学院');
INSERT INTO `university` VALUES (119, '南开大学滨海学院');
INSERT INTO `university` VALUES (120, '天津师范大学津沽学院');
INSERT INTO `university` VALUES (121, '天津理工大学中环信息学院');
INSERT INTO `university` VALUES (122, '北京科技大学天津学院');
INSERT INTO `university` VALUES (123, '天津仁爱学院');
INSERT INTO `university` VALUES (124, '天津财经大学珠江学院');
INSERT INTO `university` VALUES (125, '天津警察学院');
INSERT INTO `university` VALUES (126, '天津市职业大学');
INSERT INTO `university` VALUES (127, '天津滨海职业学院');
INSERT INTO `university` VALUES (128, '天津工程职业技术学院');
INSERT INTO `university` VALUES (129, '天津渤海职业技术学院');
INSERT INTO `university` VALUES (130, '天津电子信息职业技术学院');
INSERT INTO `university` VALUES (131, '天津机电职业技术学院');
INSERT INTO `university` VALUES (132, '天津现代职业技术学院');
INSERT INTO `university` VALUES (133, '天津轻工职业技术学院');
INSERT INTO `university` VALUES (134, '天津商务职业学院');
INSERT INTO `university` VALUES (135, '天津国土资源和房屋职业学院');
INSERT INTO `university` VALUES (136, '天津医学高等专科学校');
INSERT INTO `university` VALUES (137, '天津开发区职业技术学院');
INSERT INTO `university` VALUES (138, '天津艺术职业学院');
INSERT INTO `university` VALUES (139, '天津交通职业学院');
INSERT INTO `university` VALUES (140, '天津工业职业学院');
INSERT INTO `university` VALUES (141, '天津石油职业技术学院');
INSERT INTO `university` VALUES (142, '天津城市职业学院');
INSERT INTO `university` VALUES (143, '天津铁道职业技术学院');
INSERT INTO `university` VALUES (144, '天津工艺美术职业学院');
INSERT INTO `university` VALUES (145, '天津城市建设管理职业技术学院');
INSERT INTO `university` VALUES (146, '天津生物工程职业技术学院');
INSERT INTO `university` VALUES (147, '天津海运职业学院');
INSERT INTO `university` VALUES (148, '天津广播影视职业学院');
INSERT INTO `university` VALUES (149, '天津体育职业学院');
INSERT INTO `university` VALUES (150, '天津滨海汽车工程职业学院');
INSERT INTO `university` VALUES (152, '河北大学');
INSERT INTO `university` VALUES (153, '河北工程大学');
INSERT INTO `university` VALUES (154, '河北地质大学');
INSERT INTO `university` VALUES (155, '河北工业大学');
INSERT INTO `university` VALUES (156, '华北理工大学');
INSERT INTO `university` VALUES (157, '河北科技大学');
INSERT INTO `university` VALUES (158, '河北建筑工程学院');
INSERT INTO `university` VALUES (159, '河北水利电力学院');
INSERT INTO `university` VALUES (160, '河北农业大学');
INSERT INTO `university` VALUES (161, '河北医科大学');
INSERT INTO `university` VALUES (162, '河北北方学院');
INSERT INTO `university` VALUES (163, '承德医学院');
INSERT INTO `university` VALUES (164, '河北师范大学');
INSERT INTO `university` VALUES (165, '保定学院');
INSERT INTO `university` VALUES (166, '河北民族师范学院');
INSERT INTO `university` VALUES (167, '唐山师范学院');
INSERT INTO `university` VALUES (168, '廊坊师范学院');
INSERT INTO `university` VALUES (169, '衡水学院');
INSERT INTO `university` VALUES (170, '石家庄学院');
INSERT INTO `university` VALUES (171, '邯郸学院');
INSERT INTO `university` VALUES (172, '邢台学院');
INSERT INTO `university` VALUES (173, '沧州师范学院');
INSERT INTO `university` VALUES (174, '石家庄铁道大学');
INSERT INTO `university` VALUES (175, '燕山大学');
INSERT INTO `university` VALUES (176, '河北科技师范学院');
INSERT INTO `university` VALUES (177, '唐山学院');
INSERT INTO `university` VALUES (178, '华北科技学院');
INSERT INTO `university` VALUES (179, '中国人民警察大学');
INSERT INTO `university` VALUES (180, '河北体育学院');
INSERT INTO `university` VALUES (181, '河北金融学院');
INSERT INTO `university` VALUES (182, '北华航天工业学院');
INSERT INTO `university` VALUES (183, '防灾科技学院');
INSERT INTO `university` VALUES (184, '河北经贸大学');
INSERT INTO `university` VALUES (185, '中央司法警官学院');
INSERT INTO `university` VALUES (186, '河北传媒学院');
INSERT INTO `university` VALUES (187, '河北工程技术学院');
INSERT INTO `university` VALUES (188, '河北美术学院');
INSERT INTO `university` VALUES (189, '河北科技学院');
INSERT INTO `university` VALUES (190, '河北外国语学院');
INSERT INTO `university` VALUES (191, '河北大学工商学院');
INSERT INTO `university` VALUES (192, '华北理工大学轻工学院');
INSERT INTO `university` VALUES (193, '河北工业职业技术大学');
INSERT INTO `university` VALUES (194, '河北师范大学汇华学院');
INSERT INTO `university` VALUES (195, '河北经贸大学经济管理学院');
INSERT INTO `university` VALUES (196, '河北医科大学临床学院');
INSERT INTO `university` VALUES (197, '河北科技工程职业技术大学');
INSERT INTO `university` VALUES (198, '河北工程大学科信学院');
INSERT INTO `university` VALUES (199, '河北石油职业技术大学');
INSERT INTO `university` VALUES (200, '燕山大学里仁学院');
INSERT INTO `university` VALUES (201, '石家庄铁道大学四方学院');
INSERT INTO `university` VALUES (202, '河北地质大学华信学院');
INSERT INTO `university` VALUES (203, '河北农业大学现代科技学院');
INSERT INTO `university` VALUES (204, '华北理工大学冀唐学院');
INSERT INTO `university` VALUES (205, '保定理工学院');
INSERT INTO `university` VALUES (206, '燕京理工学院');
INSERT INTO `university` VALUES (207, '北京中医药大学东方学院');
INSERT INTO `university` VALUES (208, '沧州交通学院');
INSERT INTO `university` VALUES (209, '河北东方学院');
INSERT INTO `university` VALUES (210, '河北中医药大学');
INSERT INTO `university` VALUES (211, '张家口学院');
INSERT INTO `university` VALUES (212, '河北环境工程学院');
INSERT INTO `university` VALUES (213, '唐山工业职业技术大学');
INSERT INTO `university` VALUES (214, '邢台医学院');
INSERT INTO `university` VALUES (215, '邯郸职业技术学院');
INSERT INTO `university` VALUES (216, '石家庄职业技术学院');
INSERT INTO `university` VALUES (217, '张家口职业技术学院');
INSERT INTO `university` VALUES (218, '河北软件职业技术学院');
INSERT INTO `university` VALUES (219, '河北石油职业技术学院');
INSERT INTO `university` VALUES (220, '河北建材职业技术学院');
INSERT INTO `university` VALUES (221, '河北政法职业学院');
INSERT INTO `university` VALUES (222, '沧州职业技术学院');
INSERT INTO `university` VALUES (223, '河北能源职业技术学院');
INSERT INTO `university` VALUES (224, '石家庄铁路职业技术学院');
INSERT INTO `university` VALUES (225, '保定职业技术学院');
INSERT INTO `university` VALUES (226, '秦皇岛职业技术学院');
INSERT INTO `university` VALUES (227, '石家庄工程职业学院');
INSERT INTO `university` VALUES (228, '石家庄城市经济职业学院');
INSERT INTO `university` VALUES (229, '唐山职业技术学院');
INSERT INTO `university` VALUES (230, '衡水职业技术学院');
INSERT INTO `university` VALUES (231, '河北艺术职业学院');
INSERT INTO `university` VALUES (232, '河北旅游职业学院');
INSERT INTO `university` VALUES (233, '石家庄财经职业学院');
INSERT INTO `university` VALUES (234, '河北交通职业技术学院');
INSERT INTO `university` VALUES (235, '河北化工医药职业技术学院');
INSERT INTO `university` VALUES (236, '石家庄信息工程职业学院');
INSERT INTO `university` VALUES (237, '河北对外经贸职业学院');
INSERT INTO `university` VALUES (238, '保定电力职业技术学院');
INSERT INTO `university` VALUES (239, '河北机电职业技术学院');
INSERT INTO `university` VALUES (240, '渤海石油职业学院');
INSERT INTO `university` VALUES (241, '廊坊职业技术学院');
INSERT INTO `university` VALUES (242, '唐山科技职业技术学院');
INSERT INTO `university` VALUES (243, '石家庄邮电职业技术学院');
INSERT INTO `university` VALUES (244, '河北公安警察职业学院');
INSERT INTO `university` VALUES (245, '石家庄工商职业学院');
INSERT INTO `university` VALUES (246, '石家庄理工职业学院');
INSERT INTO `university` VALUES (247, '石家庄科技信息职业学院');
INSERT INTO `university` VALUES (248, '河北司法警官职业学院');
INSERT INTO `university` VALUES (249, '沧州医学高等专科学校');
INSERT INTO `university` VALUES (250, '河北女子职业技术学院');
INSERT INTO `university` VALUES (251, '石家庄医学高等专科学校');
INSERT INTO `university` VALUES (252, '石家庄经济职业学院');
INSERT INTO `university` VALUES (253, '冀中职业学院');
INSERT INTO `university` VALUES (254, '石家庄人民医学高等专科学校');
INSERT INTO `university` VALUES (255, '河北正定师范高等专科学校');
INSERT INTO `university` VALUES (256, '河北劳动关系职业学院');
INSERT INTO `university` VALUES (257, '石家庄科技职业学院');
INSERT INTO `university` VALUES (258, '沧州幼儿师范高等专科学校');
INSERT INTO `university` VALUES (259, '宣化科技职业学院');
INSERT INTO `university` VALUES (260, '廊坊燕京职业技术学院');
INSERT INTO `university` VALUES (261, '承德护理职业学院');
INSERT INTO `university` VALUES (262, '石家庄幼儿师范高等专科学校');
INSERT INTO `university` VALUES (263, '廊坊卫生职业学院');
INSERT INTO `university` VALUES (264, '河北轨道运输职业技术学院');
INSERT INTO `university` VALUES (265, '保定幼儿师范高等专科学校');
INSERT INTO `university` VALUES (266, '河北工艺美术职业学院');
INSERT INTO `university` VALUES (267, '渤海理工职业学院');
INSERT INTO `university` VALUES (268, '唐山幼儿师范高等专科学校');
INSERT INTO `university` VALUES (269, '曹妃甸职业技术学院');
INSERT INTO `university` VALUES (270, '承德应用技术职业学院');
INSERT INTO `university` VALUES (271, '邯郸幼儿师范高等专科学校');
INSERT INTO `university` VALUES (272, '邯郸科技职业学院');
INSERT INTO `university` VALUES (273, '唐山海运职业学院');
INSERT INTO `university` VALUES (274, '邢台应用技术职业学院');
INSERT INTO `university` VALUES (275, '河北资源环境职业技术学院');
INSERT INTO `university` VALUES (276, '衡水健康科技职业学院');
INSERT INTO `university` VALUES (277, '沧州航空职业学院');
INSERT INTO `university` VALUES (278, '邯郸应用技术职业学院');
INSERT INTO `university` VALUES (279, '秦皇岛工业职业技术学院');
INSERT INTO `university` VALUES (280, '邢台新能源职业学院');
INSERT INTO `university` VALUES (281, '石家庄金融职业学院');
INSERT INTO `university` VALUES (282, '石家庄农林职业学院');
INSERT INTO `university` VALUES (284, '山西大学');
INSERT INTO `university` VALUES (285, '太原科技大学');
INSERT INTO `university` VALUES (286, '中北大学');
INSERT INTO `university` VALUES (287, '太原理工大学');
INSERT INTO `university` VALUES (288, '山西农业大学');
INSERT INTO `university` VALUES (289, '山西医科大学');
INSERT INTO `university` VALUES (290, '长治医学院');
INSERT INTO `university` VALUES (291, '山西师范大学');
INSERT INTO `university` VALUES (292, '太原师范学院');
INSERT INTO `university` VALUES (293, '山西大同大学');
INSERT INTO `university` VALUES (294, '晋中学院');
INSERT INTO `university` VALUES (295, '长治学院');
INSERT INTO `university` VALUES (296, '运城学院');
INSERT INTO `university` VALUES (297, '忻州师范学院');
INSERT INTO `university` VALUES (298, '山西财经大学');
INSERT INTO `university` VALUES (299, '山西中医药大学');
INSERT INTO `university` VALUES (300, '吕梁学院');
INSERT INTO `university` VALUES (301, '太原学院');
INSERT INTO `university` VALUES (302, '山西警察学院');
INSERT INTO `university` VALUES (303, '山西应用科技学院');
INSERT INTO `university` VALUES (304, '山西工程科技职业大学');
INSERT INTO `university` VALUES (305, '山西工学院');
INSERT INTO `university` VALUES (306, '晋中信息学院');
INSERT INTO `university` VALUES (307, '山西电子科技学院');
INSERT INTO `university` VALUES (308, '山西晋中理工学院');
INSERT INTO `university` VALUES (309, '山西科技学院');
INSERT INTO `university` VALUES (310, '晋中健康学院');
INSERT INTO `university` VALUES (311, '山西财经大学华商学院');
INSERT INTO `university` VALUES (312, '山西工商学院');
INSERT INTO `university` VALUES (313, '太原工业学院');
INSERT INTO `university` VALUES (314, '运城职业技术大学');
INSERT INTO `university` VALUES (315, '山西传媒学院');
INSERT INTO `university` VALUES (316, '山西工程技术学院');
INSERT INTO `university` VALUES (317, '山西能源学院');
INSERT INTO `university` VALUES (318, '山西医药学院');
INSERT INTO `university` VALUES (319, '山西文化旅游职业大学');
INSERT INTO `university` VALUES (320, '山西省财政税务专科学校');
INSERT INTO `university` VALUES (321, '长治职业技术学院');
INSERT INTO `university` VALUES (322, '晋城职业技术学院');
INSERT INTO `university` VALUES (323, '山西药科职业学院');
INSERT INTO `university` VALUES (324, '大同煤炭职业技术学院');
INSERT INTO `university` VALUES (325, '山西机电职业技术学院');
INSERT INTO `university` VALUES (326, '山西财贸职业技术学院');
INSERT INTO `university` VALUES (327, '山西林业职业技术学院');
INSERT INTO `university` VALUES (328, '山西水利职业技术学院');
INSERT INTO `university` VALUES (329, '阳泉职业技术学院');
INSERT INTO `university` VALUES (330, '临汾职业技术学院');
INSERT INTO `university` VALUES (331, '山西职业技术学院');
INSERT INTO `university` VALUES (332, '山西金融职业学院');
INSERT INTO `university` VALUES (333, '太原城市职业技术学院');
INSERT INTO `university` VALUES (334, '山西信息职业技术学院');
INSERT INTO `university` VALUES (335, '山西体育职业学院');
INSERT INTO `university` VALUES (336, '山西警官职业学院');
INSERT INTO `university` VALUES (337, '山西国际商务职业学院');
INSERT INTO `university` VALUES (338, '潞安职业技术学院');
INSERT INTO `university` VALUES (339, '山西管理职业学院');
INSERT INTO `university` VALUES (340, '山西电力职业技术学院');
INSERT INTO `university` VALUES (341, '忻州职业技术学院');
INSERT INTO `university` VALUES (342, '山西同文职业技术学院');
INSERT INTO `university` VALUES (343, '晋中职业技术学院');
INSERT INTO `university` VALUES (344, '山西华澳商贸职业学院');
INSERT INTO `university` VALUES (345, '山西运城农业职业技术学院');
INSERT INTO `university` VALUES (346, '运城幼儿师范高等专科学校');
INSERT INTO `university` VALUES (347, '山西老区职业技术学院');
INSERT INTO `university` VALUES (348, '山西经贸职业学院');
INSERT INTO `university` VALUES (349, '朔州职业技术学院');
INSERT INTO `university` VALUES (350, '山西铁道职业技术学院');
INSERT INTO `university` VALUES (351, '晋中师范高等专科学校');
INSERT INTO `university` VALUES (352, '阳泉师范高等专科学校');
INSERT INTO `university` VALUES (353, '运城护理职业学院');
INSERT INTO `university` VALUES (354, '运城师范高等专科学校');
INSERT INTO `university` VALUES (355, '朔州师范高等专科学校');
INSERT INTO `university` VALUES (356, '吕梁职业技术学院');
INSERT INTO `university` VALUES (357, '大同师范高等专科学校');
INSERT INTO `university` VALUES (358, '太原幼儿师范高等专科学校');
INSERT INTO `university` VALUES (359, '山西工程职业学院');
INSERT INTO `university` VALUES (360, '长治幼儿师范高等专科学校');
INSERT INTO `university` VALUES (361, '山西通用航空职业技术学院');
INSERT INTO `university` VALUES (362, '朔州陶瓷职业技术学院');
INSERT INTO `university` VALUES (363, '山西卫生健康职业学院');
INSERT INTO `university` VALUES (364, '吕梁师范高等专科学校');
INSERT INTO `university` VALUES (365, '大同数据科技职业学院');
INSERT INTO `university` VALUES (367, '内蒙古大学');
INSERT INTO `university` VALUES (368, '内蒙古科技大学');
INSERT INTO `university` VALUES (369, '内蒙古工业大学');
INSERT INTO `university` VALUES (370, '内蒙古农业大学');
INSERT INTO `university` VALUES (371, '内蒙古医科大学');
INSERT INTO `university` VALUES (372, '内蒙古师范大学');
INSERT INTO `university` VALUES (373, '内蒙古民族大学');
INSERT INTO `university` VALUES (374, '赤峰学院');
INSERT INTO `university` VALUES (375, '内蒙古财经大学');
INSERT INTO `university` VALUES (376, '呼伦贝尔学院');
INSERT INTO `university` VALUES (377, '集宁师范学院');
INSERT INTO `university` VALUES (378, '河套学院');
INSERT INTO `university` VALUES (379, '呼和浩特民族学院');
INSERT INTO `university` VALUES (380, '内蒙古大学创业学院');
INSERT INTO `university` VALUES (381, '内蒙古鸿德文理学院');
INSERT INTO `university` VALUES (382, '内蒙古艺术学院');
INSERT INTO `university` VALUES (383, '鄂尔多斯应用技术学院');
INSERT INTO `university` VALUES (384, '内蒙古警察学院');
INSERT INTO `university` VALUES (385, '内蒙古建筑职业技术大学');
INSERT INTO `university` VALUES (386, '兴安职业技术大学');
INSERT INTO `university` VALUES (387, '呼和浩特职业技术大学');
INSERT INTO `university` VALUES (388, '内蒙古丰州职业学院');
INSERT INTO `university` VALUES (389, '包头职业技术学院');
INSERT INTO `university` VALUES (390, '包头轻工职业技术学院');
INSERT INTO `university` VALUES (391, '内蒙古电子信息职业技术学院');
INSERT INTO `university` VALUES (392, '内蒙古机电职业技术学院');
INSERT INTO `university` VALUES (393, '内蒙古化工职业学院');
INSERT INTO `university` VALUES (394, '内蒙古商贸职业学院');
INSERT INTO `university` VALUES (395, '锡林郭勒职业学院');
INSERT INTO `university` VALUES (396, '内蒙古体育职业学院');
INSERT INTO `university` VALUES (397, '乌兰察布职业学院');
INSERT INTO `university` VALUES (398, '通辽职业学院');
INSERT INTO `university` VALUES (399, '科尔沁艺术职业学院');
INSERT INTO `university` VALUES (400, '内蒙古交通职业技术学院');
INSERT INTO `university` VALUES (401, '包头钢铁职业技术学院');
INSERT INTO `university` VALUES (402, '乌海职业技术学院');
INSERT INTO `university` VALUES (403, '内蒙古科技职业学院');
INSERT INTO `university` VALUES (404, '内蒙古北方职业技术学院');
INSERT INTO `university` VALUES (405, '赤峰职业技术学院');
INSERT INTO `university` VALUES (406, '内蒙古经贸外语职业学院');
INSERT INTO `university` VALUES (407, '包头铁道职业技术学院');
INSERT INTO `university` VALUES (408, '乌兰察布医学高等专科学校');
INSERT INTO `university` VALUES (409, '鄂尔多斯职业学院');
INSERT INTO `university` VALUES (410, '内蒙古工业职业学院');
INSERT INTO `university` VALUES (411, '呼伦贝尔职业技术学院');
INSERT INTO `university` VALUES (412, '满洲里俄语职业学院');
INSERT INTO `university` VALUES (413, '内蒙古能源职业学院');
INSERT INTO `university` VALUES (414, '赤峰工业职业技术学院');
INSERT INTO `university` VALUES (415, '阿拉善职业技术学院');
INSERT INTO `university` VALUES (416, '内蒙古美术职业学院');
INSERT INTO `university` VALUES (417, '内蒙古民族幼儿师范高等专科学校');
INSERT INTO `university` VALUES (418, '鄂尔多斯生态环境职业学院');
INSERT INTO `university` VALUES (419, '扎兰屯职业学院');
INSERT INTO `university` VALUES (420, '赤峰应用技术职业学院');
INSERT INTO `university` VALUES (422, '辽宁大学');
INSERT INTO `university` VALUES (423, '大连理工大学');
INSERT INTO `university` VALUES (424, '沈阳工业大学');
INSERT INTO `university` VALUES (425, '沈阳航空航天大学');
INSERT INTO `university` VALUES (426, '沈阳理工大学');
INSERT INTO `university` VALUES (427, '东北大学');
INSERT INTO `university` VALUES (428, '辽宁科技大学');
INSERT INTO `university` VALUES (429, '辽宁工程技术大学');
INSERT INTO `university` VALUES (430, '辽宁石油化工大学');
INSERT INTO `university` VALUES (431, '沈阳化工大学');
INSERT INTO `university` VALUES (432, '大连交通大学');
INSERT INTO `university` VALUES (433, '大连海事大学');
INSERT INTO `university` VALUES (434, '大连工业大学');
INSERT INTO `university` VALUES (435, '沈阳建筑大学');
INSERT INTO `university` VALUES (436, '辽宁工业大学');
INSERT INTO `university` VALUES (437, '沈阳农业大学');
INSERT INTO `university` VALUES (438, '大连海洋大学');
INSERT INTO `university` VALUES (439, '中国医科大学');
INSERT INTO `university` VALUES (440, '锦州医科大学');
INSERT INTO `university` VALUES (441, '大连医科大学');
INSERT INTO `university` VALUES (442, '辽宁中医药大学');
INSERT INTO `university` VALUES (443, '沈阳药科大学');
INSERT INTO `university` VALUES (444, '沈阳医学院');
INSERT INTO `university` VALUES (445, '辽宁师范大学');
INSERT INTO `university` VALUES (446, '沈阳师范大学');
INSERT INTO `university` VALUES (447, '渤海大学');
INSERT INTO `university` VALUES (448, '鞍山师范学院');
INSERT INTO `university` VALUES (449, '大连外国语大学');
INSERT INTO `university` VALUES (450, '东北财经大学');
INSERT INTO `university` VALUES (451, '中国刑事警察学院');
INSERT INTO `university` VALUES (452, '沈阳体育学院');
INSERT INTO `university` VALUES (453, '沈阳音乐学院');
INSERT INTO `university` VALUES (454, '鲁迅美术学院');
INSERT INTO `university` VALUES (455, '辽宁对外经贸学院');
INSERT INTO `university` VALUES (456, '沈阳大学');
INSERT INTO `university` VALUES (457, '大连大学');
INSERT INTO `university` VALUES (458, '辽宁科技学院');
INSERT INTO `university` VALUES (459, '辽宁警察学院');
INSERT INTO `university` VALUES (460, '沈阳工程学院');
INSERT INTO `university` VALUES (461, '辽东学院');
INSERT INTO `university` VALUES (462, '大连民族大学');
INSERT INTO `university` VALUES (463, '辽宁理工职业大学');
INSERT INTO `university` VALUES (464, '大连理工大学城市学院');
INSERT INTO `university` VALUES (465, '沈阳工业大学工程学院');
INSERT INTO `university` VALUES (466, '沈阳航空航天大学北方科技学院');
INSERT INTO `university` VALUES (467, '沈阳工学院');
INSERT INTO `university` VALUES (468, '大连工业大学艺术与信息工程学院');
INSERT INTO `university` VALUES (469, '大连科技学院');
INSERT INTO `university` VALUES (470, '沈阳城市建设学院');
INSERT INTO `university` VALUES (471, '大连医科大学中山学院');
INSERT INTO `university` VALUES (472, '锦州医科大学医疗学院');
INSERT INTO `university` VALUES (473, '辽宁师范大学海华学院');
INSERT INTO `university` VALUES (474, '辽宁理工学院');
INSERT INTO `university` VALUES (475, '大连财经学院');
INSERT INTO `university` VALUES (476, '沈阳城市学院');
INSERT INTO `university` VALUES (477, '大连艺术学院');
INSERT INTO `university` VALUES (478, '辽宁中医药大学杏林学院');
INSERT INTO `university` VALUES (479, '辽宁何氏医学院');
INSERT INTO `university` VALUES (480, '沈阳科技学院');
INSERT INTO `university` VALUES (481, '大连东软信息学院');
INSERT INTO `university` VALUES (482, '辽宁财贸学院');
INSERT INTO `university` VALUES (483, '辽宁传媒学院');
INSERT INTO `university` VALUES (484, '营口理工学院');
INSERT INTO `university` VALUES (485, '朝阳师范学院');
INSERT INTO `university` VALUES (486, '抚顺师范高等专科学校');
INSERT INTO `university` VALUES (487, '锦州师范高等专科学校');
INSERT INTO `university` VALUES (488, '营口职业技术学院');
INSERT INTO `university` VALUES (489, '铁岭师范高等专科学校');
INSERT INTO `university` VALUES (490, '大连职业技术学院');
INSERT INTO `university` VALUES (491, '辽宁农业职业技术学院');
INSERT INTO `university` VALUES (492, '抚顺职业技术学院');
INSERT INTO `university` VALUES (493, '辽阳职业技术学院');
INSERT INTO `university` VALUES (494, '阜新高等专科学校');
INSERT INTO `university` VALUES (495, '辽宁省交通高等专科学校');
INSERT INTO `university` VALUES (496, '辽宁税务高等专科学校');
INSERT INTO `university` VALUES (497, '盘锦职业技术学院');
INSERT INTO `university` VALUES (498, '沈阳航空职业技术学院');
INSERT INTO `university` VALUES (499, '辽宁体育运动职业技术学院');
INSERT INTO `university` VALUES (500, '辽宁职业学院');
INSERT INTO `university` VALUES (501, '辽宁生态工程职业学院');
INSERT INTO `university` VALUES (502, '沈阳职业技术学院');
INSERT INTO `university` VALUES (503, '大连商务职业学院');
INSERT INTO `university` VALUES (504, '辽宁金融职业学院');
INSERT INTO `university` VALUES (505, '辽宁轨道交通职业学院');
INSERT INTO `university` VALUES (506, '辽宁广告职业学院');
INSERT INTO `university` VALUES (507, '辽宁机电职业技术学院');
INSERT INTO `university` VALUES (508, '辽宁经济职业技术学院');
INSERT INTO `university` VALUES (509, '辽宁石化职业技术学院');
INSERT INTO `university` VALUES (510, '渤海船舶职业学院 ');
INSERT INTO `university` VALUES (511, '大连软件职业学院');
INSERT INTO `university` VALUES (512, '大连翻译职业学院');
INSERT INTO `university` VALUES (513, '辽宁商贸职业学院');
INSERT INTO `university` VALUES (514, '大连枫叶职业技术学院');
INSERT INTO `university` VALUES (515, '辽宁装备制造职业技术学院');
INSERT INTO `university` VALUES (516, '辽河石油职业技术学院');
INSERT INTO `university` VALUES (517, '辽宁地质工程职业学院');
INSERT INTO `university` VALUES (518, '辽宁铁道职业技术学院');
INSERT INTO `university` VALUES (519, '辽宁建筑职业学院');
INSERT INTO `university` VALUES (520, '大连航运职业技术学院');
INSERT INTO `university` VALUES (521, '大连装备制造职业技术学院');
INSERT INTO `university` VALUES (522, '大连汽车职业技术学院');
INSERT INTO `university` VALUES (523, '辽宁现代服务职业技术学院');
INSERT INTO `university` VALUES (524, '辽宁冶金职业技术学院');
INSERT INTO `university` VALUES (525, '辽宁工程职业学院');
INSERT INTO `university` VALUES (526, '辽宁城市建设职业技术学院');
INSERT INTO `university` VALUES (527, '辽宁医药职业学院');
INSERT INTO `university` VALUES (528, '铁岭卫生职业学院');
INSERT INTO `university` VALUES (529, '沈阳北软信息职业技术学院');
INSERT INTO `university` VALUES (530, '辽宁政法职业学院');
INSERT INTO `university` VALUES (531, '辽宁民族师范高等专科学校');
INSERT INTO `university` VALUES (532, '辽宁轻工职业学院');
INSERT INTO `university` VALUES (533, '辽宁特殊教育师范高等专科学校');
INSERT INTO `university` VALUES (534, '辽宁师范高等专科学校');
INSERT INTO `university` VALUES (535, '鞍山职业技术学院');
INSERT INTO `university` VALUES (537, '吉林大学');
INSERT INTO `university` VALUES (538, '延边大学');
INSERT INTO `university` VALUES (539, '长春理工大学');
INSERT INTO `university` VALUES (540, '东北电力大学');
INSERT INTO `university` VALUES (541, '长春工业大学');
INSERT INTO `university` VALUES (542, '吉林建筑大学');
INSERT INTO `university` VALUES (543, '吉林化工大学');
INSERT INTO `university` VALUES (544, '吉林农业大学');
INSERT INTO `university` VALUES (545, '长春中医药大学');
INSERT INTO `university` VALUES (546, '东北师范大学');
INSERT INTO `university` VALUES (547, '北华大学');
INSERT INTO `university` VALUES (548, '通化师范学院');
INSERT INTO `university` VALUES (549, '吉林师范大学');
INSERT INTO `university` VALUES (550, '吉林工程技术师范学院');
INSERT INTO `university` VALUES (551, '长春师范大学');
INSERT INTO `university` VALUES (552, '白城师范学院');
INSERT INTO `university` VALUES (553, '吉林财经大学');
INSERT INTO `university` VALUES (554, '吉林体育学院');
INSERT INTO `university` VALUES (555, '吉林艺术学院');
INSERT INTO `university` VALUES (556, '吉林外国语大学');
INSERT INTO `university` VALUES (557, '吉林工商学院');
INSERT INTO `university` VALUES (558, '长春工程学院');
INSERT INTO `university` VALUES (559, '吉林农业科技学院');
INSERT INTO `university` VALUES (560, '吉林警察学院');
INSERT INTO `university` VALUES (561, '长春大学');
INSERT INTO `university` VALUES (562, '长春光华学院');
INSERT INTO `university` VALUES (563, '长春工业大学人文信息学院');
INSERT INTO `university` VALUES (564, '长春电子科技学院');
INSERT INTO `university` VALUES (565, '长春财经学院');
INSERT INTO `university` VALUES (566, '吉林建筑科技学院');
INSERT INTO `university` VALUES (567, '长春建筑学院');
INSERT INTO `university` VALUES (568, '长春科技学院');
INSERT INTO `university` VALUES (569, '吉林动画学院');
INSERT INTO `university` VALUES (570, '吉林师范大学博达学院');
INSERT INTO `university` VALUES (571, '长春大学旅游学院');
INSERT INTO `university` VALUES (572, '长春人文学院');
INSERT INTO `university` VALUES (573, '吉林医药学院');
INSERT INTO `university` VALUES (574, '长春汽车职业技术大学');
INSERT INTO `university` VALUES (575, '长春职业技术大学');
INSERT INTO `university` VALUES (576, '吉林铁道职业技术大学');
INSERT INTO `university` VALUES (577, '长春师范高等专科学校');
INSERT INTO `university` VALUES (578, '辽源职业技术学院');
INSERT INTO `university` VALUES (579, '四平职业大学');
INSERT INTO `university` VALUES (580, '长春金融高等专科学校');
INSERT INTO `university` VALUES (581, '长春医学高等专科学校');
INSERT INTO `university` VALUES (582, '吉林交通职业技术学院');
INSERT INTO `university` VALUES (583, '长春东方职业学院');
INSERT INTO `university` VALUES (584, '吉林司法警官职业学院');
INSERT INTO `university` VALUES (585, '吉林电子信息职业技术学院');
INSERT INTO `university` VALUES (586, '吉林工业职业技术学院');
INSERT INTO `university` VALUES (587, '吉林工程职业学院');
INSERT INTO `university` VALUES (588, '白城医学高等专科学校');
INSERT INTO `university` VALUES (589, '长春信息技术职业学院');
INSERT INTO `university` VALUES (590, '松原职业技术学院');
INSERT INTO `university` VALUES (591, '白城职业技术学院');
INSERT INTO `university` VALUES (592, '长白山职业技术学院');
INSERT INTO `university` VALUES (593, '吉林科技职业技术学院');
INSERT INTO `university` VALUES (594, '延边职业技术学院');
INSERT INTO `university` VALUES (595, '吉林城市职业技术学院');
INSERT INTO `university` VALUES (596, '吉林职业技术学院');
INSERT INTO `university` VALUES (597, '吉林水利电力职业学院');
INSERT INTO `university` VALUES (598, '长春健康职业学院');
INSERT INTO `university` VALUES (599, '长春早期教育职业学院');
INSERT INTO `university` VALUES (600, '梅河口康美职业技术学院');
INSERT INTO `university` VALUES (601, '吉林通用航空职业技术学院');
INSERT INTO `university` VALUES (602, '通化医药健康职业学院');
INSERT INTO `university` VALUES (603, '长春数字科技职业学院');
INSERT INTO `university` VALUES (604, '四平现代职业学院');
INSERT INTO `university` VALUES (605, '黑龙江大学');
INSERT INTO `university` VALUES (606, '哈尔滨工业大学');
INSERT INTO `university` VALUES (607, '哈尔滨理工大学');
INSERT INTO `university` VALUES (608, '哈尔滨工程大学');
INSERT INTO `university` VALUES (609, '黑龙江科技大学');
INSERT INTO `university` VALUES (610, '东北石油大学');
INSERT INTO `university` VALUES (611, '佳木斯大学');
INSERT INTO `university` VALUES (612, '黑龙江八一农垦大学');
INSERT INTO `university` VALUES (613, '东北农业大学');
INSERT INTO `university` VALUES (614, '东北林业大学');
INSERT INTO `university` VALUES (615, '哈尔滨医科大学');
INSERT INTO `university` VALUES (616, '黑龙江中医药大学');
INSERT INTO `university` VALUES (617, '牡丹江医科大学');
INSERT INTO `university` VALUES (618, '哈尔滨师范大学');
INSERT INTO `university` VALUES (619, '齐齐哈尔大学');
INSERT INTO `university` VALUES (620, '牡丹江师范学院');
INSERT INTO `university` VALUES (621, '哈尔滨学院');
INSERT INTO `university` VALUES (622, '大庆师范学院');
INSERT INTO `university` VALUES (623, '绥化学院');
INSERT INTO `university` VALUES (624, '哈尔滨商业大学');
INSERT INTO `university` VALUES (625, '哈尔滨体育学院');
INSERT INTO `university` VALUES (626, '哈尔滨金融学院');
INSERT INTO `university` VALUES (627, '齐齐哈尔医学院');
INSERT INTO `university` VALUES (628, '黑龙江工业学院');
INSERT INTO `university` VALUES (629, '黑龙江东方学院');
INSERT INTO `university` VALUES (630, '哈尔滨信息工程学院');
INSERT INTO `university` VALUES (631, '黑龙江工程学院');
INSERT INTO `university` VALUES (632, '齐齐哈尔工程学院');
INSERT INTO `university` VALUES (633, '黑龙江外国语学院');
INSERT INTO `university` VALUES (634, '黑龙江财经学院');
INSERT INTO `university` VALUES (635, '哈尔滨石油学院');
INSERT INTO `university` VALUES (636, '黑龙江工商学院');
INSERT INTO `university` VALUES (637, '哈尔滨远东理工学院');
INSERT INTO `university` VALUES (638, '哈尔滨剑桥学院');
INSERT INTO `university` VALUES (639, '黑龙江工程学院昆仑旅游学院');
INSERT INTO `university` VALUES (640, '哈尔滨广厦学院');
INSERT INTO `university` VALUES (641, '哈尔滨华德学院');
INSERT INTO `university` VALUES (642, '黑河学院');
INSERT INTO `university` VALUES (643, '哈尔滨音乐学院');
INSERT INTO `university` VALUES (644, '哈尔滨职业技术大学');
INSERT INTO `university` VALUES (645, '齐齐哈尔高等师范专科学校');
INSERT INTO `university` VALUES (646, '伊春职业学院');
INSERT INTO `university` VALUES (647, '牡丹江大学');
INSERT INTO `university` VALUES (648, '黑龙江职业学院');
INSERT INTO `university` VALUES (649, '黑龙江建筑职业技术学院');
INSERT INTO `university` VALUES (650, '黑龙江艺术职业学院');
INSERT INTO `university` VALUES (651, '大庆职业学院');
INSERT INTO `university` VALUES (652, '黑龙江林业职业技术学院');
INSERT INTO `university` VALUES (653, '黑龙江农业职业技术学院');
INSERT INTO `university` VALUES (654, '黑龙江农业工程职业学院');
INSERT INTO `university` VALUES (655, '黑龙江农垦职业学院');
INSERT INTO `university` VALUES (656, '黑龙江司法警官职业学院');
INSERT INTO `university` VALUES (657, '鹤岗师范高等专科学校');
INSERT INTO `university` VALUES (658, '哈尔滨电力职业技术学院');
INSERT INTO `university` VALUES (659, '哈尔滨铁道职业技术学院');
INSERT INTO `university` VALUES (660, '大兴安岭职业学院');
INSERT INTO `university` VALUES (661, '黑龙江农业经济职业学院');
INSERT INTO `university` VALUES (662, '哈尔滨传媒职业学院');
INSERT INTO `university` VALUES (663, '黑龙江商业职业学院');
INSERT INTO `university` VALUES (664, '黑龙江公安警官职业学院');
INSERT INTO `university` VALUES (665, '哈尔滨城市职业学院');
INSERT INTO `university` VALUES (666, '黑龙江旅游职业技术学院');
INSERT INTO `university` VALUES (667, '黑龙江三江美术职业学院');
INSERT INTO `university` VALUES (668, '黑龙江生态工程职业学院');
INSERT INTO `university` VALUES (669, '黑龙江能源职业学院');
INSERT INTO `university` VALUES (670, '七台河职业学院');
INSERT INTO `university` VALUES (671, '黑龙江民族职业学院');
INSERT INTO `university` VALUES (672, '大庆医学高等专科学校');
INSERT INTO `university` VALUES (673, '黑龙江交通职业技术学院');
INSERT INTO `university` VALUES (674, '哈尔滨应用职业技术学院');
INSERT INTO `university` VALUES (675, '黑龙江幼儿师范高等专科学校');
INSERT INTO `university` VALUES (676, '哈尔滨科学技术职业学院');
INSERT INTO `university` VALUES (677, '佳木斯职业学院');
INSERT INTO `university` VALUES (678, '黑龙江护理高等专科学校');
INSERT INTO `university` VALUES (679, '齐齐哈尔理工职业学院');
INSERT INTO `university` VALUES (680, '哈尔滨幼儿师范高等专科学校');
INSERT INTO `university` VALUES (681, '黑龙江冰雪体育职业学院');
INSERT INTO `university` VALUES (682, '哈尔滨北方航空职业技术学院');
INSERT INTO `university` VALUES (683, '哈尔滨商贸职业学院');
INSERT INTO `university` VALUES (684, '齐齐哈尔立德健康职业学院');
INSERT INTO `university` VALUES (685, '复旦大学');
INSERT INTO `university` VALUES (686, '同济大学');
INSERT INTO `university` VALUES (687, '上海交通大学');
INSERT INTO `university` VALUES (688, '华东理工大学');
INSERT INTO `university` VALUES (689, '上海理工大学');
INSERT INTO `university` VALUES (690, '上海海事大学');
INSERT INTO `university` VALUES (691, '东华大学');
INSERT INTO `university` VALUES (692, '上海电力大学');
INSERT INTO `university` VALUES (693, '上海应用技术大学');
INSERT INTO `university` VALUES (694, '上海健康医学院');
INSERT INTO `university` VALUES (695, '上海海洋大学');
INSERT INTO `university` VALUES (696, '上海中医药大学');
INSERT INTO `university` VALUES (697, '华东师范大学');
INSERT INTO `university` VALUES (698, '上海师范大学');
INSERT INTO `university` VALUES (699, '上海外国语大学');
INSERT INTO `university` VALUES (700, '上海财经大学');
INSERT INTO `university` VALUES (701, '上海对外经贸大学');
INSERT INTO `university` VALUES (702, '上海海关学院');
INSERT INTO `university` VALUES (703, '华东政法大学');
INSERT INTO `university` VALUES (704, '上海体育大学');
INSERT INTO `university` VALUES (705, '上海音乐学院');
INSERT INTO `university` VALUES (706, '上海戏剧学院');
INSERT INTO `university` VALUES (707, '上海大学');
INSERT INTO `university` VALUES (708, '上海公安学院');
INSERT INTO `university` VALUES (709, '上海工程技术大学');
INSERT INTO `university` VALUES (710, '上海立信会计金融学院');
INSERT INTO `university` VALUES (711, '上海电机学院');
INSERT INTO `university` VALUES (712, '上海杉达学院');
INSERT INTO `university` VALUES (713, '上海政法学院');
INSERT INTO `university` VALUES (714, '上海第二工业大学');
INSERT INTO `university` VALUES (715, '上海商学院');
INSERT INTO `university` VALUES (716, '上海立达学院');
INSERT INTO `university` VALUES (717, '上海建桥学院');
INSERT INTO `university` VALUES (718, '上海兴伟学院');
INSERT INTO `university` VALUES (719, '上海中侨职业技术大学');
INSERT INTO `university` VALUES (720, '上海视觉艺术学院');
INSERT INTO `university` VALUES (721, '上海外国语大学贤达经济人文学院');
INSERT INTO `university` VALUES (722, '上海师范大学天华学院');
INSERT INTO `university` VALUES (723, '上海科技大学');
INSERT INTO `university` VALUES (724, '上海纽约大学');
INSERT INTO `university` VALUES (725, '上海旅游高等专科学校');
INSERT INTO `university` VALUES (726, '上海东海职业技术学院');
INSERT INTO `university` VALUES (727, '上海工商职业技术学院');
INSERT INTO `university` VALUES (728, '上海出版印刷高等专科学校');
INSERT INTO `university` VALUES (729, '上海行健职业学院');
INSERT INTO `university` VALUES (730, '上海城建职业学院');
INSERT INTO `university` VALUES (731, '上海交通职业技术学院');
INSERT INTO `university` VALUES (732, '上海海事职业技术学院');
INSERT INTO `university` VALUES (733, '上海电子信息职业技术学院');
INSERT INTO `university` VALUES (734, '上海震旦职业学院');
INSERT INTO `university` VALUES (735, '上海民远职业技术学院');
INSERT INTO `university` VALUES (736, '上海欧华职业技术学院');
INSERT INTO `university` VALUES (737, '上海思博职业技术学院');
INSERT INTO `university` VALUES (738, '上海工艺美术职业学院');
INSERT INTO `university` VALUES (739, '上海济光职业技术学院');
INSERT INTO `university` VALUES (740, '上海工商外国语职业学院');
INSERT INTO `university` VALUES (741, '上海科学技术职业学院');
INSERT INTO `university` VALUES (742, '上海农林职业技术学院');
INSERT INTO `university` VALUES (743, '上海邦德职业技术学院');
INSERT INTO `university` VALUES (744, '上海电影艺术职业学院');
INSERT INTO `university` VALUES (745, '上海中华职业技术学院');
INSERT INTO `university` VALUES (746, '上海工会管理职业学院');
INSERT INTO `university` VALUES (747, '上海民航职业技术学院');
INSERT INTO `university` VALUES (748, '上海南湖职业技术学院');
INSERT INTO `university` VALUES (749, '上海科创职业技术学院');
INSERT INTO `university` VALUES (750, '上海闵行职业技术学院');
INSERT INTO `university` VALUES (751, '上海现代化工职业学院');
INSERT INTO `university` VALUES (752, '上海建设管理职业技术学院');
INSERT INTO `university` VALUES (753, '上海浦东职业技术学院');
INSERT INTO `university` VALUES (754, '南京大学');
INSERT INTO `university` VALUES (755, '苏州大学');
INSERT INTO `university` VALUES (756, '东南大学');
INSERT INTO `university` VALUES (757, '南京航空航天大学');
INSERT INTO `university` VALUES (758, '南京理工大学');
INSERT INTO `university` VALUES (759, '江苏科技大学');
INSERT INTO `university` VALUES (760, '中国矿业大学');
INSERT INTO `university` VALUES (761, '南京工业大学');
INSERT INTO `university` VALUES (762, '常州大学');
INSERT INTO `university` VALUES (763, '南京邮电大学');
INSERT INTO `university` VALUES (764, '河海大学');
INSERT INTO `university` VALUES (765, '江南大学');
INSERT INTO `university` VALUES (766, '南京林业大学');
INSERT INTO `university` VALUES (767, '江苏大学');
INSERT INTO `university` VALUES (768, '南京信息工程大学');
INSERT INTO `university` VALUES (769, '南通大学');
INSERT INTO `university` VALUES (770, '盐城工学院');
INSERT INTO `university` VALUES (771, '南京农业大学');
INSERT INTO `university` VALUES (772, '南京医科大学');
INSERT INTO `university` VALUES (773, '徐州医科大学');
INSERT INTO `university` VALUES (774, '南京中医药大学');
INSERT INTO `university` VALUES (775, '中国药科大学');
INSERT INTO `university` VALUES (776, '南京师范大学');
INSERT INTO `university` VALUES (777, '江苏师范大学');
INSERT INTO `university` VALUES (778, '淮阴师范学院');
INSERT INTO `university` VALUES (779, '盐城师范学院');
INSERT INTO `university` VALUES (780, '南京财经大学');
INSERT INTO `university` VALUES (781, '江苏警官学院');
INSERT INTO `university` VALUES (782, '南京体育学院');
INSERT INTO `university` VALUES (783, '南京艺术学院');
INSERT INTO `university` VALUES (784, '苏州科技大学');
INSERT INTO `university` VALUES (785, '苏州工学院');
INSERT INTO `university` VALUES (786, '南京工业职业技术大学');
INSERT INTO `university` VALUES (787, '淮阴工学院');
INSERT INTO `university` VALUES (788, '常州工学院');
INSERT INTO `university` VALUES (789, '扬州大学');
INSERT INTO `university` VALUES (790, '三江学院');
INSERT INTO `university` VALUES (791, '南京工程学院');
INSERT INTO `university` VALUES (792, '南京审计大学');
INSERT INTO `university` VALUES (793, '南京晓庄学院');
INSERT INTO `university` VALUES (794, '江苏理工学院');
INSERT INTO `university` VALUES (795, '江苏海洋大学');
INSERT INTO `university` VALUES (796, '徐州工程学院');
INSERT INTO `university` VALUES (797, '南京特殊教育师范学院');
INSERT INTO `university` VALUES (798, '南通理工学院');
INSERT INTO `university` VALUES (799, '南京警察学院');
INSERT INTO `university` VALUES (800, '东南大学成贤学院');
INSERT INTO `university` VALUES (801, '泰州学院');
INSERT INTO `university` VALUES (802, '无锡太湖学院');
INSERT INTO `university` VALUES (803, '金陵科技学院');
INSERT INTO `university` VALUES (804, '中国矿业大学徐海学院');
INSERT INTO `university` VALUES (805, '南京大学金陵学院');
INSERT INTO `university` VALUES (806, '南京理工大学紫金学院');
INSERT INTO `university` VALUES (807, '南京航空航天大学金城学院');
INSERT INTO `university` VALUES (808, '南京传媒学院');
INSERT INTO `university` VALUES (809, '南京理工大学泰州科技学院');
INSERT INTO `university` VALUES (810, '南京师范大学泰州学院');
INSERT INTO `university` VALUES (811, '南京工业大学浦江学院');
INSERT INTO `university` VALUES (812, '南京师范大学中北学院');
INSERT INTO `university` VALUES (813, '南京医科大学康达学院');
INSERT INTO `university` VALUES (814, '南京中医药大学翰林学院');
INSERT INTO `university` VALUES (815, '无锡学院');
INSERT INTO `university` VALUES (816, '苏州城市学院');
INSERT INTO `university` VALUES (817, '苏州大学应用技术学院');
INSERT INTO `university` VALUES (818, '苏州科技大学天平学院');
INSERT INTO `university` VALUES (819, '江苏大学京江学院');
INSERT INTO `university` VALUES (820, '扬州大学广陵学院');
INSERT INTO `university` VALUES (821, '江苏师范大学科文学院');
INSERT INTO `university` VALUES (822, '南京邮电大学通达学院');
INSERT INTO `university` VALUES (823, '南京财经大学红山学院');
INSERT INTO `university` VALUES (824, '江苏科技大学苏州理工学院');
INSERT INTO `university` VALUES (825, '常州大学怀德学院');
INSERT INTO `university` VALUES (826, '南通大学杏林学院');
INSERT INTO `university` VALUES (827, '南京审计大学金审学院');
INSERT INTO `university` VALUES (828, '宿迁学院');
INSERT INTO `university` VALUES (829, '江苏第二师范学院');
INSERT INTO `university` VALUES (830, '西交利物浦大学');
INSERT INTO `university` VALUES (831, '昆山杜克大学');
INSERT INTO `university` VALUES (832, '连云港师范学院');
INSERT INTO `university` VALUES (833, '无锡职业技术大学');
INSERT INTO `university` VALUES (834, '苏州职业技术大学');
INSERT INTO `university` VALUES (835, '扬州职业技术大学');
INSERT INTO `university` VALUES (836, '盐城幼儿师范高等专科学校');
INSERT INTO `university` VALUES (837, '苏州幼儿师范高等专科学校');
INSERT INTO `university` VALUES (838, '明达职业技术学院');
INSERT INTO `university` VALUES (839, '江苏建筑职业技术学院');
INSERT INTO `university` VALUES (840, '江苏工程职业技术学院');
INSERT INTO `university` VALUES (841, '苏州工艺美术职业技术学院');
INSERT INTO `university` VALUES (842, '连云港职业技术学院');
INSERT INTO `university` VALUES (843, '镇江市高等专科学校');
INSERT INTO `university` VALUES (844, '南通职业大学');
INSERT INTO `university` VALUES (845, '沙洲职业工学院');
INSERT INTO `university` VALUES (846, '江苏经贸职业技术学院');
INSERT INTO `university` VALUES (847, '九州职业技术学院');
INSERT INTO `university` VALUES (848, '硅湖职业技术学院');
INSERT INTO `university` VALUES (849, '泰州职业技术学院');
INSERT INTO `university` VALUES (850, '常州信息职业技术学院');
INSERT INTO `university` VALUES (851, '江苏联合职业技术学院');
INSERT INTO `university` VALUES (852, '江苏海事职业技术学院');
INSERT INTO `university` VALUES (853, '应天职业技术学院');
INSERT INTO `university` VALUES (854, '无锡科技职业学院');
INSERT INTO `university` VALUES (855, '江苏医药职业学院');
INSERT INTO `university` VALUES (856, '扬州环境资源职业技术学院');
INSERT INTO `university` VALUES (857, '南通科技职业学院');
INSERT INTO `university` VALUES (858, '苏州经贸职业技术学院');
INSERT INTO `university` VALUES (859, '苏州工业职业技术学院');
INSERT INTO `university` VALUES (860, '苏州托普信息职业技术学院');
INSERT INTO `university` VALUES (861, '苏州卫生职业技术学院');
INSERT INTO `university` VALUES (862, '无锡商业职业技术学院');
INSERT INTO `university` VALUES (863, '江苏航运职业技术学院');
INSERT INTO `university` VALUES (864, '南京交通职业技术学院');
INSERT INTO `university` VALUES (865, '江苏电子信息职业学院');
INSERT INTO `university` VALUES (866, '江苏农牧科技职业学院');
INSERT INTO `university` VALUES (867, '常州纺织服装职业技术学院');
INSERT INTO `university` VALUES (868, '苏州农业职业技术学院');
INSERT INTO `university` VALUES (869, '苏州工业园区职业技术学院');
INSERT INTO `university` VALUES (870, '太湖创意职业技术学院');
INSERT INTO `university` VALUES (871, '炎黄职业技术学院');
INSERT INTO `university` VALUES (872, '南京科技职业学院');
INSERT INTO `university` VALUES (873, '正德职业技术学院');
INSERT INTO `university` VALUES (874, '钟山职业技术学院');
INSERT INTO `university` VALUES (875, '无锡南洋职业技术学院');
INSERT INTO `university` VALUES (876, '江南影视艺术职业学院');
INSERT INTO `university` VALUES (877, '金肯职业技术学院');
INSERT INTO `university` VALUES (878, '常州工业职业技术学院');
INSERT INTO `university` VALUES (879, '常州工程职业技术学院');
INSERT INTO `university` VALUES (880, '江苏农林职业技术学院');
INSERT INTO `university` VALUES (881, '江苏食品药品职业技术学院');
INSERT INTO `university` VALUES (882, '建东职业技术学院');
INSERT INTO `university` VALUES (883, '南京铁道职业技术学院');
INSERT INTO `university` VALUES (884, '徐州工业职业技术学院');
INSERT INTO `university` VALUES (885, '江苏信息职业技术学院');
INSERT INTO `university` VALUES (886, '宿迁职业技术学院');
INSERT INTO `university` VALUES (887, '南京信息职业技术学院');
INSERT INTO `university` VALUES (888, '江海职业技术学院');
INSERT INTO `university` VALUES (889, '常州机电职业技术学院');
INSERT INTO `university` VALUES (890, '江阴职业技术学院');
INSERT INTO `university` VALUES (891, '无锡城市职业技术学院');
INSERT INTO `university` VALUES (892, '无锡工艺职业技术学院');
INSERT INTO `university` VALUES (893, '金山职业技术学院');
INSERT INTO `university` VALUES (894, '苏州健雄职业技术学院');
INSERT INTO `university` VALUES (895, '盐城工业职业技术学院');
INSERT INTO `university` VALUES (896, '江苏财经职业技术学院');
INSERT INTO `university` VALUES (897, '扬州工业职业技术学院');
INSERT INTO `university` VALUES (898, '苏州百年职业学院');
INSERT INTO `university` VALUES (899, '昆山登云科技职业学院');
INSERT INTO `university` VALUES (900, '南京视觉艺术职业学院');
INSERT INTO `university` VALUES (901, '江苏城市职业学院');
INSERT INTO `university` VALUES (902, '南京城市职业学院');
INSERT INTO `university` VALUES (903, '南京机电职业技术学院');
INSERT INTO `university` VALUES (904, '苏州高博职业学院');
INSERT INTO `university` VALUES (905, '南京旅游职业学院');
INSERT INTO `university` VALUES (906, '江苏卫生健康职业学院');
INSERT INTO `university` VALUES (907, '苏州信息职业技术学院');
INSERT INTO `university` VALUES (908, '宿迁泽达职业技术学院');
INSERT INTO `university` VALUES (909, '苏州工业园区服务外包职业学院');
INSERT INTO `university` VALUES (910, '徐州幼儿师范高等专科学校');
INSERT INTO `university` VALUES (911, '徐州生物工程职业技术学院');
INSERT INTO `university` VALUES (912, '江苏商贸职业学院');
INSERT INTO `university` VALUES (913, '南通师范高等专科学校');
INSERT INTO `university` VALUES (914, '扬州中瑞酒店职业学院');
INSERT INTO `university` VALUES (915, '江苏护理职业学院');
INSERT INTO `university` VALUES (916, '江苏财会职业学院');
INSERT INTO `university` VALUES (917, '江苏城乡建设职业学院');
INSERT INTO `university` VALUES (918, '江苏航空职业技术学院');
INSERT INTO `university` VALUES (919, '江苏安全技术职业学院');
INSERT INTO `university` VALUES (920, '江苏旅游职业学院');
INSERT INTO `university` VALUES (921, '常州幼儿师范高等专科学校');
INSERT INTO `university` VALUES (922, '江苏司法警官职业学院');
INSERT INTO `university` VALUES (923, '盐城农业科技职业学院');
INSERT INTO `university` VALUES (924, '宿迁幼儿师范高等专科学校');
INSERT INTO `university` VALUES (925, '无锡师范高等专科学校');
INSERT INTO `university` VALUES (926, '常州铁道职业技术学院');
INSERT INTO `university` VALUES (927, '苏州旅游职业学院');
INSERT INTO `university` VALUES (928, '南通卫生健康职业学院');
INSERT INTO `university` VALUES (929, '浙江大学');
INSERT INTO `university` VALUES (930, '杭州电子科技大学');
INSERT INTO `university` VALUES (931, '浙江工业大学');
INSERT INTO `university` VALUES (932, '浙江理工大学');
INSERT INTO `university` VALUES (933, '浙江海洋大学');
INSERT INTO `university` VALUES (934, '浙江农林大学');
INSERT INTO `university` VALUES (935, '温州医科大学');
INSERT INTO `university` VALUES (936, '浙江中医药大学');
INSERT INTO `university` VALUES (937, '浙江师范大学');
INSERT INTO `university` VALUES (938, '杭州师范大学');
INSERT INTO `university` VALUES (939, '湖州师范学院');
INSERT INTO `university` VALUES (940, '绍兴大学');
INSERT INTO `university` VALUES (941, '台州学院');
INSERT INTO `university` VALUES (942, '温州大学');
INSERT INTO `university` VALUES (943, '丽水学院');
INSERT INTO `university` VALUES (944, '浙江工商大学');
INSERT INTO `university` VALUES (945, '嘉兴大学');
INSERT INTO `university` VALUES (946, '中国美术学院');
INSERT INTO `university` VALUES (947, '中国计量大学');
INSERT INTO `university` VALUES (948, '浙江万里学院');
INSERT INTO `university` VALUES (949, '浙江科技大学');
INSERT INTO `university` VALUES (950, '宁波工程学院');
INSERT INTO `university` VALUES (951, '浙江水利水电学院');
INSERT INTO `university` VALUES (952, '浙江财经大学');
INSERT INTO `university` VALUES (953, '浙江警察学院');
INSERT INTO `university` VALUES (954, '衢州学院');
INSERT INTO `university` VALUES (955, '宁波大学');
INSERT INTO `university` VALUES (956, '浙江传媒学院');
INSERT INTO `university` VALUES (957, '浙江树人学院');
INSERT INTO `university` VALUES (958, '浙江越秀外国语学院');
INSERT INTO `university` VALUES (959, '宁波财经学院');
INSERT INTO `university` VALUES (960, '浙大城市学院');
INSERT INTO `university` VALUES (961, '浙大宁波理工学院');
INSERT INTO `university` VALUES (962, '杭州医学院');
INSERT INTO `university` VALUES (963, '浙江广厦建设职业技术大学');
INSERT INTO `university` VALUES (964, '浙江工业大学之江学院');
INSERT INTO `university` VALUES (965, '浙江师范大学行知学院');
INSERT INTO `university` VALUES (966, '宁波大学科学技术学院');
INSERT INTO `university` VALUES (967, '杭州电子科技大学信息工程学院');
INSERT INTO `university` VALUES (968, '浙江理工大学科技与艺术学院');
INSERT INTO `university` VALUES (969, '浙江农林大学暨阳学院');
INSERT INTO `university` VALUES (970, '温州医科大学仁济学院');
INSERT INTO `university` VALUES (971, '浙江中医药大学滨江学院');
INSERT INTO `university` VALUES (972, '杭州师范大学钱江学院');
INSERT INTO `university` VALUES (973, '湖州学院');
INSERT INTO `university` VALUES (974, '绍兴理工学院');
INSERT INTO `university` VALUES (975, '温州理工学院');
INSERT INTO `university` VALUES (976, '浙江工商大学杭州商学院');
INSERT INTO `university` VALUES (977, '嘉兴南湖学院');
INSERT INTO `university` VALUES (978, '中国计量大学现代科技学院');
INSERT INTO `university` VALUES (979, '浙江财经大学东方学院');
INSERT INTO `university` VALUES (980, '温州商学院');
INSERT INTO `university` VALUES (981, '同济大学浙江学院');
INSERT INTO `university` VALUES (982, '上海财经大学浙江学院');
INSERT INTO `university` VALUES (983, '浙江外国语学院');
INSERT INTO `university` VALUES (984, '浙江音乐学院');
INSERT INTO `university` VALUES (985, '西湖大学');
INSERT INTO `university` VALUES (986, '浙江药科职业大学');
INSERT INTO `university` VALUES (987, '金华职业技术大学');
INSERT INTO `university` VALUES (988, '浙江机电职业技术大学');
INSERT INTO `university` VALUES (989, '宁波诺丁汉大学');
INSERT INTO `university` VALUES (990, '温州肯恩大学');
INSERT INTO `university` VALUES (991, '宁波职业技术大学');
INSERT INTO `university` VALUES (992, '杭州职业技术大学');
INSERT INTO `university` VALUES (993, '宁波东方理工大学');
INSERT INTO `university` VALUES (994, '温州职业技术学院');
INSERT INTO `university` VALUES (995, '浙江交通职业技术学院');
INSERT INTO `university` VALUES (996, '宁波城市职业技术学院');
INSERT INTO `university` VALUES (997, '浙江电力职业技术学院');
INSERT INTO `university` VALUES (998, '浙江同济科技职业学院');
INSERT INTO `university` VALUES (999, '浙江工商职业技术学院');
INSERT INTO `university` VALUES (1000, '台州职业技术学院');
INSERT INTO `university` VALUES (1001, '浙江工贸职业技术学院');
INSERT INTO `university` VALUES (1002, '浙江建设职业技术学院');
INSERT INTO `university` VALUES (1003, '浙江艺术职业学院');
INSERT INTO `university` VALUES (1004, '浙江经贸职业技术学院');
INSERT INTO `university` VALUES (1005, '浙江商业职业技术学院');
INSERT INTO `university` VALUES (1006, '浙江经济职业技术学院');
INSERT INTO `university` VALUES (1007, '浙江旅游职业学院');
INSERT INTO `university` VALUES (1008, '浙江育英职业技术学院');
INSERT INTO `university` VALUES (1009, '浙江警官职业学院');
INSERT INTO `university` VALUES (1010, '浙江金融职业学院');
INSERT INTO `university` VALUES (1011, '浙江工业职业技术学院');
INSERT INTO `university` VALUES (1012, '嘉兴职业技术学院');
INSERT INTO `university` VALUES (1013, '湖州职业技术学院');
INSERT INTO `university` VALUES (1014, '绍兴职业技术学院');
INSERT INTO `university` VALUES (1015, '衢州职业技术学院');
INSERT INTO `university` VALUES (1016, '丽水职业技术学院');
INSERT INTO `university` VALUES (1017, '浙江东方职业技术学院');
INSERT INTO `university` VALUES (1018, '义乌工商职业技术学院');
INSERT INTO `university` VALUES (1019, '浙江纺织服装职业技术学院');
INSERT INTO `university` VALUES (1020, '杭州科技职业技术学院');
INSERT INTO `university` VALUES (1021, '浙江长征职业技术学院');
INSERT INTO `university` VALUES (1022, '嘉兴南洋职业技术学院');
INSERT INTO `university` VALUES (1023, '杭州万向职业技术学院');
INSERT INTO `university` VALUES (1024, '浙江邮电职业技术学院');
INSERT INTO `university` VALUES (1025, '宁波卫生职业技术学院');
INSERT INTO `university` VALUES (1026, '台州科技职业学院');
INSERT INTO `university` VALUES (1027, '浙江国际海运职业技术学院');
INSERT INTO `university` VALUES (1028, '浙江体育职业技术学院');
INSERT INTO `university` VALUES (1029, '温州科技职业学院');
INSERT INTO `university` VALUES (1030, '浙江汽车职业技术学院');
INSERT INTO `university` VALUES (1031, '浙江横店影视职业学院');
INSERT INTO `university` VALUES (1032, '浙江农业商贸职业学院');
INSERT INTO `university` VALUES (1033, '浙江特殊教育职业学院');
INSERT INTO `university` VALUES (1034, '浙江安防职业技术学院');
INSERT INTO `university` VALUES (1035, '浙江宇翔职业技术学院');
INSERT INTO `university` VALUES (1036, '浙江金华科贸职业技术学院');
INSERT INTO `university` VALUES (1037, '浙江舟山群岛新区旅游与健康职业学院');
INSERT INTO `university` VALUES (1038, '宁波幼儿师范高等专科学校');
INSERT INTO `university` VALUES (1039, '湖州健康职业学院');
INSERT INTO `university` VALUES (1040, '安徽大学');
INSERT INTO `university` VALUES (1041, '中国科学技术大学');
INSERT INTO `university` VALUES (1042, '合肥工业大学');
INSERT INTO `university` VALUES (1043, '安徽工业大学');
INSERT INTO `university` VALUES (1044, '安徽理工大学');
INSERT INTO `university` VALUES (1045, '安徽工程大学');
INSERT INTO `university` VALUES (1046, '安徽农业大学');
INSERT INTO `university` VALUES (1047, '安徽医科大学');
INSERT INTO `university` VALUES (1048, '蚌埠医科大学');
INSERT INTO `university` VALUES (1049, '皖南医学院');
INSERT INTO `university` VALUES (1050, '安徽中医药大学');
INSERT INTO `university` VALUES (1051, '安徽师范大学');
INSERT INTO `university` VALUES (1052, '阜阳师范大学');
INSERT INTO `university` VALUES (1053, '安庆师范大学');
INSERT INTO `university` VALUES (1054, '淮北师范大学');
INSERT INTO `university` VALUES (1055, '黄山学院');
INSERT INTO `university` VALUES (1056, '皖西学院');
INSERT INTO `university` VALUES (1057, '滁州学院');
INSERT INTO `university` VALUES (1058, '安徽财经大学');
INSERT INTO `university` VALUES (1059, '宿州学院');
INSERT INTO `university` VALUES (1060, '巢湖学院');
INSERT INTO `university` VALUES (1061, '淮南师范学院');
INSERT INTO `university` VALUES (1062, '铜陵学院');
INSERT INTO `university` VALUES (1063, '安徽建筑大学');
INSERT INTO `university` VALUES (1064, '安徽科技学院');
INSERT INTO `university` VALUES (1065, '安徽三联学院');
INSERT INTO `university` VALUES (1066, '合肥大学');
INSERT INTO `university` VALUES (1067, '蚌埠学院');
INSERT INTO `university` VALUES (1068, '池州学院');
INSERT INTO `university` VALUES (1069, '安徽新华学院');
INSERT INTO `university` VALUES (1070, '安徽文达信息工程学院');
INSERT INTO `university` VALUES (1071, '亳州学院');
INSERT INTO `university` VALUES (1072, '安徽外国语学院');
INSERT INTO `university` VALUES (1073, '蚌埠工商学院');
INSERT INTO `university` VALUES (1074, '合肥理工学院');
INSERT INTO `university` VALUES (1075, '安徽信息工程学院');
INSERT INTO `university` VALUES (1076, '马鞍山学院');
INSERT INTO `university` VALUES (1077, '合肥城市学院');
INSERT INTO `university` VALUES (1078, '合肥经济学院');
INSERT INTO `university` VALUES (1079, '芜湖学院');
INSERT INTO `university` VALUES (1080, '安徽医科大学临床医学院');
INSERT INTO `university` VALUES (1081, '阜阳理工学院');
INSERT INTO `university` VALUES (1082, '淮北理工学院');
INSERT INTO `university` VALUES (1083, '合肥师范学院');
INSERT INTO `university` VALUES (1084, '皖江工学院');
INSERT INTO `university` VALUES (1085, '安徽艺术学院');
INSERT INTO `university` VALUES (1086, '安徽公安学院');
INSERT INTO `university` VALUES (1087, '安徽职业技术大学');
INSERT INTO `university` VALUES (1088, '芜湖职业技术大学');
INSERT INTO `university` VALUES (1089, '安徽第二医学院');
INSERT INTO `university` VALUES (1090, '淮北职业技术学院');
INSERT INTO `university` VALUES (1091, '淮南联合大学');
INSERT INTO `university` VALUES (1092, '安徽商贸职业技术学院');
INSERT INTO `university` VALUES (1093, '安徽水利水电职业技术学院');
INSERT INTO `university` VALUES (1094, '阜阳职业技术学院');
INSERT INTO `university` VALUES (1095, '铜陵职业技术学院');
INSERT INTO `university` VALUES (1096, '民办万博科技职业学院');
INSERT INTO `university` VALUES (1097, '安徽警官职业学院');
INSERT INTO `university` VALUES (1098, '淮南职业技术学院');
INSERT INTO `university` VALUES (1099, '安徽工业经济职业技术学院');
INSERT INTO `university` VALUES (1100, '合肥通用职业技术学院');
INSERT INTO `university` VALUES (1101, '安徽工贸职业技术学院');
INSERT INTO `university` VALUES (1102, '宿州职业技术学院');
INSERT INTO `university` VALUES (1103, '六安职业技术学院');
INSERT INTO `university` VALUES (1104, '安徽电子信息职业技术学院');
INSERT INTO `university` VALUES (1105, '民办合肥经济技术职业学院');
INSERT INTO `university` VALUES (1106, '安徽交通职业技术学院');
INSERT INTO `university` VALUES (1107, '安徽体育运动职业技术学院');
INSERT INTO `university` VALUES (1108, '安徽中医药高等专科学校');
INSERT INTO `university` VALUES (1109, '合肥职业技术学院');
INSERT INTO `university` VALUES (1110, '滁州职业技术学院');
INSERT INTO `university` VALUES (1111, '池州职业技术学院');
INSERT INTO `university` VALUES (1112, '宣城职业技术学院');
INSERT INTO `university` VALUES (1113, '安徽广播影视职业技术学院');
INSERT INTO `university` VALUES (1114, '民办合肥滨湖职业技术学院');
INSERT INTO `university` VALUES (1115, '安徽电气工程职业技术学院');
INSERT INTO `university` VALUES (1116, '安徽冶金科技职业学院');
INSERT INTO `university` VALUES (1117, '安徽城市管理职业学院');
INSERT INTO `university` VALUES (1118, '安徽机电职业技术学院');
INSERT INTO `university` VALUES (1119, '安徽工商职业学院');
INSERT INTO `university` VALUES (1120, '安徽中澳科技职业学院');
INSERT INTO `university` VALUES (1121, '阜阳科技职业学院');
INSERT INTO `university` VALUES (1122, '亳州职业技术学院');
INSERT INTO `university` VALUES (1123, '安徽国防科技职业学院');
INSERT INTO `university` VALUES (1124, '安庆职业技术学院');
INSERT INTO `university` VALUES (1125, '安徽艺术职业学院');
INSERT INTO `university` VALUES (1126, '马鞍山师范高等专科学校');
INSERT INTO `university` VALUES (1127, '安徽财贸职业学院');
INSERT INTO `university` VALUES (1128, '安徽国际商务职业学院');
INSERT INTO `university` VALUES (1129, '安徽公安职业学院');
INSERT INTO `university` VALUES (1130, '安徽林业职业技术学院');
INSERT INTO `university` VALUES (1131, '安徽审计职业学院');
INSERT INTO `university` VALUES (1132, '安徽新闻出版职业技术学院');
INSERT INTO `university` VALUES (1133, '安徽邮电职业技术学院');
INSERT INTO `university` VALUES (1134, '安徽工业职业技术学院');
INSERT INTO `university` VALUES (1135, '民办合肥财经职业学院');
INSERT INTO `university` VALUES (1136, '安庆医药高等专科学校');
INSERT INTO `university` VALUES (1137, '安徽涉外经济职业学院');
INSERT INTO `university` VALUES (1138, '安徽绿海商务职业学院');
INSERT INTO `university` VALUES (1139, '合肥共达职业技术学院');
INSERT INTO `university` VALUES (1140, '蚌埠经济技术职业学院');
INSERT INTO `university` VALUES (1141, '民办安徽旅游职业学院');
INSERT INTO `university` VALUES (1142, '徽商职业学院');
INSERT INTO `university` VALUES (1143, '马鞍山职业技术学院');
INSERT INTO `university` VALUES (1144, '安徽现代信息工程职业学院');
INSERT INTO `university` VALUES (1145, '安徽矿业职业技术学院');
INSERT INTO `university` VALUES (1146, '合肥信息技术职业学院');
INSERT INTO `university` VALUES (1147, '桐城师范高等专科学校');
INSERT INTO `university` VALUES (1148, '黄山职业技术学院');
INSERT INTO `university` VALUES (1149, '滁州城市职业学院');
INSERT INTO `university` VALUES (1150, '安徽汽车职业技术学院');
INSERT INTO `university` VALUES (1151, '皖西卫生职业学院');
INSERT INTO `university` VALUES (1152, '合肥幼儿师范高等专科学校');
INSERT INTO `university` VALUES (1153, '安徽扬子职业技术学院');
INSERT INTO `university` VALUES (1154, '安徽黄梅戏艺术职业学院');
INSERT INTO `university` VALUES (1155, '安徽粮食工程职业学院');
INSERT INTO `university` VALUES (1156, '安徽卫生健康职业学院');
INSERT INTO `university` VALUES (1157, '合肥科技职业学院');
INSERT INTO `university` VALUES (1158, '皖北卫生职业学院');
INSERT INTO `university` VALUES (1159, '阜阳幼儿师范高等专科学校');
INSERT INTO `university` VALUES (1160, '黄山健康职业学院');
INSERT INTO `university` VALUES (1161, '宿州航空职业学院');
INSERT INTO `university` VALUES (1162, '芜湖医药健康职业学院');
INSERT INTO `university` VALUES (1163, '芜湖航空职业学院');
INSERT INTO `university` VALUES (1164, '蚌埠城市轨道交通职业学院');
INSERT INTO `university` VALUES (1165, '六安应用科技职业学院');
INSERT INTO `university` VALUES (1166, '厦门大学');
INSERT INTO `university` VALUES (1167, '华侨大学');
INSERT INTO `university` VALUES (1168, '福州大学');
INSERT INTO `university` VALUES (1169, '福建理工大学');
INSERT INTO `university` VALUES (1170, '福建农林大学');
INSERT INTO `university` VALUES (1171, '集美大学');
INSERT INTO `university` VALUES (1172, '福建医科大学');
INSERT INTO `university` VALUES (1173, '福建中医药大学');
INSERT INTO `university` VALUES (1174, '福建师范大学');
INSERT INTO `university` VALUES (1175, '闽江学院');
INSERT INTO `university` VALUES (1176, '武夷学院');
INSERT INTO `university` VALUES (1177, '宁德师范学院');
INSERT INTO `university` VALUES (1178, '泉州师范学院');
INSERT INTO `university` VALUES (1179, '闽南师范大学');
INSERT INTO `university` VALUES (1180, '厦门理工学院');
INSERT INTO `university` VALUES (1181, '三明学院');
INSERT INTO `university` VALUES (1182, '龙岩学院');
INSERT INTO `university` VALUES (1183, '福建商学院');
INSERT INTO `university` VALUES (1184, '福建警察学院');
INSERT INTO `university` VALUES (1185, '莆田学院');
INSERT INTO `university` VALUES (1186, '仰恩大学');
INSERT INTO `university` VALUES (1187, '厦门医学院');
INSERT INTO `university` VALUES (1188, '厦门华厦学院');
INSERT INTO `university` VALUES (1189, '闽南理工学院');
INSERT INTO `university` VALUES (1190, '泉州职业技术大学');
INSERT INTO `university` VALUES (1191, '闽南科技学院');
INSERT INTO `university` VALUES (1192, '福州工商学院');
INSERT INTO `university` VALUES (1193, '厦门工学院');
INSERT INTO `university` VALUES (1194, '阳光学院');
INSERT INTO `university` VALUES (1195, '厦门大学嘉庚学院');
INSERT INTO `university` VALUES (1196, '福州大学至诚学院');
INSERT INTO `university` VALUES (1197, '集美大学诚毅学院');
INSERT INTO `university` VALUES (1198, '福建师范大学协和学院');
INSERT INTO `university` VALUES (1199, '福州外语外贸学院');
INSERT INTO `university` VALUES (1200, '福建江夏学院');
INSERT INTO `university` VALUES (1201, '泉州信息工程学院');
INSERT INTO `university` VALUES (1202, '福州理工学院');
INSERT INTO `university` VALUES (1203, '福建农林大学金山学院');
INSERT INTO `university` VALUES (1204, '福建技术师范学院');
INSERT INTO `university` VALUES (1205, '福建福耀科技大学');
INSERT INTO `university` VALUES (1206, '黎明职业大学');
INSERT INTO `university` VALUES (1207, '福建船政交通职业学院');
INSERT INTO `university` VALUES (1208, '漳州职业技术学院');
INSERT INTO `university` VALUES (1209, '闽西职业技术学院');
INSERT INTO `university` VALUES (1210, '福建华南女子职业学院');
INSERT INTO `university` VALUES (1211, '福州职业技术学院');
INSERT INTO `university` VALUES (1212, '福建林业职业技术学院');
INSERT INTO `university` VALUES (1213, '福建信息职业技术学院');
INSERT INTO `university` VALUES (1214, '福建水利电力职业技术学院');
INSERT INTO `university` VALUES (1215, '福建电力职业技术学院');
INSERT INTO `university` VALUES (1216, '厦门海洋职业技术学院');
INSERT INTO `university` VALUES (1217, '福建农业职业技术学院');
INSERT INTO `university` VALUES (1218, '福建卫生职业技术学院');
INSERT INTO `university` VALUES (1219, '泉州医学高等专科学校');
INSERT INTO `university` VALUES (1220, '福州英华职业学院');
INSERT INTO `university` VALUES (1221, '泉州纺织服装职业学院');
INSERT INTO `university` VALUES (1222, '泉州华光职业学院');
INSERT INTO `university` VALUES (1223, '闽北职业技术学院');
INSERT INTO `university` VALUES (1224, '福州黎明职业技术学院');
INSERT INTO `university` VALUES (1225, '厦门演艺职业学院');
INSERT INTO `university` VALUES (1226, '厦门华天涉外职业技术学院');
INSERT INTO `university` VALUES (1227, '福州科技职业技术学院');
INSERT INTO `university` VALUES (1228, '泉州经贸职业技术学院');
INSERT INTO `university` VALUES (1229, '湄洲湾职业技术学院');
INSERT INTO `university` VALUES (1230, '福建生物工程职业技术学院');
INSERT INTO `university` VALUES (1231, '福建艺术职业学院');
INSERT INTO `university` VALUES (1232, '福建幼儿师范高等专科学校');
INSERT INTO `university` VALUES (1233, '厦门城市职业学院');
INSERT INTO `university` VALUES (1234, '泉州工艺美术职业学院');
INSERT INTO `university` VALUES (1235, '三明医学科技职业学院');
INSERT INTO `university` VALUES (1236, '宁德职业技术学院');
INSERT INTO `university` VALUES (1237, '福州软件职业技术学院');
INSERT INTO `university` VALUES (1238, '厦门兴才职业技术学院');
INSERT INTO `university` VALUES (1239, '厦门软件职业技术学院');
INSERT INTO `university` VALUES (1240, '福建体育职业技术学院');
INSERT INTO `university` VALUES (1241, '漳州城市职业学院');
INSERT INTO `university` VALUES (1242, '厦门南洋职业学院');
INSERT INTO `university` VALUES (1243, '厦门东海职业技术学院');
INSERT INTO `university` VALUES (1244, '漳州科技职业学院');
INSERT INTO `university` VALUES (1245, '漳州理工职业学院');
INSERT INTO `university` VALUES (1246, '武夷山职业学院');
INSERT INTO `university` VALUES (1247, '漳州卫生职业学院');
INSERT INTO `university` VALUES (1248, '泉州海洋职业学院');
INSERT INTO `university` VALUES (1249, '泉州轻工职业学院');
INSERT INTO `university` VALUES (1250, '厦门安防科技职业学院');
INSERT INTO `university` VALUES (1251, '泉州幼儿师范高等专科学校');
INSERT INTO `university` VALUES (1252, '闽江师范高等专科学校');
INSERT INTO `university` VALUES (1253, '泉州工程职业技术学院');
INSERT INTO `university` VALUES (1254, '福州墨尔本理工职业学院');
INSERT INTO `university` VALUES (1255, '集美工业职业学院');
INSERT INTO `university` VALUES (1256, '南昌大学');
INSERT INTO `university` VALUES (1257, '华东交通大学');
INSERT INTO `university` VALUES (1258, '东华理工大学');
INSERT INTO `university` VALUES (1259, '南昌航空大学');
INSERT INTO `university` VALUES (1260, '江西理工大学');
INSERT INTO `university` VALUES (1261, '景德镇陶瓷大学');
INSERT INTO `university` VALUES (1262, '江西农业大学');
INSERT INTO `university` VALUES (1263, '江西中医药大学');
INSERT INTO `university` VALUES (1264, '赣南医科大学');
INSERT INTO `university` VALUES (1265, '江西师范大学');
INSERT INTO `university` VALUES (1266, '上饶师范学院');
INSERT INTO `university` VALUES (1267, '宜春学院');
INSERT INTO `university` VALUES (1268, '赣南师范大学');
INSERT INTO `university` VALUES (1269, '井冈山大学');
INSERT INTO `university` VALUES (1270, '江西财经大学');
INSERT INTO `university` VALUES (1271, '江西科技学院');
INSERT INTO `university` VALUES (1272, '景德镇学院');
INSERT INTO `university` VALUES (1273, '萍乡学院');
INSERT INTO `university` VALUES (1274, '江西科技师范大学');
INSERT INTO `university` VALUES (1275, '江西水利电力大学');
INSERT INTO `university` VALUES (1276, '江西警察学院');
INSERT INTO `university` VALUES (1277, '新余学院');
INSERT INTO `university` VALUES (1278, '九江学院');
INSERT INTO `university` VALUES (1279, '江西工程学院');
INSERT INTO `university` VALUES (1280, '南昌理工学院');
INSERT INTO `university` VALUES (1281, '江西应用科技学院');
INSERT INTO `university` VALUES (1282, '江西服装学院');
INSERT INTO `university` VALUES (1283, '南昌职业大学');
INSERT INTO `university` VALUES (1284, '南昌工学院');
INSERT INTO `university` VALUES (1285, '南昌大学科学技术学院');
INSERT INTO `university` VALUES (1286, '南昌大学共青学院');
INSERT INTO `university` VALUES (1287, '南昌交通学院');
INSERT INTO `university` VALUES (1288, '赣东学院');
INSERT INTO `university` VALUES (1289, '南昌航空大学科技学院');
INSERT INTO `university` VALUES (1290, '赣南科技学院');
INSERT INTO `university` VALUES (1291, '景德镇艺术职业大学');
INSERT INTO `university` VALUES (1292, '江西农业大学南昌商学院');
INSERT INTO `university` VALUES (1293, '南昌医学院');
INSERT INTO `university` VALUES (1294, '江西师范大学科学技术学院');
INSERT INTO `university` VALUES (1295, '赣南师范大学科技学院');
INSERT INTO `university` VALUES (1296, '南昌应用技术师范学院');
INSERT INTO `university` VALUES (1297, '江西财经大学现代经济管理学院');
INSERT INTO `university` VALUES (1298, '豫章师范学院');
INSERT INTO `university` VALUES (1299, '江西软件职业技术大学');
INSERT INTO `university` VALUES (1300, '南昌师范学院');
INSERT INTO `university` VALUES (1301, '江西飞行学院');
INSERT INTO `university` VALUES (1302, '江西职业技术大学');
INSERT INTO `university` VALUES (1303, '抚州医药学院');
INSERT INTO `university` VALUES (1304, '九江科技职业大学');
INSERT INTO `university` VALUES (1305, '上饶幼儿师范高等专科学校');
INSERT INTO `university` VALUES (1306, '抚州幼儿师范高等专科学校');
INSERT INTO `university` VALUES (1307, '江西工业职业技术学院');
INSERT INTO `university` VALUES (1308, '江西医学高等专科学校');
INSERT INTO `university` VALUES (1309, '九江职业大学');
INSERT INTO `university` VALUES (1310, '江西司法警官职业学院');
INSERT INTO `university` VALUES (1311, '江西陶瓷工艺美术职业技术学院');
INSERT INTO `university` VALUES (1312, '江西旅游商贸职业学院');
INSERT INTO `university` VALUES (1313, '江西电力职业技术学院');
INSERT INTO `university` VALUES (1314, '江西环境工程职业学院');
INSERT INTO `university` VALUES (1315, '江西艺术职业学院');
INSERT INTO `university` VALUES (1316, '鹰潭职业技术学院');
INSERT INTO `university` VALUES (1317, '江西信息应用职业技术学院');
INSERT INTO `university` VALUES (1318, '江西交通职业技术学院');
INSERT INTO `university` VALUES (1319, '江西财经职业学院');
INSERT INTO `university` VALUES (1320, '江西应用技术职业学院');
INSERT INTO `university` VALUES (1321, '江西现代职业技术学院');
INSERT INTO `university` VALUES (1322, '江西工业工程职业技术学院');
INSERT INTO `university` VALUES (1323, '江西机电职业技术学院');
INSERT INTO `university` VALUES (1324, '江西科技职业学院');
INSERT INTO `university` VALUES (1325, '江西外语外贸职业学院');
INSERT INTO `university` VALUES (1326, '江西工业贸易职业技术学院');
INSERT INTO `university` VALUES (1327, '宜春职业技术学院');
INSERT INTO `university` VALUES (1328, '江西应用工程职业学院');
INSERT INTO `university` VALUES (1329, '江西生物科技职业学院');
INSERT INTO `university` VALUES (1330, '江西建设职业技术学院');
INSERT INTO `university` VALUES (1331, '抚州职业技术学院');
INSERT INTO `university` VALUES (1332, '江西经济管理职业学院');
INSERT INTO `university` VALUES (1333, '江西制造职业技术学院');
INSERT INTO `university` VALUES (1334, '江西工程职业学院');
INSERT INTO `university` VALUES (1335, '江西青年职业学院');
INSERT INTO `university` VALUES (1336, '上饶职业技术学院');
INSERT INTO `university` VALUES (1337, '江西航空职业技术学院');
INSERT INTO `university` VALUES (1338, '江西农业工程职业学院');
INSERT INTO `university` VALUES (1339, '赣西科技职业学院');
INSERT INTO `university` VALUES (1340, '江西卫生职业学院');
INSERT INTO `university` VALUES (1341, '江西新能源科技职业学院');
INSERT INTO `university` VALUES (1342, '江西枫林涉外经贸职业学院');
INSERT INTO `university` VALUES (1343, '江西泰豪动漫职业学院');
INSERT INTO `university` VALUES (1344, '江西冶金职业技术学院');
INSERT INTO `university` VALUES (1345, '江西管理职业学院');
INSERT INTO `university` VALUES (1346, '江西传媒职业学院');
INSERT INTO `university` VALUES (1347, '江西工商职业技术学院');
INSERT INTO `university` VALUES (1348, '景德镇陶瓷职业技术学院');
INSERT INTO `university` VALUES (1349, '赣州师范高等专科学校');
INSERT INTO `university` VALUES (1350, '江西水利职业学院');
INSERT INTO `university` VALUES (1351, '宜春幼儿师范高等专科学校');
INSERT INTO `university` VALUES (1352, '吉安职业技术学院');
INSERT INTO `university` VALUES (1353, '江西洪州职业学院');
INSERT INTO `university` VALUES (1354, '江西师范高等专科学校');
INSERT INTO `university` VALUES (1355, '南昌影视传播职业学院');
INSERT INTO `university` VALUES (1356, '赣南卫生健康职业学院');
INSERT INTO `university` VALUES (1357, '萍乡卫生职业学院');
INSERT INTO `university` VALUES (1358, '江西婺源茶业职业学院');
INSERT INTO `university` VALUES (1359, '赣州职业技术学院');
INSERT INTO `university` VALUES (1360, '南昌健康职业技术学院');
INSERT INTO `university` VALUES (1361, '九江理工职业学院');
INSERT INTO `university` VALUES (1362, '和君职业学院');
INSERT INTO `university` VALUES (1363, '吉安幼儿师范高等专科学校');
INSERT INTO `university` VALUES (1364, '上饶卫生健康职业学院');
INSERT INTO `university` VALUES (1365, '江西樟树中医药职业学院');
INSERT INTO `university` VALUES (1366, '赣东职业技术学院');
INSERT INTO `university` VALUES (1367, '江西电子信息职业技术学院');
INSERT INTO `university` VALUES (1368, '鹰潭卫生职业学院');
INSERT INTO `university` VALUES (1369, '九江卫生健康职业学院');
INSERT INTO `university` VALUES (1370, '新余职业技术学院');
INSERT INTO `university` VALUES (1371, '赣州起元职业学院');
INSERT INTO `university` VALUES (1372, '赣州远恒佳职业学院');
INSERT INTO `university` VALUES (1373, '山东大学');
INSERT INTO `university` VALUES (1374, '中国海洋大学');
INSERT INTO `university` VALUES (1375, '山东科技大学');
INSERT INTO `university` VALUES (1376, '中国石油大学（华东）');
INSERT INTO `university` VALUES (1377, '青岛科技大学');
INSERT INTO `university` VALUES (1378, '济南大学');
INSERT INTO `university` VALUES (1379, '青岛理工大学');
INSERT INTO `university` VALUES (1380, '山东建筑大学');
INSERT INTO `university` VALUES (1381, '齐鲁工业大学');
INSERT INTO `university` VALUES (1382, '山东理工大学');
INSERT INTO `university` VALUES (1383, '山东农业大学');
INSERT INTO `university` VALUES (1384, '青岛农业大学');
INSERT INTO `university` VALUES (1385, '山东第二医科大学');
INSERT INTO `university` VALUES (1386, '山东第一医科大学');
INSERT INTO `university` VALUES (1387, '滨州医学院');
INSERT INTO `university` VALUES (1388, '山东中医药大学');
INSERT INTO `university` VALUES (1389, '济宁医学院');
INSERT INTO `university` VALUES (1390, '山东师范大学');
INSERT INTO `university` VALUES (1391, '曲阜师范大学');
INSERT INTO `university` VALUES (1392, '聊城大学');
INSERT INTO `university` VALUES (1393, '德州学院');
INSERT INTO `university` VALUES (1394, '山东航空学院');
INSERT INTO `university` VALUES (1395, '鲁东大学');
INSERT INTO `university` VALUES (1396, '临沂大学');
INSERT INTO `university` VALUES (1397, '泰山学院');
INSERT INTO `university` VALUES (1398, '济宁学院');
INSERT INTO `university` VALUES (1399, '菏泽学院');
INSERT INTO `university` VALUES (1400, '山东财经大学');
INSERT INTO `university` VALUES (1401, '山东体育学院');
INSERT INTO `university` VALUES (1402, '山东艺术学院');
INSERT INTO `university` VALUES (1403, '齐鲁医药学院');
INSERT INTO `university` VALUES (1404, '青岛滨海学院');
INSERT INTO `university` VALUES (1405, '枣庄学院');
INSERT INTO `university` VALUES (1406, '山东工艺美术学院');
INSERT INTO `university` VALUES (1407, '青岛大学');
INSERT INTO `university` VALUES (1408, '烟台大学');
INSERT INTO `university` VALUES (1409, '潍坊学院');
INSERT INTO `university` VALUES (1410, '山东警察学院');
INSERT INTO `university` VALUES (1411, '山东交通学院');
INSERT INTO `university` VALUES (1412, '山东工商学院');
INSERT INTO `university` VALUES (1413, '山东女子学院');
INSERT INTO `university` VALUES (1414, '烟台南山学院');
INSERT INTO `university` VALUES (1415, '潍坊科技学院');
INSERT INTO `university` VALUES (1416, '山东英才学院');
INSERT INTO `university` VALUES (1417, '青岛恒星科技学院');
INSERT INTO `university` VALUES (1418, '青岛黄海学院');
INSERT INTO `university` VALUES (1419, '山东现代学院');
INSERT INTO `university` VALUES (1420, '山东协和学院');
INSERT INTO `university` VALUES (1421, '山东工程职业技术大学');
INSERT INTO `university` VALUES (1422, '烟台理工学院');
INSERT INTO `university` VALUES (1423, '聊城大学东昌学院');
INSERT INTO `university` VALUES (1424, '青岛城市学院');
INSERT INTO `university` VALUES (1425, '潍坊理工学院');
INSERT INTO `university` VALUES (1426, '山东财经大学燕山学院');
INSERT INTO `university` VALUES (1427, '山东石油化工学院');
INSERT INTO `university` VALUES (1428, '山东外国语职业技术大学');
INSERT INTO `university` VALUES (1429, '泰山科技学院');
INSERT INTO `university` VALUES (1430, '山东华宇工学院');
INSERT INTO `university` VALUES (1431, '山东外事职业大学');
INSERT INTO `university` VALUES (1432, '青岛工学院');
INSERT INTO `university` VALUES (1433, '青岛农业大学海都学院');
INSERT INTO `university` VALUES (1434, '齐鲁理工学院');
INSERT INTO `university` VALUES (1435, '山东财经大学东方学院');
INSERT INTO `university` VALUES (1436, '烟台科技学院');
INSERT INTO `university` VALUES (1437, '山东政法学院');
INSERT INTO `university` VALUES (1438, '齐鲁师范学院');
INSERT INTO `university` VALUES (1439, '山东青年政治学院');
INSERT INTO `university` VALUES (1440, '青岛电影学院');
INSERT INTO `university` VALUES (1441, '山东管理学院');
INSERT INTO `university` VALUES (1442, '山东农业工程学院');
INSERT INTO `university` VALUES (1443, '康复大学');
INSERT INTO `university` VALUES (1444, '淄博职业技术大学');
INSERT INTO `university` VALUES (1445, '山东医学高等专科学校');
INSERT INTO `university` VALUES (1446, '菏泽医学专科学校');
INSERT INTO `university` VALUES (1447, '山东商业职业技术学院');
INSERT INTO `university` VALUES (1448, '山东电力高等专科学校');
INSERT INTO `university` VALUES (1449, '日照职业技术学院');
INSERT INTO `university` VALUES (1450, '曲阜远东职业技术学院');
INSERT INTO `university` VALUES (1451, '青岛职业技术学院');
INSERT INTO `university` VALUES (1452, '威海职业学院');
INSERT INTO `university` VALUES (1453, '山东职业学院');
INSERT INTO `university` VALUES (1454, '山东劳动职业技术学院');
INSERT INTO `university` VALUES (1455, '莱芜职业技术学院');
INSERT INTO `university` VALUES (1456, '济宁职业技术学院');
INSERT INTO `university` VALUES (1457, '潍坊职业学院');
INSERT INTO `university` VALUES (1458, '烟台职业学院');
INSERT INTO `university` VALUES (1459, '东营职业学院');
INSERT INTO `university` VALUES (1460, '聊城职业技术学院');
INSERT INTO `university` VALUES (1461, '滨州职业学院');
INSERT INTO `university` VALUES (1462, '山东科技职业学院');
INSERT INTO `university` VALUES (1463, '山东服装职业学院');
INSERT INTO `university` VALUES (1464, '德州科技职业学院');
INSERT INTO `university` VALUES (1465, '山东力明科技职业学院');
INSERT INTO `university` VALUES (1466, '山东圣翰财贸职业学院');
INSERT INTO `university` VALUES (1467, '山东水利职业学院');
INSERT INTO `university` VALUES (1468, '山东畜牧兽医职业学院');
INSERT INTO `university` VALUES (1469, '青岛飞洋职业技术学院');
INSERT INTO `university` VALUES (1470, '东营科技职业学院');
INSERT INTO `university` VALUES (1471, '山东交通职业学院');
INSERT INTO `university` VALUES (1472, '山东外贸职业学院');
INSERT INTO `university` VALUES (1473, '青岛酒店管理职业技术学院');
INSERT INTO `university` VALUES (1474, '山东信息职业技术学院');
INSERT INTO `university` VALUES (1475, '青岛港湾职业技术学院');
INSERT INTO `university` VALUES (1476, '山东胜利职业学院');
INSERT INTO `university` VALUES (1477, '山东经贸职业学院');
INSERT INTO `university` VALUES (1478, '山东工业职业学院');
INSERT INTO `university` VALUES (1479, '山东化工职业学院');
INSERT INTO `university` VALUES (1480, '青岛求实职业技术学院');
INSERT INTO `university` VALUES (1481, '济南职业学院');
INSERT INTO `university` VALUES (1482, '烟台工程职业技术学院');
INSERT INTO `university` VALUES (1483, '潍坊工商职业学院');
INSERT INTO `university` VALUES (1484, '德州职业技术学院');
INSERT INTO `university` VALUES (1485, '枣庄科技职业学院');
INSERT INTO `university` VALUES (1486, '淄博师范高等专科学校');
INSERT INTO `university` VALUES (1487, '山东中医药高等专科学校');
INSERT INTO `university` VALUES (1488, '济南工程职业技术学院');
INSERT INTO `university` VALUES (1489, '山东电子职业技术学院');
INSERT INTO `university` VALUES (1490, '山东旅游职业学院');
INSERT INTO `university` VALUES (1491, '山东铝业职业学院');
INSERT INTO `university` VALUES (1492, '山东杏林科技职业学院');
INSERT INTO `university` VALUES (1493, '泰山职业技术学院');
INSERT INTO `university` VALUES (1494, '山东药品食品职业学院');
INSERT INTO `university` VALUES (1495, '山东商务职业学院');
INSERT INTO `university` VALUES (1496, '山东轻工职业学院');
INSERT INTO `university` VALUES (1497, '山东城市建设职业学院');
INSERT INTO `university` VALUES (1498, '烟台汽车工程职业学院');
INSERT INTO `university` VALUES (1499, '山东司法警官职业学院');
INSERT INTO `university` VALUES (1500, '菏泽家政职业学院');
INSERT INTO `university` VALUES (1501, '山东传媒职业学院');
INSERT INTO `university` VALUES (1502, '临沂职业学院');
INSERT INTO `university` VALUES (1503, '枣庄职业学院');
INSERT INTO `university` VALUES (1504, '山东理工职业学院');
INSERT INTO `university` VALUES (1505, '山东文化产业职业学院');
INSERT INTO `university` VALUES (1506, '青岛远洋船员职业学院');
INSERT INTO `university` VALUES (1507, '济南幼儿师范高等专科学校');
INSERT INTO `university` VALUES (1508, '济南护理职业学院');
INSERT INTO `university` VALUES (1509, '泰山护理职业学院');
INSERT INTO `university` VALUES (1510, '山东海事职业学院');
INSERT INTO `university` VALUES (1511, '潍坊护理职业学院');
INSERT INTO `university` VALUES (1512, '潍坊工程职业学院');
INSERT INTO `university` VALUES (1513, '菏泽职业学院');
INSERT INTO `university` VALUES (1514, '山东艺术设计职业学院');
INSERT INTO `university` VALUES (1515, '威海海洋职业学院');
INSERT INTO `university` VALUES (1516, '山东特殊教育职业学院');
INSERT INTO `university` VALUES (1517, '烟台黄金职业学院');
INSERT INTO `university` VALUES (1518, '日照航海工程职业学院');
INSERT INTO `university` VALUES (1519, '青岛工程职业学院');
INSERT INTO `university` VALUES (1520, '青岛幼儿师范高等专科学校');
INSERT INTO `university` VALUES (1521, '烟台幼儿师范高等专科学校');
INSERT INTO `university` VALUES (1522, '烟台文化旅游职业学院');
INSERT INTO `university` VALUES (1523, '临沂科技职业学院');
INSERT INTO `university` VALUES (1524, '青岛航空科技职业学院');
INSERT INTO `university` VALUES (1525, '潍坊环境工程职业学院');
INSERT INTO `university` VALUES (1526, '滨州科技职业学院');
INSERT INTO `university` VALUES (1527, '山东城市服务职业学院');
INSERT INTO `university` VALUES (1528, '潍坊食品科技职业学院');
INSERT INTO `university` VALUES (1529, '烟台城市科技职业学院');
INSERT INTO `university` VALUES (1530, '德州工程职业学院');
INSERT INTO `university` VALUES (1531, '日照康养职业学院');
INSERT INTO `university` VALUES (1532, '烟台卫生健康职业学院');
INSERT INTO `university` VALUES (1533, '山东文化艺术职业学院');
INSERT INTO `university` VALUES (1534, '聊城科技职业学院');
INSERT INTO `university` VALUES (1535, '济宁汽车工程职业学院');
INSERT INTO `university` VALUES (1536, '日照科技职业学院');
INSERT INTO `university` VALUES (1537, '枣庄应用技术职业学院');
INSERT INTO `university` VALUES (1538, '临沂城市职业学院');
INSERT INTO `university` VALUES (1539, '菏泽生物医药职业学院');
INSERT INTO `university` VALUES (1540, '华北水利水电大学');
INSERT INTO `university` VALUES (1541, '郑州大学');
INSERT INTO `university` VALUES (1542, '河南理工大学');
INSERT INTO `university` VALUES (1543, '郑州轻工业大学');
INSERT INTO `university` VALUES (1544, '河南工业大学');
INSERT INTO `university` VALUES (1545, '河南科技大学');
INSERT INTO `university` VALUES (1546, '中原工学院');
INSERT INTO `university` VALUES (1547, '河南农业大学');
INSERT INTO `university` VALUES (1548, '河南科技学院');
INSERT INTO `university` VALUES (1549, '河南牧业经济学院');
INSERT INTO `university` VALUES (1550, '河南中医药大学');
INSERT INTO `university` VALUES (1551, '河南医药大学');
INSERT INTO `university` VALUES (1552, '河南大学');
INSERT INTO `university` VALUES (1553, '河南师范大学');
INSERT INTO `university` VALUES (1554, '信阳师范大学');
INSERT INTO `university` VALUES (1555, '周口师范学院');
INSERT INTO `university` VALUES (1556, '安阳师范学院');
INSERT INTO `university` VALUES (1557, '许昌学院');
INSERT INTO `university` VALUES (1558, '南阳师范学院');
INSERT INTO `university` VALUES (1559, '洛阳师范学院');
INSERT INTO `university` VALUES (1560, '商丘师范学院');
INSERT INTO `university` VALUES (1561, '河南财经政法大学');
INSERT INTO `university` VALUES (1562, '郑州航空工业管理学院');
INSERT INTO `university` VALUES (1563, '黄淮学院');
INSERT INTO `university` VALUES (1564, '平顶山学院');
INSERT INTO `university` VALUES (1565, '郑州工程技术学院');
INSERT INTO `university` VALUES (1566, '洛阳理工学院');
INSERT INTO `university` VALUES (1567, '新乡学院');
INSERT INTO `university` VALUES (1568, '信阳农林学院');
INSERT INTO `university` VALUES (1569, '河南工学院');
INSERT INTO `university` VALUES (1570, '安阳工学院');
INSERT INTO `university` VALUES (1571, '河南工程学院');
INSERT INTO `university` VALUES (1572, '河南财政金融学院');
INSERT INTO `university` VALUES (1573, '南阳理工学院');
INSERT INTO `university` VALUES (1574, '河南城建学院');
INSERT INTO `university` VALUES (1575, '河南警察学院');
INSERT INTO `university` VALUES (1576, '黄河科技学院');
INSERT INTO `university` VALUES (1577, '郑州警察学院');
INSERT INTO `university` VALUES (1578, '郑州科技学院');
INSERT INTO `university` VALUES (1579, '郑州工业应用技术学院');
INSERT INTO `university` VALUES (1580, '郑州师范学院');
INSERT INTO `university` VALUES (1581, '郑州财经学院');
INSERT INTO `university` VALUES (1582, '黄河交通学院');
INSERT INTO `university` VALUES (1583, '商丘工学院');
INSERT INTO `university` VALUES (1584, '河南开封科技传媒学院');
INSERT INTO `university` VALUES (1585, '中原科技学院');
INSERT INTO `university` VALUES (1586, '信阳学院');
INSERT INTO `university` VALUES (1587, '安阳学院');
INSERT INTO `university` VALUES (1588, '豫北医学院');
INSERT INTO `university` VALUES (1589, '新乡工程学院');
INSERT INTO `university` VALUES (1590, '郑州工商学院');
INSERT INTO `university` VALUES (1591, '郑州经贸学院');
INSERT INTO `university` VALUES (1592, '商丘学院');
INSERT INTO `university` VALUES (1593, '郑州商学院');
INSERT INTO `university` VALUES (1594, '河南科技职业大学');
INSERT INTO `university` VALUES (1595, '郑州升达经贸管理学院');
INSERT INTO `university` VALUES (1596, '郑州西亚斯学院');
INSERT INTO `university` VALUES (1597, '郑州美术学院');
INSERT INTO `university` VALUES (1598, '漯河食品工程职业大学');
INSERT INTO `university` VALUES (1599, '河南体育学院');
INSERT INTO `university` VALUES (1600, '郑州健康学院');
INSERT INTO `university` VALUES (1601, '黄河水利职业技术大学');
INSERT INTO `university` VALUES (1602, '河南职业技术学院');
INSERT INTO `university` VALUES (1603, '漯河职业技术学院');
INSERT INTO `university` VALUES (1604, '三门峡职业技术学院');
INSERT INTO `university` VALUES (1605, '郑州铁路职业技术学院');
INSERT INTO `university` VALUES (1606, '开封大学');
INSERT INTO `university` VALUES (1607, '焦作大学');
INSERT INTO `university` VALUES (1608, '濮阳职业技术学院');
INSERT INTO `university` VALUES (1609, '郑州电力高等专科学校');
INSERT INTO `university` VALUES (1610, '许昌职业技术学院');
INSERT INTO `university` VALUES (1611, '河南工业和信息化职业学院');
INSERT INTO `university` VALUES (1612, '河南水利与环境职业学院');
INSERT INTO `university` VALUES (1613, '商丘职业技术学院');
INSERT INTO `university` VALUES (1614, '平顶山工业职业技术学院');
INSERT INTO `university` VALUES (1615, '周口职业技术学院');
INSERT INTO `university` VALUES (1616, '济源职业技术学院');
INSERT INTO `university` VALUES (1617, '河南司法警官职业学院');
INSERT INTO `university` VALUES (1618, '鹤壁职业技术学院');
INSERT INTO `university` VALUES (1619, '河南工业职业技术学院');
INSERT INTO `university` VALUES (1620, '焦作师范高等专科学校');
INSERT INTO `university` VALUES (1621, '河南检察职业学院');
INSERT INTO `university` VALUES (1622, '河南质量工程职业学院');
INSERT INTO `university` VALUES (1623, '郑州信息科技职业学院');
INSERT INTO `university` VALUES (1624, '漯河医学高等专科学校');
INSERT INTO `university` VALUES (1625, '南阳医学高等专科学校');
INSERT INTO `university` VALUES (1626, '商丘医学高等专科学校');
INSERT INTO `university` VALUES (1627, '郑州电子信息职业技术学院');
INSERT INTO `university` VALUES (1628, '信阳职业技术学院');
INSERT INTO `university` VALUES (1629, '嵩山少林武术职业学院');
INSERT INTO `university` VALUES (1630, '郑州工业安全职业学院');
INSERT INTO `university` VALUES (1631, '永城职业学院');
INSERT INTO `university` VALUES (1632, '河南经贸职业学院');
INSERT INTO `university` VALUES (1633, '河南交通职业技术学院');
INSERT INTO `university` VALUES (1634, '河南农业职业学院');
INSERT INTO `university` VALUES (1635, '郑州旅游职业学院');
INSERT INTO `university` VALUES (1636, '郑州职业技术学院');
INSERT INTO `university` VALUES (1637, '河南信息统计职业学院');
INSERT INTO `university` VALUES (1638, '河南林业职业学院');
INSERT INTO `university` VALUES (1639, '河南工业贸易职业学院');
INSERT INTO `university` VALUES (1640, '郑州电力职业技术学院');
INSERT INTO `university` VALUES (1641, '河南建筑职业技术学院');
INSERT INTO `university` VALUES (1642, '郑州城市职业学院');
INSERT INTO `university` VALUES (1643, '安阳职业技术学院');
INSERT INTO `university` VALUES (1644, '新乡职业技术学院');
INSERT INTO `university` VALUES (1645, '驻马店职业技术学院');
INSERT INTO `university` VALUES (1646, '焦作工贸职业学院');
INSERT INTO `university` VALUES (1647, '许昌陶瓷职业学院');
INSERT INTO `university` VALUES (1648, '郑州理工职业学院');
INSERT INTO `university` VALUES (1649, '郑州信息工程职业学院');
INSERT INTO `university` VALUES (1650, '长垣烹饪职业技术学院');
INSERT INTO `university` VALUES (1651, '开封文化艺术职业学院');
INSERT INTO `university` VALUES (1652, '河南应用技术职业学院');
INSERT INTO `university` VALUES (1653, '河南艺术职业学院');
INSERT INTO `university` VALUES (1654, '河南机电职业学院');
INSERT INTO `university` VALUES (1655, '河南护理职业学院');
INSERT INTO `university` VALUES (1656, '许昌电气职业学院');
INSERT INTO `university` VALUES (1657, '信阳涉外职业技术学院');
INSERT INTO `university` VALUES (1658, '鹤壁汽车工程职业学院');
INSERT INTO `university` VALUES (1659, '南阳职业学院');
INSERT INTO `university` VALUES (1660, '郑州商贸旅游职业学院');
INSERT INTO `university` VALUES (1661, '河南推拿职业学院');
INSERT INTO `university` VALUES (1662, '洛阳职业技术学院');
INSERT INTO `university` VALUES (1663, '郑州幼儿师范高等专科学校');
INSERT INTO `university` VALUES (1664, '安阳幼儿师范高等专科学校');
INSERT INTO `university` VALUES (1665, '郑州黄河护理职业学院');
INSERT INTO `university` VALUES (1666, '河南医学高等专科学校');
INSERT INTO `university` VALUES (1667, '郑州财税金融职业学院');
INSERT INTO `university` VALUES (1668, '南阳农业职业学院');
INSERT INTO `university` VALUES (1669, '洛阳科技职业学院');
INSERT INTO `university` VALUES (1670, '鹤壁能源化工职业学院');
INSERT INTO `university` VALUES (1671, '平顶山文化艺术职业学院');
INSERT INTO `university` VALUES (1672, '濮阳医学高等专科学校');
INSERT INTO `university` VALUES (1673, '驻马店幼儿师范高等专科学校');
INSERT INTO `university` VALUES (1674, '三门峡社会管理职业学院');
INSERT INTO `university` VALUES (1675, '河南轻工职业学院');
INSERT INTO `university` VALUES (1676, '河南测绘职业学院');
INSERT INTO `university` VALUES (1677, '信阳航空职业学院');
INSERT INTO `university` VALUES (1678, '郑州卫生健康职业学院');
INSERT INTO `university` VALUES (1679, '河南物流职业学院');
INSERT INTO `university` VALUES (1680, '河南地矿职业学院');
INSERT INTO `university` VALUES (1681, '郑州亚欧交通职业学院');
INSERT INTO `university` VALUES (1682, '河南女子职业学院');
INSERT INTO `university` VALUES (1683, '河南对外经济贸易职业学院');
INSERT INTO `university` VALUES (1684, '濮阳石油化工职业技术学院');
INSERT INTO `university` VALUES (1685, '南阳科技职业学院');
INSERT INTO `university` VALUES (1686, '兰考三农职业学院');
INSERT INTO `university` VALUES (1687, '汝州职业技术学院');
INSERT INTO `university` VALUES (1688, '林州建筑职业技术学院');
INSERT INTO `university` VALUES (1689, '郑州电子商务职业学院');
INSERT INTO `university` VALUES (1690, '郑州轨道工程职业学院');
INSERT INTO `university` VALUES (1691, '郑州体育职业学院');
INSERT INTO `university` VALUES (1692, '洛阳文化旅游职业学院');
INSERT INTO `university` VALUES (1693, '周口文理职业学院');
INSERT INTO `university` VALUES (1694, '信阳艺术职业学院');
INSERT INTO `university` VALUES (1695, '郑州城建职业学院');
INSERT INTO `university` VALUES (1696, '郑州医药健康职业学院');
INSERT INTO `university` VALUES (1697, '平顶山职业技术学院');
INSERT INTO `university` VALUES (1698, '南阳工艺美术职业学院');
INSERT INTO `university` VALUES (1699, '濮阳科技职业学院');
INSERT INTO `university` VALUES (1700, '商丘幼儿师范高等专科学校');
INSERT INTO `university` VALUES (1701, '周口理工职业学院');
INSERT INTO `university` VALUES (1702, '焦作新材料职业学院');
INSERT INTO `university` VALUES (1703, '开封职业学院');
INSERT INTO `university` VALUES (1704, '洛阳商业职业学院');
INSERT INTO `university` VALUES (1705, '郑州软件职业技术学院');
INSERT INTO `university` VALUES (1706, '郑州智能科技职业学院');
INSERT INTO `university` VALUES (1707, '郑州食品工程职业学院');
INSERT INTO `university` VALUES (1708, '郑州汽车工程职业学院');
INSERT INTO `university` VALUES (1709, '驻马店农业工程职业学院');
INSERT INTO `university` VALUES (1710, '信阳科技职业学院');
INSERT INTO `university` VALUES (1711, '信阳工程职业学院');
INSERT INTO `university` VALUES (1712, '周口城市职业学院');
INSERT INTO `university` VALUES (1713, '河南新乡工商职业学院');
INSERT INTO `university` VALUES (1714, '开封工程职业学院');
INSERT INTO `university` VALUES (1715, '开封智慧健康职业学院');
INSERT INTO `university` VALUES (1716, '周口智慧能源职业学院');
INSERT INTO `university` VALUES (1717, '平顶山科技职业学院');
INSERT INTO `university` VALUES (1718, '武汉大学');
INSERT INTO `university` VALUES (1719, '华中科技大学');
INSERT INTO `university` VALUES (1720, '武汉科技大学');
INSERT INTO `university` VALUES (1721, '长江大学');
INSERT INTO `university` VALUES (1722, '武汉工程大学');
INSERT INTO `university` VALUES (1723, '中国地质大学（武汉）');
INSERT INTO `university` VALUES (1724, '武汉纺织大学');
INSERT INTO `university` VALUES (1725, '武汉轻工大学');
INSERT INTO `university` VALUES (1726, '武汉理工大学');
INSERT INTO `university` VALUES (1727, '湖北工业大学');
INSERT INTO `university` VALUES (1728, '华中农业大学');
INSERT INTO `university` VALUES (1729, '湖北中医药大学');
INSERT INTO `university` VALUES (1730, '华中师范大学');
INSERT INTO `university` VALUES (1731, '湖北大学');
INSERT INTO `university` VALUES (1732, '湖北师范大学');
INSERT INTO `university` VALUES (1733, '黄冈师范学院');
INSERT INTO `university` VALUES (1734, '湖北民族大学');
INSERT INTO `university` VALUES (1735, '汉江师范学院');
INSERT INTO `university` VALUES (1736, '湖北文理学院');
INSERT INTO `university` VALUES (1737, '中南财经政法大学');
INSERT INTO `university` VALUES (1738, '武汉体育学院');
INSERT INTO `university` VALUES (1739, '湖北美术学院');
INSERT INTO `university` VALUES (1740, '中南民族大学');
INSERT INTO `university` VALUES (1741, '湖北汽车工业学院');
INSERT INTO `university` VALUES (1742, '湖北工程学院');
INSERT INTO `university` VALUES (1743, '湖北理工学院');
INSERT INTO `university` VALUES (1744, '湖北科技学院');
INSERT INTO `university` VALUES (1745, '湖北医药学院');
INSERT INTO `university` VALUES (1746, '江汉大学');
INSERT INTO `university` VALUES (1747, '三峡大学');
INSERT INTO `university` VALUES (1748, '湖北警官学院');
INSERT INTO `university` VALUES (1749, '荆楚理工学院');
INSERT INTO `university` VALUES (1750, '武汉音乐学院');
INSERT INTO `university` VALUES (1751, '湖北经济学院');
INSERT INTO `university` VALUES (1752, '武汉商学院');
INSERT INTO `university` VALUES (1753, '武汉东湖学院');
INSERT INTO `university` VALUES (1754, '汉口学院');
INSERT INTO `university` VALUES (1755, '武昌首义学院');
INSERT INTO `university` VALUES (1756, '武昌理工学院');
INSERT INTO `university` VALUES (1757, '武汉生物工程学院');
INSERT INTO `university` VALUES (1758, '武汉晴川学院');
INSERT INTO `university` VALUES (1759, '湖北大学知行学院');
INSERT INTO `university` VALUES (1760, '武汉城市学院');
INSERT INTO `university` VALUES (1761, '三峡大学科技学院');
INSERT INTO `university` VALUES (1762, '武汉文理学院');
INSERT INTO `university` VALUES (1763, '湖北工业大学工程技术学院');
INSERT INTO `university` VALUES (1764, '武汉工程大学邮电与信息工程学院');
INSERT INTO `university` VALUES (1765, '武汉纺织大学外经贸学院');
INSERT INTO `university` VALUES (1766, '武昌工学院');
INSERT INTO `university` VALUES (1767, '武汉工商学院');
INSERT INTO `university` VALUES (1768, '荆州学院');
INSERT INTO `university` VALUES (1769, '长江大学文理学院');
INSERT INTO `university` VALUES (1770, '湖北商贸学院');
INSERT INTO `university` VALUES (1771, '湖北汽车工业学院科技学院');
INSERT INTO `university` VALUES (1772, '湖北医药学院药护学院');
INSERT INTO `university` VALUES (1773, '湖北恩施学院');
INSERT INTO `university` VALUES (1774, '湖北经济学院法商学院');
INSERT INTO `university` VALUES (1775, '武汉体育学院体育科技学院');
INSERT INTO `university` VALUES (1776, '湖北师范大学文理学院');
INSERT INTO `university` VALUES (1777, '湖北文理学院理工学院');
INSERT INTO `university` VALUES (1778, '湖北工程学院新技术学院');
INSERT INTO `university` VALUES (1779, '文华学院');
INSERT INTO `university` VALUES (1780, '武汉学院');
INSERT INTO `university` VALUES (1781, '武汉工程科技学院');
INSERT INTO `university` VALUES (1782, '武汉华夏理工学院');
INSERT INTO `university` VALUES (1783, '武汉传媒学院');
INSERT INTO `university` VALUES (1784, '武汉设计工程学院');
INSERT INTO `university` VALUES (1785, '湖北第二师范学院');
INSERT INTO `university` VALUES (1786, '武汉职业技术大学');
INSERT INTO `university` VALUES (1787, '湖北三峡航空学院');
INSERT INTO `university` VALUES (1788, '黄冈职业技术学院');
INSERT INTO `university` VALUES (1789, '长江职业学院');
INSERT INTO `university` VALUES (1790, '荆州理工职业学院');
INSERT INTO `university` VALUES (1791, '湖北工业职业技术学院');
INSERT INTO `university` VALUES (1792, '鄂州职业大学');
INSERT INTO `university` VALUES (1793, '武汉城市职业学院');
INSERT INTO `university` VALUES (1794, '湖北职业技术学院');
INSERT INTO `university` VALUES (1795, '武汉船舶职业技术学院');
INSERT INTO `university` VALUES (1796, '恩施职业技术学院');
INSERT INTO `university` VALUES (1797, '襄阳职业技术学院');
INSERT INTO `university` VALUES (1798, '武汉工贸职业学院');
INSERT INTO `university` VALUES (1799, '荆州职业技术学院');
INSERT INTO `university` VALUES (1800, '武汉工程职业技术学院');
INSERT INTO `university` VALUES (1801, '仙桃职业学院');
INSERT INTO `university` VALUES (1802, '湖北轻工职业技术学院');
INSERT INTO `university` VALUES (1803, '湖北交通职业技术学院');
INSERT INTO `university` VALUES (1804, '湖北中医药高等专科学校');
INSERT INTO `university` VALUES (1805, '武汉航海职业技术学院');
INSERT INTO `university` VALUES (1806, '武汉铁路职业技术学院');
INSERT INTO `university` VALUES (1807, '武汉软件工程职业学院');
INSERT INTO `university` VALUES (1808, '湖北三峡职业技术学院');
INSERT INTO `university` VALUES (1809, '随州职业技术学院');
INSERT INTO `university` VALUES (1810, '武汉电力职业技术学院');
INSERT INTO `university` VALUES (1811, '湖北水利水电职业技术学院');
INSERT INTO `university` VALUES (1812, '湖北城市建设职业技术学院');
INSERT INTO `university` VALUES (1813, '武汉警官职业学院');
INSERT INTO `university` VALUES (1814, '湖北生物科技职业学院');
INSERT INTO `university` VALUES (1815, '湖北开放职业学院');
INSERT INTO `university` VALUES (1816, '武汉科技职业学院');
INSERT INTO `university` VALUES (1817, '武汉外语外事职业学院');
INSERT INTO `university` VALUES (1818, '武汉信息传播职业技术学院');
INSERT INTO `university` VALUES (1819, '武昌职业学院');
INSERT INTO `university` VALUES (1820, '武汉商贸职业学院');
INSERT INTO `university` VALUES (1821, '湖北艺术职业学院');
INSERT INTO `university` VALUES (1822, '武汉交通职业学院');
INSERT INTO `university` VALUES (1823, '咸宁职业技术学院');
INSERT INTO `university` VALUES (1824, '长江工程职业技术学院');
INSERT INTO `university` VALUES (1825, '江汉艺术职业学院');
INSERT INTO `university` VALUES (1826, '武汉民政职业学院');
INSERT INTO `university` VALUES (1827, '湖北黄冈应急管理职业技术学院');
INSERT INTO `university` VALUES (1828, '湖北财税职业学院');
INSERT INTO `university` VALUES (1829, '黄冈科技职业学院');
INSERT INTO `university` VALUES (1830, '湖北国土资源职业学院');
INSERT INTO `university` VALUES (1831, '湖北生态工程职业技术学院');
INSERT INTO `university` VALUES (1832, '三峡电力职业学院');
INSERT INTO `university` VALUES (1833, '湖北科技职业学院');
INSERT INTO `university` VALUES (1834, '湖北青年职业学院');
INSERT INTO `university` VALUES (1835, '湖北工程职业学院');
INSERT INTO `university` VALUES (1836, '三峡旅游职业技术学院');
INSERT INTO `university` VALUES (1837, '天门职业学院');
INSERT INTO `university` VALUES (1838, '湖北体育职业学院');
INSERT INTO `university` VALUES (1839, '襄阳汽车职业技术学院');
INSERT INTO `university` VALUES (1840, '湖北幼儿师范高等专科学校');
INSERT INTO `university` VALUES (1841, '湖北铁道运输职业学院');
INSERT INTO `university` VALUES (1842, '武汉海事职业学院');
INSERT INTO `university` VALUES (1843, '长江艺术工程职业学院');
INSERT INTO `university` VALUES (1844, '荆门职业学院');
INSERT INTO `university` VALUES (1845, '武汉铁路桥梁职业学院');
INSERT INTO `university` VALUES (1846, '武汉光谷职业学院');
INSERT INTO `university` VALUES (1847, '湖北健康职业学院');
INSERT INTO `university` VALUES (1848, '湖北孝感美珈职业学院');
INSERT INTO `university` VALUES (1849, '襄阳科技职业学院');
INSERT INTO `university` VALUES (1850, '宜昌科技职业学院');
INSERT INTO `university` VALUES (1851, '荆门通用航空职业技术学院');
INSERT INTO `university` VALUES (1852, '湘潭大学');
INSERT INTO `university` VALUES (1853, '吉首大学');
INSERT INTO `university` VALUES (1854, '湖南大学');
INSERT INTO `university` VALUES (1855, '中南大学');
INSERT INTO `university` VALUES (1856, '湖南科技大学');
INSERT INTO `university` VALUES (1857, '长沙理工大学');
INSERT INTO `university` VALUES (1858, '湖南农业大学');
INSERT INTO `university` VALUES (1859, '中南林业科技大学');
INSERT INTO `university` VALUES (1860, '湖南中医药大学');
INSERT INTO `university` VALUES (1861, '湖南师范大学');
INSERT INTO `university` VALUES (1862, '湖南理工学院');
INSERT INTO `university` VALUES (1863, '湘南学院');
INSERT INTO `university` VALUES (1864, '衡阳师范学院');
INSERT INTO `university` VALUES (1865, '邵阳学院');
INSERT INTO `university` VALUES (1866, '怀化学院');
INSERT INTO `university` VALUES (1867, '湖南文理学院');
INSERT INTO `university` VALUES (1868, '湖南科技学院');
INSERT INTO `university` VALUES (1869, '湖南人文科技学院');
INSERT INTO `university` VALUES (1870, '湖南工商大学');
INSERT INTO `university` VALUES (1871, '南华大学');
INSERT INTO `university` VALUES (1872, '长沙医学院');
INSERT INTO `university` VALUES (1873, '长沙学院');
INSERT INTO `university` VALUES (1874, '湖南工程学院');
INSERT INTO `university` VALUES (1875, '湖南城市学院');
INSERT INTO `university` VALUES (1876, '湖南工学院');
INSERT INTO `university` VALUES (1877, '湖南财政经济学院');
INSERT INTO `university` VALUES (1878, '湖南警察学院');
INSERT INTO `university` VALUES (1879, '湖南工业大学');
INSERT INTO `university` VALUES (1880, '湖南女子学院');
INSERT INTO `university` VALUES (1881, '湖南第一师范学院');
INSERT INTO `university` VALUES (1882, '湖南医药学院');
INSERT INTO `university` VALUES (1883, '湖南涉外经济学院');
INSERT INTO `university` VALUES (1884, '湘潭大学兴湘学院');
INSERT INTO `university` VALUES (1885, '湖南工业大学科技学院');
INSERT INTO `university` VALUES (1886, '湖南科技大学潇湘学院');
INSERT INTO `university` VALUES (1887, '南华大学船山学院');
INSERT INTO `university` VALUES (1888, '湘潭理工学院');
INSERT INTO `university` VALUES (1889, '长沙工业学院');
INSERT INTO `university` VALUES (1890, '湖南农业大学东方科技学院');
INSERT INTO `university` VALUES (1891, '中南林业科技大学涉外学院');
INSERT INTO `university` VALUES (1892, '常德学院');
INSERT INTO `university` VALUES (1893, '岳阳学院');
INSERT INTO `university` VALUES (1894, '衡阳师范学院南岳学院');
INSERT INTO `university` VALUES (1895, '湖南工程学院应用技术学院');
INSERT INTO `university` VALUES (1896, '湖南中医药大学湘杏学院');
INSERT INTO `university` VALUES (1897, '张家界学院');
INSERT INTO `university` VALUES (1898, '长沙理工大学城南学院');
INSERT INTO `university` VALUES (1899, '长沙师范学院');
INSERT INTO `university` VALUES (1900, '湖南应用技术学院');
INSERT INTO `university` VALUES (1901, '湖南信息学院');
INSERT INTO `university` VALUES (1902, '湖南交通工程学院');
INSERT INTO `university` VALUES (1903, '湖南软件职业技术大学');
INSERT INTO `university` VALUES (1904, '湖南汽车工程职业大学');
INSERT INTO `university` VALUES (1905, '长沙科技学院');
INSERT INTO `university` VALUES (1906, '湘中幼儿师范高等专科学校');
INSERT INTO `university` VALUES (1907, '长沙民政职业技术学院');
INSERT INTO `university` VALUES (1908, '湖南工业职业技术学院');
INSERT INTO `university` VALUES (1909, '株洲师范高等专科学校');
INSERT INTO `university` VALUES (1910, '湖南信息职业技术学院');
INSERT INTO `university` VALUES (1911, '湖南税务高等专科学校');
INSERT INTO `university` VALUES (1912, '湖南冶金职业技术学院');
INSERT INTO `university` VALUES (1913, '长沙航空职业技术学院');
INSERT INTO `university` VALUES (1914, '湖南大众传媒职业技术学院');
INSERT INTO `university` VALUES (1915, '永州职业技术学院');
INSERT INTO `university` VALUES (1916, '湖南铁道职业技术学院');
INSERT INTO `university` VALUES (1917, '湖南科技职业学院');
INSERT INTO `university` VALUES (1918, '湖南生物机电职业技术学院');
INSERT INTO `university` VALUES (1919, '湖南交通职业技术学院');
INSERT INTO `university` VALUES (1920, '湖南商务职业技术学院');
INSERT INTO `university` VALUES (1921, '湖南体育职业学院');
INSERT INTO `university` VALUES (1922, '湖南工程职业技术学院');
INSERT INTO `university` VALUES (1923, '保险职业学院');
INSERT INTO `university` VALUES (1924, '湖南外贸职业学院');
INSERT INTO `university` VALUES (1925, '湖南网络工程职业学院');
INSERT INTO `university` VALUES (1926, '邵阳职业技术学院');
INSERT INTO `university` VALUES (1927, '湖南司法警官职业学院');
INSERT INTO `university` VALUES (1928, '长沙商贸旅游职业技术学院');
INSERT INTO `university` VALUES (1929, '湖南环境生物职业技术学院');
INSERT INTO `university` VALUES (1930, '湖南邮电职业技术学院');
INSERT INTO `university` VALUES (1931, '湘潭医卫职业技术学院');
INSERT INTO `university` VALUES (1932, '郴州职业技术学院');
INSERT INTO `university` VALUES (1933, '娄底职业技术学院');
INSERT INTO `university` VALUES (1934, '张家界航空工业职业技术学院');
INSERT INTO `university` VALUES (1935, '长沙环境保护职业技术学院');
INSERT INTO `university` VALUES (1936, '湖南艺术职业学院');
INSERT INTO `university` VALUES (1937, '湖南机电职业技术学院');
INSERT INTO `university` VALUES (1938, '长沙职业技术学院');
INSERT INTO `university` VALUES (1939, '怀化职业技术学院');
INSERT INTO `university` VALUES (1940, '岳阳职业技术学院');
INSERT INTO `university` VALUES (1941, '常德职业技术学院');
INSERT INTO `university` VALUES (1942, '长沙南方职业学院');
INSERT INTO `university` VALUES (1943, '潇湘职业学院');
INSERT INTO `university` VALUES (1944, '湖南化工职业技术学院');
INSERT INTO `university` VALUES (1945, '湖南城建职业技术学院');
INSERT INTO `university` VALUES (1946, '湖南石油化工职业技术学院');
INSERT INTO `university` VALUES (1947, '湖南中医药高等专科学校');
INSERT INTO `university` VALUES (1948, '湖南民族职业学院');
INSERT INTO `university` VALUES (1949, '湘西民族职业技术学院');
INSERT INTO `university` VALUES (1950, '湖南财经工业职业技术学院');
INSERT INTO `university` VALUES (1951, '益阳职业技术学院');
INSERT INTO `university` VALUES (1952, '湖南工艺美术职业学院');
INSERT INTO `university` VALUES (1953, '湖南九嶷职业技术学院');
INSERT INTO `university` VALUES (1954, '湖南理工职业技术学院');
INSERT INTO `university` VALUES (1955, '长沙电力职业技术学院');
INSERT INTO `university` VALUES (1956, '湖南水利水电职业技术学院');
INSERT INTO `university` VALUES (1957, '湖南现代物流职业技术学院');
INSERT INTO `university` VALUES (1958, '湖南高速铁路职业技术学院');
INSERT INTO `university` VALUES (1959, '湖南铁路科技职业技术学院');
INSERT INTO `university` VALUES (1960, '湖南安全技术职业学院');
INSERT INTO `university` VALUES (1961, '湖南电气职业技术学院');
INSERT INTO `university` VALUES (1962, '湖南外国语职业学院');
INSERT INTO `university` VALUES (1963, '益阳医学高等专科学校');
INSERT INTO `university` VALUES (1964, '湖南都市职业学院');
INSERT INTO `university` VALUES (1965, '湖南电子科技职业学院');
INSERT INTO `university` VALUES (1966, '湖南国防工业职业技术学院');
INSERT INTO `university` VALUES (1967, '湖南高尔夫旅游职业学院');
INSERT INTO `university` VALUES (1968, '湖南工商职业学院');
INSERT INTO `university` VALUES (1969, '湖南三一工业职业技术学院');
INSERT INTO `university` VALUES (1970, '长沙卫生职业学院');
INSERT INTO `university` VALUES (1971, '湖南食品药品职业学院');
INSERT INTO `university` VALUES (1972, '湖南有色金属职业技术学院');
INSERT INTO `university` VALUES (1973, '湖南吉利汽车职业技术学院');
INSERT INTO `university` VALUES (1974, '湖南幼儿师范高等专科学校');
INSERT INTO `university` VALUES (1975, '湘南幼儿师范高等专科学校');
INSERT INTO `university` VALUES (1976, '湖南劳动人事职业学院');
INSERT INTO `university` VALUES (1977, '怀化师范高等专科学校');
INSERT INTO `university` VALUES (1978, '永州师范高等专科学校');
INSERT INTO `university` VALUES (1979, '衡阳幼儿师范高等专科学校');
INSERT INTO `university` VALUES (1980, '长沙幼儿师范高等专科学校');
INSERT INTO `university` VALUES (1981, '益阳师范高等专科学校');
INSERT INTO `university` VALUES (1982, '娄底幼儿师范高等专科学校');
INSERT INTO `university` VALUES (1983, '常德科技职业技术学院');
INSERT INTO `university` VALUES (1984, '邵阳工业职业技术学院');
INSERT INTO `university` VALUES (1985, '长沙轨道交通职业学院');
INSERT INTO `university` VALUES (1986, '长沙文创艺术职业学院');
INSERT INTO `university` VALUES (1987, '岳阳现代服务职业学院');
INSERT INTO `university` VALUES (1988, '郴州思科职业学院');
INSERT INTO `university` VALUES (1989, '衡阳科技职业学院');
INSERT INTO `university` VALUES (1990, '怀化工商职业技术学院');
INSERT INTO `university` VALUES (1991, '湘潭科技职业学院');
INSERT INTO `university` VALUES (1992, '长沙医药健康职业学院');
INSERT INTO `university` VALUES (1993, '长沙科技职业学院');
INSERT INTO `university` VALUES (1994, '株洲科技职业学院');
INSERT INTO `university` VALUES (1995, '衡阳理工职业学院');
INSERT INTO `university` VALUES (1996, '郴州智能科技职业学院');
INSERT INTO `university` VALUES (1997, '岳阳科技职业学院');
INSERT INTO `university` VALUES (1998, '邵阳通航职业技术学院');
INSERT INTO `university` VALUES (1999, '中山大学');
INSERT INTO `university` VALUES (2000, '暨南大学');
INSERT INTO `university` VALUES (2001, '汕头大学');
INSERT INTO `university` VALUES (2002, '华南理工大学');
INSERT INTO `university` VALUES (2003, '华南农业大学');
INSERT INTO `university` VALUES (2004, '广东海洋大学');
INSERT INTO `university` VALUES (2005, '广州医科大学');
INSERT INTO `university` VALUES (2006, '广东医科大学');
INSERT INTO `university` VALUES (2007, '广州中医药大学');
INSERT INTO `university` VALUES (2008, '广东药科大学');
INSERT INTO `university` VALUES (2009, '华南师范大学');
INSERT INTO `university` VALUES (2010, '韶关学院');
INSERT INTO `university` VALUES (2011, '惠州学院');
INSERT INTO `university` VALUES (2012, '韩山师范学院');
INSERT INTO `university` VALUES (2013, '岭南师范学院');
INSERT INTO `university` VALUES (2014, '肇庆学院');
INSERT INTO `university` VALUES (2015, '嘉应学院');
INSERT INTO `university` VALUES (2016, '广州体育学院');
INSERT INTO `university` VALUES (2017, '广州美术学院');
INSERT INTO `university` VALUES (2018, '星海音乐学院');
INSERT INTO `university` VALUES (2019, '广东技术师范大学');
INSERT INTO `university` VALUES (2020, '深圳大学');
INSERT INTO `university` VALUES (2021, '广东财经大学');
INSERT INTO `university` VALUES (2022, '广东白云学院');
INSERT INTO `university` VALUES (2023, '广州大学');
INSERT INTO `university` VALUES (2024, '广州航海学院');
INSERT INTO `university` VALUES (2025, '广东警官学院');
INSERT INTO `university` VALUES (2026, '仲恺农业工程学院');
INSERT INTO `university` VALUES (2027, '五邑大学');
INSERT INTO `university` VALUES (2028, '广东金融学院');
INSERT INTO `university` VALUES (2029, '电子科技大学中山学院');
INSERT INTO `university` VALUES (2030, '广东石油化工学院');
INSERT INTO `university` VALUES (2031, '东莞理工学院');
INSERT INTO `university` VALUES (2032, '广东工业大学');
INSERT INTO `university` VALUES (2033, '广东外语外贸大学');
INSERT INTO `university` VALUES (2034, '佛山大学');
INSERT INTO `university` VALUES (2035, '广东培正学院');
INSERT INTO `university` VALUES (2036, '南方医科大学');
INSERT INTO `university` VALUES (2037, '广东东软学院');
INSERT INTO `university` VALUES (2038, '广州城市理工学院');
INSERT INTO `university` VALUES (2039, '广州软件学院');
INSERT INTO `university` VALUES (2040, '广州南方学院');
INSERT INTO `university` VALUES (2041, '广东外语外贸大学南国商学院');
INSERT INTO `university` VALUES (2042, '广州华商学院');
INSERT INTO `university` VALUES (2043, '湛江科技学院');
INSERT INTO `university` VALUES (2044, '华南农业大学珠江学院');
INSERT INTO `university` VALUES (2045, '广州理工学院');
INSERT INTO `university` VALUES (2046, '北京师范大学珠海分校');
INSERT INTO `university` VALUES (2047, '广州华立学院');
INSERT INTO `university` VALUES (2048, '广州应用科技学院');
INSERT INTO `university` VALUES (2049, '广州商学院');
INSERT INTO `university` VALUES (2050, '北京理工大学珠海学院');
INSERT INTO `university` VALUES (2051, '珠海科技学院');
INSERT INTO `university` VALUES (2052, '广州工商学院');
INSERT INTO `university` VALUES (2053, '广州科技职业技术大学');
INSERT INTO `university` VALUES (2054, '广东科技学院');
INSERT INTO `university` VALUES (2055, '广东理工学院');
INSERT INTO `university` VALUES (2056, '广东工商职业技术大学');
INSERT INTO `university` VALUES (2057, '东莞城市学院');
INSERT INTO `university` VALUES (2058, '广州新华学院');
INSERT INTO `university` VALUES (2059, '广东第二师范学院');
INSERT INTO `university` VALUES (2060, '南方科技大学');
INSERT INTO `university` VALUES (2061, '深圳技术大学');
INSERT INTO `university` VALUES (2062, '北京师范大学-香港浸会大学联合国际学院');
INSERT INTO `university` VALUES (2063, '香港科技大学（广州）');
INSERT INTO `university` VALUES (2064, '香港中文大学（深圳）');
INSERT INTO `university` VALUES (2065, '深圳北理莫斯科大学');
INSERT INTO `university` VALUES (2066, '广东以色列理工学院');
INSERT INTO `university` VALUES (2067, '香港城市大学（东莞）');
INSERT INTO `university` VALUES (2068, '深圳职业技术大学');
INSERT INTO `university` VALUES (2069, '深圳理工大学');
INSERT INTO `university` VALUES (2070, '肇庆医学院');
INSERT INTO `university` VALUES (2071, '广东轻工职业技术大学');
INSERT INTO `university` VALUES (2072, '顺德职业技术大学');
INSERT INTO `university` VALUES (2073, '广州职业技术大学');
INSERT INTO `university` VALUES (2074, '深圳信息职业技术大学');
INSERT INTO `university` VALUES (2075, '大湾区大学');
INSERT INTO `university` VALUES (2076, '广东交通职业技术学院');
INSERT INTO `university` VALUES (2077, '广东水利电力职业技术学院');
INSERT INTO `university` VALUES (2078, '潮汕职业技术学院');
INSERT INTO `university` VALUES (2079, '广东南华工商职业学院');
INSERT INTO `university` VALUES (2080, '私立华联学院');
INSERT INTO `university` VALUES (2081, '广州民航职业技术学院');
INSERT INTO `university` VALUES (2082, '广东松山职业技术学院');
INSERT INTO `university` VALUES (2083, '广东农工商职业技术学院');
INSERT INTO `university` VALUES (2084, '广东新安职业技术学院');
INSERT INTO `university` VALUES (2085, '佛山职业技术学院');
INSERT INTO `university` VALUES (2086, '广东科学技术职业学院');
INSERT INTO `university` VALUES (2087, '广东食品药品职业学院');
INSERT INTO `university` VALUES (2088, '广州康大职业技术学院');
INSERT INTO `university` VALUES (2089, '珠海艺术职业学院');
INSERT INTO `university` VALUES (2090, '广东行政职业学院');
INSERT INTO `university` VALUES (2091, '广东体育职业技术学院');
INSERT INTO `university` VALUES (2092, '广东职业技术学院');
INSERT INTO `university` VALUES (2093, '广东建设职业技术学院');
INSERT INTO `university` VALUES (2094, '广东女子职业技术学院');
INSERT INTO `university` VALUES (2095, '广东机电职业技术学院');
INSERT INTO `university` VALUES (2096, '广东岭南职业技术学院');
INSERT INTO `university` VALUES (2097, '汕尾职业技术学院');
INSERT INTO `university` VALUES (2098, '罗定职业技术学院');
INSERT INTO `university` VALUES (2099, '阳江职业技术学院');
INSERT INTO `university` VALUES (2100, '河源职业技术学院');
INSERT INTO `university` VALUES (2101, '广东邮电职业技术学院');
INSERT INTO `university` VALUES (2102, '汕头职业技术学院');
INSERT INTO `university` VALUES (2103, '揭阳职业技术学院');
INSERT INTO `university` VALUES (2104, '清远职业技术学院');
INSERT INTO `university` VALUES (2105, '广东工贸职业技术学院');
INSERT INTO `university` VALUES (2106, '广东司法警官职业学院');
INSERT INTO `university` VALUES (2107, '广东亚视演艺职业学院');
INSERT INTO `university` VALUES (2108, '广东省外语艺术职业学院');
INSERT INTO `university` VALUES (2109, '广东文艺职业学院');
INSERT INTO `university` VALUES (2110, '广州体育职业技术学院');
INSERT INTO `university` VALUES (2111, '广州工程技术职业学院');
INSERT INTO `university` VALUES (2112, '中山火炬职业技术学院');
INSERT INTO `university` VALUES (2113, '江门职业技术学院');
INSERT INTO `university` VALUES (2114, '茂名职业技术学院');
INSERT INTO `university` VALUES (2115, '珠海城市职业技术学院');
INSERT INTO `university` VALUES (2116, '广州涉外经济职业技术学院');
INSERT INTO `university` VALUES (2117, '广州南洋理工职业学院');
INSERT INTO `university` VALUES (2118, '惠州经济职业技术学院');
INSERT INTO `university` VALUES (2119, '广州现代信息工程职业技术学院');
INSERT INTO `university` VALUES (2120, '广东理工职业学院');
INSERT INTO `university` VALUES (2121, '广州华南商贸职业学院');
INSERT INTO `university` VALUES (2122, '广州华立科技职业学院');
INSERT INTO `university` VALUES (2123, '广州城市职业学院');
INSERT INTO `university` VALUES (2124, '广东工程职业技术学院');
INSERT INTO `university` VALUES (2125, '广州铁路职业技术学院');
INSERT INTO `university` VALUES (2126, '广东科贸职业学院');
INSERT INTO `university` VALUES (2127, '广州科技贸易职业学院');
INSERT INTO `university` VALUES (2128, '中山职业技术学院');
INSERT INTO `university` VALUES (2129, '广州珠江职业技术学院');
INSERT INTO `university` VALUES (2130, '广州松田职业学院');
INSERT INTO `university` VALUES (2131, '广东文理职业学院');
INSERT INTO `university` VALUES (2132, '广州城建职业学院');
INSERT INTO `university` VALUES (2133, '东莞职业技术学院');
INSERT INTO `university` VALUES (2134, '广东南方职业学院');
INSERT INTO `university` VALUES (2135, '广州华商职业学院');
INSERT INTO `university` VALUES (2136, '广州华夏职业学院');
INSERT INTO `university` VALUES (2137, '广东环境保护工程职业学院');
INSERT INTO `university` VALUES (2138, '广东青年职业学院');
INSERT INTO `university` VALUES (2139, '广州东华职业学院');
INSERT INTO `university` VALUES (2140, '广东创新科技职业学院');
INSERT INTO `university` VALUES (2141, '广东艺术职业学院');
INSERT INTO `university` VALUES (2142, '惠州卫生职业技术学院');
INSERT INTO `university` VALUES (2143, '广东信息工程职业学院');
INSERT INTO `university` VALUES (2144, '广东生态工程职业学院');
INSERT INTO `university` VALUES (2145, '惠州城市职业学院');
INSERT INTO `university` VALUES (2146, '广东碧桂园职业学院');
INSERT INTO `university` VALUES (2147, '广东茂名健康职业学院');
INSERT INTO `university` VALUES (2148, '广东酒店管理职业技术学院');
INSERT INTO `university` VALUES (2149, '广东茂名幼儿师范专科学校');
INSERT INTO `university` VALUES (2150, '广州卫生职业技术学院');
INSERT INTO `university` VALUES (2151, '惠州工程职业学院');
INSERT INTO `university` VALUES (2152, '广东江门中医药职业学院');
INSERT INTO `university` VALUES (2153, '广东茂名农林科技职业学院');
INSERT INTO `university` VALUES (2154, '广东江门幼儿师范高等专科学校');
INSERT INTO `university` VALUES (2155, '广东财贸职业学院');
INSERT INTO `university` VALUES (2156, '广州幼儿师范高等专科学校');
INSERT INTO `university` VALUES (2157, '广东汕头幼儿师范高等专科学校');
INSERT INTO `university` VALUES (2158, '广东梅州职业技术学院');
INSERT INTO `university` VALUES (2159, '广东潮州卫生健康职业学院');
INSERT INTO `university` VALUES (2160, '广东云浮中医药职业学院');
INSERT INTO `university` VALUES (2161, '广东肇庆航空职业学院');
INSERT INTO `university` VALUES (2162, '湛江幼儿师范专科学校');
INSERT INTO `university` VALUES (2163, '珠海格力职业学院');
INSERT INTO `university` VALUES (2164, '深圳城市职业学院');
INSERT INTO `university` VALUES (2165, '广西大学');
INSERT INTO `university` VALUES (2166, '广西科技大学');
INSERT INTO `university` VALUES (2167, '桂林电子科技大学');
INSERT INTO `university` VALUES (2168, '桂林理工大学');
INSERT INTO `university` VALUES (2169, '广西医科大学');
INSERT INTO `university` VALUES (2170, '右江民族医学院');
INSERT INTO `university` VALUES (2171, '广西中医药大学');
INSERT INTO `university` VALUES (2172, '桂林医科大学');
INSERT INTO `university` VALUES (2173, '广西师范大学');
INSERT INTO `university` VALUES (2174, '南宁师范大学');
INSERT INTO `university` VALUES (2175, '广西民族师范学院');
INSERT INTO `university` VALUES (2176, '河池学院');
INSERT INTO `university` VALUES (2177, '玉林师范学院');
INSERT INTO `university` VALUES (2178, '广西艺术学院');
INSERT INTO `university` VALUES (2179, '广西民族大学');
INSERT INTO `university` VALUES (2180, '百色学院');
INSERT INTO `university` VALUES (2181, '梧州学院');
INSERT INTO `university` VALUES (2182, '广西科技师范学院');
INSERT INTO `university` VALUES (2183, '广西财经学院');
INSERT INTO `university` VALUES (2184, '南宁学院');
INSERT INTO `university` VALUES (2185, '北部湾大学');
INSERT INTO `university` VALUES (2186, '桂林航天工业学院');
INSERT INTO `university` VALUES (2187, '桂林旅游学院');
INSERT INTO `university` VALUES (2188, '贺州学院');
INSERT INTO `university` VALUES (2189, '广西警察学院');
INSERT INTO `university` VALUES (2190, '北海艺术设计学院');
INSERT INTO `university` VALUES (2191, '广西农业职业技术大学');
INSERT INTO `university` VALUES (2192, '柳州工学院');
INSERT INTO `university` VALUES (2193, '广西民族大学相思湖学院');
INSERT INTO `university` VALUES (2194, '桂林学院');
INSERT INTO `university` VALUES (2195, '南宁师范大学师园学院');
INSERT INTO `university` VALUES (2196, '广西中医药大学赛恩斯新医药学院');
INSERT INTO `university` VALUES (2197, '桂林信息科技学院');
INSERT INTO `university` VALUES (2198, '南宁理工学院');
INSERT INTO `university` VALUES (2199, '广西外国语学院');
INSERT INTO `university` VALUES (2200, '北京航空航天大学北海学院');
INSERT INTO `university` VALUES (2201, '广西城市职业大学');
INSERT INTO `university` VALUES (2202, '广西职业师范学院');
INSERT INTO `university` VALUES (2203, '南宁职业技术大学');
INSERT INTO `university` VALUES (2204, '柳州职业技术大学');
INSERT INTO `university` VALUES (2205, '桂林师范学院');
INSERT INTO `university` VALUES (2206, '桂林生命与健康职业技术学院');
INSERT INTO `university` VALUES (2207, '广西机电职业技术学院');
INSERT INTO `university` VALUES (2208, '广西体育高等专科学校');
INSERT INTO `university` VALUES (2209, '广西水利电力职业技术学院');
INSERT INTO `university` VALUES (2210, '广西职业技术学院');
INSERT INTO `university` VALUES (2211, '广西生态工程职业技术学院');
INSERT INTO `university` VALUES (2212, '广西交通职业技术学院');
INSERT INTO `university` VALUES (2213, '广西工业职业技术学院');
INSERT INTO `university` VALUES (2214, '广西国际商务职业技术学院');
INSERT INTO `university` VALUES (2215, '柳州铁道职业技术学院');
INSERT INTO `university` VALUES (2216, '广西建设职业技术学院');
INSERT INTO `university` VALUES (2217, '广西现代职业技术学院');
INSERT INTO `university` VALUES (2218, '北海职业学院');
INSERT INTO `university` VALUES (2219, '桂林山水职业学院');
INSERT INTO `university` VALUES (2220, '广西经贸职业技术学院');
INSERT INTO `university` VALUES (2221, '广西工商职业技术学院');
INSERT INTO `university` VALUES (2222, '广西演艺职业学院');
INSERT INTO `university` VALUES (2223, '广西电力职业技术学院');
INSERT INTO `university` VALUES (2224, '广西英华国际职业学院');
INSERT INTO `university` VALUES (2225, '柳州城市职业学院');
INSERT INTO `university` VALUES (2226, '百色职业学院');
INSERT INTO `university` VALUES (2227, '广西工程职业学院');
INSERT INTO `university` VALUES (2228, '广西理工职业技术学院');
INSERT INTO `university` VALUES (2229, '梧州职业学院');
INSERT INTO `university` VALUES (2230, '广西经济职业学院');
INSERT INTO `university` VALUES (2231, '广西幼儿师范高等专科学校');
INSERT INTO `university` VALUES (2232, '广西科技职业学院');
INSERT INTO `university` VALUES (2233, '广西卫生职业技术学院');
INSERT INTO `university` VALUES (2234, '广西培贤国际职业学院');
INSERT INTO `university` VALUES (2235, '广西金融职业技术学院');
INSERT INTO `university` VALUES (2236, '广西中远职业学院');
INSERT INTO `university` VALUES (2237, '玉柴职业技术学院');
INSERT INTO `university` VALUES (2238, '广西蓝天航空职业学院');
INSERT INTO `university` VALUES (2239, '广西安全工程职业技术学院');
INSERT INTO `university` VALUES (2240, '广西自然资源职业技术学院');
INSERT INTO `university` VALUES (2241, '钦州幼儿师范高等专科学校');
INSERT INTO `university` VALUES (2242, '梧州医学高等专科学校');
INSERT INTO `university` VALUES (2243, '广西制造工程职业技术学院');
INSERT INTO `university` VALUES (2244, '广西物流职业技术学院');
INSERT INTO `university` VALUES (2245, '防城港职业技术学院');
INSERT INTO `university` VALUES (2246, '广西信息职业技术学院');
INSERT INTO `university` VALUES (2247, '广西农业工程职业技术学院');
INSERT INTO `university` VALUES (2248, '北海康养职业学院');
INSERT INTO `university` VALUES (2249, '崇左幼儿师范高等专科学校');
INSERT INTO `university` VALUES (2250, '广西质量工程职业技术学院');
INSERT INTO `university` VALUES (2251, '桂林信息工程职业学院');
INSERT INTO `university` VALUES (2252, '玉林职业技术学院');
INSERT INTO `university` VALUES (2253, '广西智能制造职业技术学院');
INSERT INTO `university` VALUES (2255, '海南大学');
INSERT INTO `university` VALUES (2256, '海南热带海洋学院');
INSERT INTO `university` VALUES (2257, '海南师范大学');
INSERT INTO `university` VALUES (2258, '海南医科大学');
INSERT INTO `university` VALUES (2259, '海口经济学院');
INSERT INTO `university` VALUES (2260, '琼台师范学院');
INSERT INTO `university` VALUES (2261, '三亚学院');
INSERT INTO `university` VALUES (2262, '海南科技职业大学');
INSERT INTO `university` VALUES (2263, '海南比勒费尔德应用科学大学');
INSERT INTO `university` VALUES (2264, '海南警察学院');
INSERT INTO `university` VALUES (2265, '海南洛桑旅游大学');
INSERT INTO `university` VALUES (2266, '海南职业技术学院');
INSERT INTO `university` VALUES (2267, '三亚城市职业学院');
INSERT INTO `university` VALUES (2268, '海南软件职业技术学院');
INSERT INTO `university` VALUES (2269, '海南政法职业学院');
INSERT INTO `university` VALUES (2270, '海南外国语职业学院');
INSERT INTO `university` VALUES (2271, '海南经贸职业技术学院');
INSERT INTO `university` VALUES (2272, '海南工商职业学院');
INSERT INTO `university` VALUES (2273, '三亚航空旅游职业学院');
INSERT INTO `university` VALUES (2274, '三亚理工职业学院');
INSERT INTO `university` VALUES (2275, '海南体育职业技术学院');
INSERT INTO `university` VALUES (2276, '三亚中瑞酒店管理职业学院');
INSERT INTO `university` VALUES (2277, '海南健康管理职业技术学院');
INSERT INTO `university` VALUES (2278, '海南卫生健康职业学院');
INSERT INTO `university` VALUES (2279, '海南东方新丝路职业学院');
INSERT INTO `university` VALUES (2280, '海口旅游职业学院');
INSERT INTO `university` VALUES (2281, '海南艺术职业学院');
INSERT INTO `university` VALUES (2282, '三亚护理职业学院');
INSERT INTO `university` VALUES (2283, '重庆大学');
INSERT INTO `university` VALUES (2284, '重庆邮电大学');
INSERT INTO `university` VALUES (2285, '重庆交通大学');
INSERT INTO `university` VALUES (2286, '重庆医科大学');
INSERT INTO `university` VALUES (2287, '西南大学');
INSERT INTO `university` VALUES (2288, '重庆师范大学');
INSERT INTO `university` VALUES (2289, '重庆文理学院');
INSERT INTO `university` VALUES (2290, '重庆三峡学院');
INSERT INTO `university` VALUES (2291, '长江师范学院');
INSERT INTO `university` VALUES (2292, '四川外国语大学');
INSERT INTO `university` VALUES (2293, '西南政法大学');
INSERT INTO `university` VALUES (2294, '四川美术学院');
INSERT INTO `university` VALUES (2295, '重庆科技大学');
INSERT INTO `university` VALUES (2296, '重庆理工大学');
INSERT INTO `university` VALUES (2297, '重庆工商大学');
INSERT INTO `university` VALUES (2298, '重庆机电职业技术大学');
INSERT INTO `university` VALUES (2299, '重庆工程学院');
INSERT INTO `university` VALUES (2300, '重庆城市科技学院');
INSERT INTO `university` VALUES (2301, '重庆警察学院');
INSERT INTO `university` VALUES (2302, '重庆人文科技学院');
INSERT INTO `university` VALUES (2303, '重庆外语外事学院');
INSERT INTO `university` VALUES (2304, '重庆对外经贸学院');
INSERT INTO `university` VALUES (2305, '重庆财经学院');
INSERT INTO `university` VALUES (2306, '重庆工商大学派斯学院');
INSERT INTO `university` VALUES (2307, '重庆移通学院');
INSERT INTO `university` VALUES (2308, '重庆第二师范学院');
INSERT INTO `university` VALUES (2309, '重庆中医药学院');
INSERT INTO `university` VALUES (2310, '重庆电子科技职业大学');
INSERT INTO `university` VALUES (2311, '重庆工业职业技术大学');
INSERT INTO `university` VALUES (2312, '重庆航天职业技术学院');
INSERT INTO `university` VALUES (2313, '重庆电力高等专科学校');
INSERT INTO `university` VALUES (2314, '重庆三峡职业学院');
INSERT INTO `university` VALUES (2315, '重庆工贸职业技术学院');
INSERT INTO `university` VALUES (2316, '重庆海联职业技术学院');
INSERT INTO `university` VALUES (2317, '重庆信息技术职业学院');
INSERT INTO `university` VALUES (2318, '重庆传媒职业学院');
INSERT INTO `university` VALUES (2319, '重庆城市管理职业学院');
INSERT INTO `university` VALUES (2320, '重庆工程职业技术学院');
INSERT INTO `university` VALUES (2321, '重庆建筑科技职业学院');
INSERT INTO `university` VALUES (2322, '重庆城市职业学院');
INSERT INTO `university` VALUES (2323, '重庆水利电力职业技术学院');
INSERT INTO `university` VALUES (2324, '重庆工商职业学院');
INSERT INTO `university` VALUES (2325, '重庆应用技术职业学院');
INSERT INTO `university` VALUES (2326, '重庆三峡医药高等专科学校');
INSERT INTO `university` VALUES (2327, '重庆医药高等专科学校');
INSERT INTO `university` VALUES (2328, '重庆青年职业技术学院');
INSERT INTO `university` VALUES (2329, '重庆财经职业学院');
INSERT INTO `university` VALUES (2330, '重庆科创职业学院');
INSERT INTO `university` VALUES (2331, '重庆建筑工程职业学院');
INSERT INTO `university` VALUES (2332, '重庆电讯职业学院');
INSERT INTO `university` VALUES (2333, '重庆能源职业学院');
INSERT INTO `university` VALUES (2334, '重庆商务职业学院');
INSERT INTO `university` VALUES (2335, '重庆交通职业学院');
INSERT INTO `university` VALUES (2336, '重庆化工职业学院');
INSERT INTO `university` VALUES (2337, '重庆旅游职业学院');
INSERT INTO `university` VALUES (2338, '重庆安全技术职业学院');
INSERT INTO `university` VALUES (2339, '重庆公共运输职业学院');
INSERT INTO `university` VALUES (2340, '重庆艺术工程职业学院');
INSERT INTO `university` VALUES (2341, '重庆轻工职业学院');
INSERT INTO `university` VALUES (2342, '重庆电信职业学院');
INSERT INTO `university` VALUES (2343, '重庆经贸职业学院');
INSERT INTO `university` VALUES (2344, '重庆幼儿师范高等专科学校');
INSERT INTO `university` VALUES (2345, '重庆文化艺术职业学院');
INSERT INTO `university` VALUES (2346, '重庆科技职业学院');
INSERT INTO `university` VALUES (2347, '重庆资源与环境保护职业学院');
INSERT INTO `university` VALUES (2348, '重庆护理职业学院');
INSERT INTO `university` VALUES (2349, '重庆理工职业学院');
INSERT INTO `university` VALUES (2350, '重庆智能工程职业学院');
INSERT INTO `university` VALUES (2351, '重庆健康职业学院');
INSERT INTO `university` VALUES (2352, '重庆工信职业学院');
INSERT INTO `university` VALUES (2353, '重庆五一职业技术学院');
INSERT INTO `university` VALUES (2354, '重庆数字产业职业技术学院');
INSERT INTO `university` VALUES (2355, '重庆现代制造职业学院');
INSERT INTO `university` VALUES (2356, '重庆农业职业学院');
INSERT INTO `university` VALUES (2357, '重庆安防职业学院');
INSERT INTO `university` VALUES (2358, '四川大学');
INSERT INTO `university` VALUES (2359, '西南交通大学');
INSERT INTO `university` VALUES (2360, '电子科技大学');
INSERT INTO `university` VALUES (2361, '西南石油大学');
INSERT INTO `university` VALUES (2362, '成都理工大学');
INSERT INTO `university` VALUES (2363, '西南科技大学');
INSERT INTO `university` VALUES (2364, '成都信息工程大学');
INSERT INTO `university` VALUES (2365, '四川轻化工大学');
INSERT INTO `university` VALUES (2366, '西华大学');
INSERT INTO `university` VALUES (2367, '中国民用航空飞行学院');
INSERT INTO `university` VALUES (2368, '四川农业大学');
INSERT INTO `university` VALUES (2369, '西昌学院');
INSERT INTO `university` VALUES (2370, '西南医科大学');
INSERT INTO `university` VALUES (2371, '成都中医药大学');
INSERT INTO `university` VALUES (2372, '川北医学院');
INSERT INTO `university` VALUES (2373, '四川师范大学');
INSERT INTO `university` VALUES (2374, '西华师范大学');
INSERT INTO `university` VALUES (2375, '绵阳师范学院');
INSERT INTO `university` VALUES (2376, '内江师范学院');
INSERT INTO `university` VALUES (2377, '宜宾学院');
INSERT INTO `university` VALUES (2378, '四川文理学院');
INSERT INTO `university` VALUES (2379, '阿坝师范学院');
INSERT INTO `university` VALUES (2380, '乐山师范学院');
INSERT INTO `university` VALUES (2381, '西南财经大学');
INSERT INTO `university` VALUES (2382, '成都体育学院');
INSERT INTO `university` VALUES (2383, '四川音乐学院');
INSERT INTO `university` VALUES (2384, '西南民族大学');
INSERT INTO `university` VALUES (2385, '成都大学');
INSERT INTO `university` VALUES (2386, '成都工业学院');
INSERT INTO `university` VALUES (2387, '攀枝花学院');
INSERT INTO `university` VALUES (2388, '四川旅游学院');
INSERT INTO `university` VALUES (2389, '四川民族学院');
INSERT INTO `university` VALUES (2390, '四川警察学院');
INSERT INTO `university` VALUES (2391, '成都东软学院');
INSERT INTO `university` VALUES (2392, '成都艺术职业大学');
INSERT INTO `university` VALUES (2393, '电子科技大学成都学院');
INSERT INTO `university` VALUES (2394, '成都理工大学工程技术学院');
INSERT INTO `university` VALUES (2395, '四川传媒学院');
INSERT INTO `university` VALUES (2396, '成都银杏酒店管理学院');
INSERT INTO `university` VALUES (2397, '成都文理学院');
INSERT INTO `university` VALUES (2398, '四川工商学院');
INSERT INTO `university` VALUES (2399, '成都外国语学院');
INSERT INTO `university` VALUES (2400, '成都医学院');
INSERT INTO `university` VALUES (2401, '四川工业科技学院');
INSERT INTO `university` VALUES (2402, '成都锦城学院');
INSERT INTO `university` VALUES (2403, '西南财经大学天府学院');
INSERT INTO `university` VALUES (2404, '四川大学锦江学院');
INSERT INTO `university` VALUES (2405, '四川文化艺术学院');
INSERT INTO `university` VALUES (2406, '绵阳城市学院');
INSERT INTO `university` VALUES (2407, '西南交通大学希望学院');
INSERT INTO `university` VALUES (2408, '成都师范学院');
INSERT INTO `university` VALUES (2409, '四川电影电视学院');
INSERT INTO `university` VALUES (2410, '吉利学院');
INSERT INTO `university` VALUES (2411, '四川工程职业技术大学');
INSERT INTO `university` VALUES (2412, '成都航空职业技术大学');
INSERT INTO `university` VALUES (2413, '成都纺织高等专科学校');
INSERT INTO `university` VALUES (2414, '民办四川天一学院');
INSERT INTO `university` VALUES (2415, '四川电力职业技术学院');
INSERT INTO `university` VALUES (2416, '成都职业技术学院');
INSERT INTO `university` VALUES (2417, '四川化工职业技术学院');
INSERT INTO `university` VALUES (2418, '四川水利职业技术学院');
INSERT INTO `university` VALUES (2419, '南充职业技术学院');
INSERT INTO `university` VALUES (2420, '内江职业技术学院');
INSERT INTO `university` VALUES (2421, '四川航天职业技术学院');
INSERT INTO `university` VALUES (2422, '四川邮电职业技术学院');
INSERT INTO `university` VALUES (2423, '四川机电职业技术学院');
INSERT INTO `university` VALUES (2424, '绵阳职业技术学院');
INSERT INTO `university` VALUES (2425, '四川交通职业技术学院');
INSERT INTO `university` VALUES (2426, '四川工商职业技术学院');
INSERT INTO `university` VALUES (2427, '四川建筑职业技术学院');
INSERT INTO `university` VALUES (2428, '达州职业技术学院');
INSERT INTO `university` VALUES (2429, '四川托普信息技术职业学院');
INSERT INTO `university` VALUES (2430, '四川国际标榜职业学院');
INSERT INTO `university` VALUES (2431, '成都农业科技职业学院');
INSERT INTO `university` VALUES (2432, '宜宾职业技术学院');
INSERT INTO `university` VALUES (2433, '泸州职业技术学院');
INSERT INTO `university` VALUES (2434, '眉山职业技术学院');
INSERT INTO `university` VALUES (2435, '四川职业技术学院');
INSERT INTO `university` VALUES (2436, '乐山职业技术学院');
INSERT INTO `university` VALUES (2437, '雅安职业技术学院');
INSERT INTO `university` VALUES (2438, '四川商务职业学院');
INSERT INTO `university` VALUES (2439, '四川司法警官职业学院');
INSERT INTO `university` VALUES (2440, '广安职业技术学院');
INSERT INTO `university` VALUES (2441, '四川信息职业技术学院');
INSERT INTO `university` VALUES (2442, '四川文化传媒职业学院');
INSERT INTO `university` VALUES (2443, '四川华新现代职业学院');
INSERT INTO `university` VALUES (2444, '四川铁道职业学院');
INSERT INTO `university` VALUES (2445, '四川艺术职业学院');
INSERT INTO `university` VALUES (2446, '四川中医药高等专科学校');
INSERT INTO `university` VALUES (2447, '四川科技职业学院');
INSERT INTO `university` VALUES (2448, '四川文化产业职业学院');
INSERT INTO `university` VALUES (2449, '四川财经职业学院');
INSERT INTO `university` VALUES (2450, '四川城市职业学院');
INSERT INTO `university` VALUES (2451, '四川现代职业学院');
INSERT INTO `university` VALUES (2452, '四川幼儿师范高等专科学校');
INSERT INTO `university` VALUES (2453, '四川长江职业学院');
INSERT INTO `university` VALUES (2454, '四川三河职业学院');
INSERT INTO `university` VALUES (2455, '川北幼儿师范高等专科学校');
INSERT INTO `university` VALUES (2456, '四川卫生康复职业学院');
INSERT INTO `university` VALUES (2457, '四川汽车职业技术学院');
INSERT INTO `university` VALUES (2458, '巴中职业技术学院');
INSERT INTO `university` VALUES (2459, '四川希望汽车职业学院');
INSERT INTO `university` VALUES (2460, '四川电子机械职业技术学院');
INSERT INTO `university` VALUES (2461, '四川文轩职业学院');
INSERT INTO `university` VALUES (2462, '川南幼儿师范高等专科学校');
INSERT INTO `university` VALUES (2463, '四川护理职业学院');
INSERT INTO `university` VALUES (2464, '成都工业职业技术学院');
INSERT INTO `university` VALUES (2465, '四川西南航空职业学院');
INSERT INTO `university` VALUES (2466, '成都工贸职业技术学院');
INSERT INTO `university` VALUES (2467, '四川应用技术职业学院');
INSERT INTO `university` VALUES (2468, '西昌民族幼儿师范高等专科学校');
INSERT INTO `university` VALUES (2469, '眉山药科职业学院');
INSERT INTO `university` VALUES (2470, '天府新区信息职业学院');
INSERT INTO `university` VALUES (2471, '德阳城市轨道交通职业学院');
INSERT INTO `university` VALUES (2472, '德阳科贸职业学院');
INSERT INTO `university` VALUES (2473, '江阳城建职业学院');
INSERT INTO `university` VALUES (2474, '天府新区航空旅游职业学院');
INSERT INTO `university` VALUES (2475, '天府新区通用航空职业学院');
INSERT INTO `university` VALUES (2476, '阿坝职业学院');
INSERT INTO `university` VALUES (2477, '达州中医药职业学院');
INSERT INTO `university` VALUES (2478, '内江卫生与健康职业学院');
INSERT INTO `university` VALUES (2479, '南充科技职业学院');
INSERT INTO `university` VALUES (2480, '攀枝花攀西职业学院');
INSERT INTO `university` VALUES (2481, '资阳口腔职业学院');
INSERT INTO `university` VALUES (2482, '资阳环境科技职业学院');
INSERT INTO `university` VALUES (2483, '南充文化旅游职业学院');
INSERT INTO `university` VALUES (2484, '南充电影工业职业学院');
INSERT INTO `university` VALUES (2485, '绵阳飞行职业学院');
INSERT INTO `university` VALUES (2486, '德阳农业科技职业学院');
INSERT INTO `university` VALUES (2487, '泸州医疗器械职业学院');
INSERT INTO `university` VALUES (2488, '甘孜职业学院');
INSERT INTO `university` VALUES (2489, '自贡职业技术学院');
INSERT INTO `university` VALUES (2490, '广元中核职业技术学院');
INSERT INTO `university` VALUES (2491, '四川体育职业学院');
INSERT INTO `university` VALUES (2492, '遂宁能源职业学院');
INSERT INTO `university` VALUES (2493, '遂宁工程职业学院');
INSERT INTO `university` VALUES (2494, '遂宁职业学院');
INSERT INTO `university` VALUES (2495, '西昌医学高等专科学校');
INSERT INTO `university` VALUES (2496, '成都轨道交通职业学院');
INSERT INTO `university` VALUES (2497, '宜宾工业职业技术学院');
INSERT INTO `university` VALUES (2498, '宜宾医药健康职业学院');
INSERT INTO `university` VALUES (2499, '贵州大学');
INSERT INTO `university` VALUES (2500, '贵州医科大学');
INSERT INTO `university` VALUES (2501, '遵义医科大学');
INSERT INTO `university` VALUES (2502, '贵州中医药大学');
INSERT INTO `university` VALUES (2503, '贵州师范大学');
INSERT INTO `university` VALUES (2504, '遵义师范学院');
INSERT INTO `university` VALUES (2505, '铜仁学院');
INSERT INTO `university` VALUES (2506, '兴义民族师范学院');
INSERT INTO `university` VALUES (2507, '安顺学院');
INSERT INTO `university` VALUES (2508, '贵州工程应用技术学院');
INSERT INTO `university` VALUES (2509, '凯里学院');
INSERT INTO `university` VALUES (2510, '黔南民族师范学院');
INSERT INTO `university` VALUES (2511, '贵州财经大学');
INSERT INTO `university` VALUES (2512, '贵州民族大学');
INSERT INTO `university` VALUES (2513, '贵阳学院');
INSERT INTO `university` VALUES (2514, '六盘水师范学院');
INSERT INTO `university` VALUES (2515, '贵州商学院');
INSERT INTO `university` VALUES (2516, '贵州警察学院');
INSERT INTO `university` VALUES (2517, '贵州中医药大学时珍学院');
INSERT INTO `university` VALUES (2518, '贵州黔南经济学院');
INSERT INTO `university` VALUES (2519, '贵州黔南科技学院');
INSERT INTO `university` VALUES (2520, '贵阳信息科技学院');
INSERT INTO `university` VALUES (2521, '贵阳人文科技学院');
INSERT INTO `university` VALUES (2522, '贵阳康养职业大学');
INSERT INTO `university` VALUES (2523, '遵义医科大学医学与科技学院');
INSERT INTO `university` VALUES (2524, '贵州医科大学神奇民族医药学院');
INSERT INTO `university` VALUES (2525, '贵州师范学院');
INSERT INTO `university` VALUES (2526, '贵州理工学院');
INSERT INTO `university` VALUES (2527, '茅台学院');
INSERT INTO `university` VALUES (2528, '贵州交通职业大学');
INSERT INTO `university` VALUES (2529, '铜仁职业技术大学');
INSERT INTO `university` VALUES (2530, '贵州轻工职业大学');
INSERT INTO `university` VALUES (2531, '黔南民族医学高等专科学校');
INSERT INTO `university` VALUES (2532, '贵州航天职业技术学院');
INSERT INTO `university` VALUES (2533, '贵州电子信息职业技术学院');
INSERT INTO `university` VALUES (2534, '安顺职业技术学院');
INSERT INTO `university` VALUES (2535, '黔东南民族职业技术学院');
INSERT INTO `university` VALUES (2536, '黔南民族职业技术学院');
INSERT INTO `university` VALUES (2537, '遵义职业技术学院');
INSERT INTO `university` VALUES (2538, '贵州城市职业学院');
INSERT INTO `university` VALUES (2539, '贵州工业职业技术学院');
INSERT INTO `university` VALUES (2540, '贵州电力职业技术学院');
INSERT INTO `university` VALUES (2541, '六盘水职业技术学院');
INSERT INTO `university` VALUES (2542, '黔西南民族职业技术学院');
INSERT INTO `university` VALUES (2543, '遵义医药高等专科学校');
INSERT INTO `university` VALUES (2544, '贵阳职业技术学院');
INSERT INTO `university` VALUES (2545, '毕节职业技术学院');
INSERT INTO `university` VALUES (2546, '贵州职业技术学院');
INSERT INTO `university` VALUES (2547, '贵州盛华职业学院');
INSERT INTO `university` VALUES (2548, '贵州工商职业学院');
INSERT INTO `university` VALUES (2549, '贵阳幼儿师范高等专科学校');
INSERT INTO `university` VALUES (2550, '铜仁幼儿师范高等专科学校');
INSERT INTO `university` VALUES (2551, '黔南民族幼儿师范高等专科学校');
INSERT INTO `university` VALUES (2552, '毕节医学高等专科学校');
INSERT INTO `university` VALUES (2553, '贵州建设职业技术学院');
INSERT INTO `university` VALUES (2554, '毕节幼儿师范高等专科学校');
INSERT INTO `university` VALUES (2555, '贵州农业职业学院');
INSERT INTO `university` VALUES (2556, '贵州工程职业学院');
INSERT INTO `university` VALUES (2557, '贵州工贸职业学院');
INSERT INTO `university` VALUES (2558, '贵州水利水电职业技术学院');
INSERT INTO `university` VALUES (2559, '贵州电子商务职业技术学院');
INSERT INTO `university` VALUES (2560, '贵州应用技术职业学院');
INSERT INTO `university` VALUES (2561, '贵州电子科技职业学院');
INSERT INTO `university` VALUES (2562, '贵州装备制造职业学院');
INSERT INTO `university` VALUES (2563, '贵州健康职业学院');
INSERT INTO `university` VALUES (2564, '贵州食品工程职业学院');
INSERT INTO `university` VALUES (2565, '贵州经贸职业技术学院');
INSERT INTO `university` VALUES (2566, '贵州护理职业技术学院');
INSERT INTO `university` VALUES (2567, '六盘水幼儿师范高等专科学校');
INSERT INTO `university` VALUES (2568, '毕节工业职业技术学院');
INSERT INTO `university` VALUES (2569, '贵州机电职业技术学院');
INSERT INTO `university` VALUES (2570, '贵州财经职业学院');
INSERT INTO `university` VALUES (2571, '贵州民用航空职业学院');
INSERT INTO `university` VALUES (2572, '贵州文化旅游职业学院');
INSERT INTO `university` VALUES (2573, '贵州航空职业技术学院');
INSERT INTO `university` VALUES (2574, '贵州体育职业学院');
INSERT INTO `university` VALUES (2575, '贵州铜仁数据职业学院');
INSERT INTO `university` VALUES (2576, '贵州传媒职业学院');
INSERT INTO `university` VALUES (2577, '贵州生态能源职业学院');
INSERT INTO `university` VALUES (2578, '黔东南理工职业学院');
INSERT INTO `university` VALUES (2579, '云南大学');
INSERT INTO `university` VALUES (2580, '昆明理工大学');
INSERT INTO `university` VALUES (2581, '云南农业大学');
INSERT INTO `university` VALUES (2582, '西南林业大学');
INSERT INTO `university` VALUES (2583, '昆明医科大学');
INSERT INTO `university` VALUES (2584, '大理大学');
INSERT INTO `university` VALUES (2585, '云南中医药大学');
INSERT INTO `university` VALUES (2586, '云南师范大学');
INSERT INTO `university` VALUES (2587, '昭通学院');
INSERT INTO `university` VALUES (2588, '曲靖师范学院');
INSERT INTO `university` VALUES (2589, '普洱学院');
INSERT INTO `university` VALUES (2590, '保山学院');
INSERT INTO `university` VALUES (2591, '红河学院');
INSERT INTO `university` VALUES (2592, '云南财经大学');
INSERT INTO `university` VALUES (2593, '云南艺术学院');
INSERT INTO `university` VALUES (2594, '云南民族大学');
INSERT INTO `university` VALUES (2595, '玉溪师范学院');
INSERT INTO `university` VALUES (2596, '楚雄师范学院');
INSERT INTO `university` VALUES (2597, '云南警官学院');
INSERT INTO `university` VALUES (2598, '昆明学院');
INSERT INTO `university` VALUES (2599, '文山学院');
INSERT INTO `university` VALUES (2600, '云南经济管理学院');
INSERT INTO `university` VALUES (2601, '滇池学院');
INSERT INTO `university` VALUES (2602, '丽江文化旅游学院');
INSERT INTO `university` VALUES (2603, '昆明理工大学津桥学院');
INSERT INTO `university` VALUES (2604, '昆明城市学院');
INSERT INTO `university` VALUES (2605, '昆明文理学院');
INSERT INTO `university` VALUES (2606, '昆明医科大学海源学院');
INSERT INTO `university` VALUES (2607, '昆明传媒学院');
INSERT INTO `university` VALUES (2608, '云南工商学院');
INSERT INTO `university` VALUES (2609, '滇西科技师范学院');
INSERT INTO `university` VALUES (2610, '滇西应用技术大学');
INSERT INTO `university` VALUES (2611, '丽江师范学院');
INSERT INTO `university` VALUES (2612, '德宏师范学院');
INSERT INTO `university` VALUES (2613, '曲靖健康医学院');
INSERT INTO `university` VALUES (2614, '昆明冶金高等专科学校');
INSERT INTO `university` VALUES (2615, '云南国土资源职业学院');
INSERT INTO `university` VALUES (2616, '云南交通职业技术学院');
INSERT INTO `university` VALUES (2617, '昆明工业职业技术学院');
INSERT INTO `university` VALUES (2618, '云南农业职业技术学院');
INSERT INTO `university` VALUES (2619, '云南司法警官职业学院');
INSERT INTO `university` VALUES (2620, '云南文化艺术职业学院');
INSERT INTO `university` VALUES (2621, '云南体育运动职业技术学院');
INSERT INTO `university` VALUES (2622, '云南科技信息职业学院');
INSERT INTO `university` VALUES (2623, '西双版纳职业技术学院');
INSERT INTO `university` VALUES (2624, '昆明艺术职业学院');
INSERT INTO `university` VALUES (2625, '玉溪农业职业技术学院');
INSERT INTO `university` VALUES (2626, '云南能源职业技术学院');
INSERT INTO `university` VALUES (2627, '云南国防工业职业技术学院');
INSERT INTO `university` VALUES (2628, '云南机电职业技术学院');
INSERT INTO `university` VALUES (2629, '云南林业职业技术学院');
INSERT INTO `university` VALUES (2630, '云南城市建设职业学院');
INSERT INTO `university` VALUES (2631, '云南工程职业学院');
INSERT INTO `university` VALUES (2632, '楚雄医药高等专科学校');
INSERT INTO `university` VALUES (2633, '保山中医药高等专科学校');
INSERT INTO `university` VALUES (2634, '云南新兴职业学院');
INSERT INTO `university` VALUES (2635, '云南锡业职业技术学院');
INSERT INTO `university` VALUES (2636, '云南经贸外事职业学院');
INSERT INTO `university` VALUES (2637, '云南三鑫职业技术学院');
INSERT INTO `university` VALUES (2638, '德宏职业学院');
INSERT INTO `university` VALUES (2639, '云南商务职业学院');
INSERT INTO `university` VALUES (2640, '昆明卫生职业学院');
INSERT INTO `university` VALUES (2641, '云南现代职业技术学院');
INSERT INTO `university` VALUES (2642, '云南旅游职业学院');
INSERT INTO `university` VALUES (2643, '红河卫生职业学院');
INSERT INTO `university` VALUES (2644, '云南外事外语职业学院');
INSERT INTO `university` VALUES (2645, '大理农林职业技术学院');
INSERT INTO `university` VALUES (2646, '公安消防部队高等专科学校');
INSERT INTO `university` VALUES (2647, '云南财经职业学院');
INSERT INTO `university` VALUES (2648, '昆明铁道职业技术学院');
INSERT INTO `university` VALUES (2649, '昭通卫生职业学院');
INSERT INTO `university` VALUES (2650, '大理护理职业学院');
INSERT INTO `university` VALUES (2651, '云南水利水电职业学院');
INSERT INTO `university` VALUES (2652, '云南轻纺职业学院');
INSERT INTO `university` VALUES (2653, '云南特殊教育职业学院');
INSERT INTO `university` VALUES (2654, '云南工贸职业技术学院');
INSERT INTO `university` VALUES (2655, '云南交通运输职业学院');
INSERT INTO `university` VALUES (2656, '昆明幼儿师范高等专科学校');
INSERT INTO `university` VALUES (2657, '云南医药健康职业学院');
INSERT INTO `university` VALUES (2658, '云南理工职业学院');
INSERT INTO `university` VALUES (2659, '曲靖职业技术学院');
INSERT INTO `university` VALUES (2660, '红河职业技术学院');
INSERT INTO `university` VALUES (2661, '玉溪职业技术学院');
INSERT INTO `university` VALUES (2662, '保山职业学院');
INSERT INTO `university` VALUES (2663, '昭通职业学院');
INSERT INTO `university` VALUES (2664, '文山职业技术学院');
INSERT INTO `university` VALUES (2665, '丽江职业技术学院');
INSERT INTO `university` VALUES (2666, '香格里拉职业学院');
INSERT INTO `university` VALUES (2667, '怒江职业技术学院');
INSERT INTO `university` VALUES (2668, '临沧职业学院');
INSERT INTO `university` VALUES (2669, '云南工业信息职业学院');
INSERT INTO `university` VALUES (2670, '昆明航空职业学院');
INSERT INTO `university` VALUES (2671, '西藏农牧大学');
INSERT INTO `university` VALUES (2672, '西藏大学');
INSERT INTO `university` VALUES (2673, '西藏民族大学');
INSERT INTO `university` VALUES (2674, '西藏藏医药大学');
INSERT INTO `university` VALUES (2675, '西藏警官高等专科学校');
INSERT INTO `university` VALUES (2676, '拉萨师范学院');
INSERT INTO `university` VALUES (2677, '西藏职业技术学院');
INSERT INTO `university` VALUES (2678, '日喀则职业技术学院');
INSERT INTO `university` VALUES (2679, '西北大学');
INSERT INTO `university` VALUES (2680, '西安交通大学');
INSERT INTO `university` VALUES (2681, '西北工业大学');
INSERT INTO `university` VALUES (2682, '西安理工大学');
INSERT INTO `university` VALUES (2683, '西安电子科技大学');
INSERT INTO `university` VALUES (2684, '西安工业大学');
INSERT INTO `university` VALUES (2685, '西安建筑科技大学');
INSERT INTO `university` VALUES (2686, '西安科技大学');
INSERT INTO `university` VALUES (2687, '西安石油大学');
INSERT INTO `university` VALUES (2688, '陕西科技大学');
INSERT INTO `university` VALUES (2689, '西安工程大学');
INSERT INTO `university` VALUES (2690, '长安大学');
INSERT INTO `university` VALUES (2691, '西北农林科技大学');
INSERT INTO `university` VALUES (2692, '陕西中医药大学');
INSERT INTO `university` VALUES (2693, '陕西师范大学');
INSERT INTO `university` VALUES (2694, '延安大学');
INSERT INTO `university` VALUES (2695, '陕西理工大学');
INSERT INTO `university` VALUES (2696, '宝鸡文理学院');
INSERT INTO `university` VALUES (2697, '咸阳师范学院');
INSERT INTO `university` VALUES (2698, '渭南师范学院');
INSERT INTO `university` VALUES (2699, '西安外国语大学');
INSERT INTO `university` VALUES (2700, '西北政法大学');
INSERT INTO `university` VALUES (2701, '西安体育学院');
INSERT INTO `university` VALUES (2702, '西安音乐学院');
INSERT INTO `university` VALUES (2703, '西安美术学院');
INSERT INTO `university` VALUES (2704, '西安文理学院');
INSERT INTO `university` VALUES (2705, '榆林学院');
INSERT INTO `university` VALUES (2706, '商洛学院');
INSERT INTO `university` VALUES (2707, '安康学院');
INSERT INTO `university` VALUES (2708, '西安培华学院');
INSERT INTO `university` VALUES (2709, '西安财经大学');
INSERT INTO `university` VALUES (2710, '西安邮电大学');
INSERT INTO `university` VALUES (2711, '西安航空学院');
INSERT INTO `university` VALUES (2712, '西安医学院');
INSERT INTO `university` VALUES (2713, '西安欧亚学院');
INSERT INTO `university` VALUES (2714, '西安外事学院');
INSERT INTO `university` VALUES (2715, '西安翻译学院');
INSERT INTO `university` VALUES (2716, '西京学院');
INSERT INTO `university` VALUES (2717, '西安思源学院');
INSERT INTO `university` VALUES (2718, '陕西国际商贸学院');
INSERT INTO `university` VALUES (2719, '陕西服装工程学院');
INSERT INTO `university` VALUES (2720, '西安交通工程学院');
INSERT INTO `university` VALUES (2721, '西安交通大学城市学院');
INSERT INTO `university` VALUES (2722, '西北大学现代学院');
INSERT INTO `university` VALUES (2723, '西安建筑科技大学华清学院');
INSERT INTO `university` VALUES (2724, '西安财经大学行知学院');
INSERT INTO `university` VALUES (2725, '陕西科技大学镐京学院');
INSERT INTO `university` VALUES (2726, '西安工商学院');
INSERT INTO `university` VALUES (2727, '延安大学西安创新学院');
INSERT INTO `university` VALUES (2728, '西安电子科技大学长安学院');
INSERT INTO `university` VALUES (2729, '西安汽车职业大学');
INSERT INTO `university` VALUES (2730, '西安明德理工学院');
INSERT INTO `university` VALUES (2731, '西安信息职业大学');
INSERT INTO `university` VALUES (2732, '长安大学兴华学院');
INSERT INTO `university` VALUES (2733, '西安理工大学高科学院');
INSERT INTO `university` VALUES (2734, '西安科技大学高新学院');
INSERT INTO `university` VALUES (2735, '陕西学前师范学院');
INSERT INTO `university` VALUES (2736, '陕西警察学院');
INSERT INTO `university` VALUES (2737, '陕西农林职业技术大学');
INSERT INTO `university` VALUES (2738, '陕西工业职业技术大学');
INSERT INTO `university` VALUES (2739, '西安戏剧学院');
INSERT INTO `university` VALUES (2740, '西安电力高等专科学校');
INSERT INTO `university` VALUES (2741, '陕西能源职业技术学院');
INSERT INTO `university` VALUES (2742, '陕西国防工业职业技术学院');
INSERT INTO `university` VALUES (2743, '西安航空职业技术学院');
INSERT INTO `university` VALUES (2744, '陕西财经职业技术学院');
INSERT INTO `university` VALUES (2745, '陕西交通职业技术学院');
INSERT INTO `university` VALUES (2746, '陕西职业技术学院');
INSERT INTO `university` VALUES (2747, '西安高新科技职业学院');
INSERT INTO `university` VALUES (2748, '西安城市建设职业学院');
INSERT INTO `university` VALUES (2749, '陕西铁路工程职业技术学院');
INSERT INTO `university` VALUES (2750, '宝鸡职业技术学院');
INSERT INTO `university` VALUES (2751, '陕西航空职业技术学院');
INSERT INTO `university` VALUES (2752, '陕西电子信息职业技术学院');
INSERT INTO `university` VALUES (2753, '陕西邮电职业技术学院');
INSERT INTO `university` VALUES (2754, '西安海棠职业学院');
INSERT INTO `university` VALUES (2755, '西安健康工程职业学院');
INSERT INTO `university` VALUES (2756, '陕西经济管理职业技术学院');
INSERT INTO `university` VALUES (2757, '西安铁路职业技术学院');
INSERT INTO `university` VALUES (2758, '咸阳职业技术学院');
INSERT INTO `university` VALUES (2759, '西安职业技术学院');
INSERT INTO `university` VALUES (2760, '商洛职业技术学院');
INSERT INTO `university` VALUES (2761, '汉中职业技术学院');
INSERT INTO `university` VALUES (2762, '延安职业技术学院');
INSERT INTO `university` VALUES (2763, '渭南职业技术学院');
INSERT INTO `university` VALUES (2764, '安康职业技术学院');
INSERT INTO `university` VALUES (2765, '铜川职业技术学院');
INSERT INTO `university` VALUES (2766, '陕西青年职业学院');
INSERT INTO `university` VALUES (2767, '陕西工商职业学院');
INSERT INTO `university` VALUES (2768, '陕西旅游烹饪职业学院');
INSERT INTO `university` VALUES (2769, '西安医学高等专科学校');
INSERT INTO `university` VALUES (2770, '榆林职业技术学院');
INSERT INTO `university` VALUES (2771, '陕西艺术职业学院');
INSERT INTO `university` VALUES (2772, '神木职业技术学院');
INSERT INTO `university` VALUES (2773, '宝鸡三和职业学院');
INSERT INTO `university` VALUES (2774, '榆林能源科技职业学院');
INSERT INTO `university` VALUES (2775, '宝鸡中北职业学院');
INSERT INTO `university` VALUES (2776, '陕西机电职业技术学院');
INSERT INTO `university` VALUES (2777, '兰州大学');
INSERT INTO `university` VALUES (2778, '兰州理工大学');
INSERT INTO `university` VALUES (2779, '兰州交通大学');
INSERT INTO `university` VALUES (2780, '甘肃农业大学');
INSERT INTO `university` VALUES (2781, '甘肃中医药大学');
INSERT INTO `university` VALUES (2782, '西北师范大学');
INSERT INTO `university` VALUES (2783, '兰州城市学院');
INSERT INTO `university` VALUES (2784, '陇东学院');
INSERT INTO `university` VALUES (2785, '天水师范大学');
INSERT INTO `university` VALUES (2786, '河西学院');
INSERT INTO `university` VALUES (2787, '兰州财经大学');
INSERT INTO `university` VALUES (2788, '西北民族大学');
INSERT INTO `university` VALUES (2789, '甘肃政法大学');
INSERT INTO `university` VALUES (2790, '甘肃民族师范学院');
INSERT INTO `university` VALUES (2791, '兰州文理学院');
INSERT INTO `university` VALUES (2792, '甘肃医学院');
INSERT INTO `university` VALUES (2793, '兰州工业学院');
INSERT INTO `university` VALUES (2794, '兰州石化职业技术大学');
INSERT INTO `university` VALUES (2795, '兰州工商学院');
INSERT INTO `university` VALUES (2796, '兰州资源环境职业技术大学');
INSERT INTO `university` VALUES (2797, '兰州博文科技学院');
INSERT INTO `university` VALUES (2798, '兰州信息科技学院');
INSERT INTO `university` VALUES (2799, '陇南师范学院');
INSERT INTO `university` VALUES (2800, '甘肃警察学院');
INSERT INTO `university` VALUES (2801, '甘肃林业职业技术大学');
INSERT INTO `university` VALUES (2802, '酒泉职业技术大学');
INSERT INTO `university` VALUES (2803, '甘肃工业职业技术大学');
INSERT INTO `university` VALUES (2804, '武威职业技术大学');
INSERT INTO `university` VALUES (2805, '定西师范高等专科学校');
INSERT INTO `university` VALUES (2806, '甘肃建筑职业技术学院');
INSERT INTO `university` VALUES (2807, '兰州外语职业学院');
INSERT INTO `university` VALUES (2808, '兰州职业技术学院');
INSERT INTO `university` VALUES (2809, '甘肃交通职业技术学院');
INSERT INTO `university` VALUES (2810, '甘肃农业职业技术学院');
INSERT INTO `university` VALUES (2811, '甘肃畜牧工程职业技术学院');
INSERT INTO `university` VALUES (2812, '甘肃钢铁职业技术学院');
INSERT INTO `university` VALUES (2813, '甘肃有色冶金职业技术学院');
INSERT INTO `university` VALUES (2814, '白银矿冶职业技术学院');
INSERT INTO `university` VALUES (2815, '甘肃卫生职业学院');
INSERT INTO `university` VALUES (2816, '兰州科技职业学院');
INSERT INTO `university` VALUES (2817, '庆阳职业技术学院');
INSERT INTO `university` VALUES (2818, '临夏现代职业学院');
INSERT INTO `university` VALUES (2819, '兰州现代职业学院');
INSERT INTO `university` VALUES (2820, '平凉职业技术学院');
INSERT INTO `university` VALUES (2821, '培黎职业学院');
INSERT INTO `university` VALUES (2822, '兰州航空职业技术学院');
INSERT INTO `university` VALUES (2823, '白银希望职业技术学院');
INSERT INTO `university` VALUES (2824, '甘肃财贸职业学院');
INSERT INTO `university` VALUES (2825, '定西职业技术学院');
INSERT INTO `university` VALUES (2826, '青海大学');
INSERT INTO `university` VALUES (2827, '青海师范大学');
INSERT INTO `university` VALUES (2828, '青海民族大学');
INSERT INTO `university` VALUES (2829, '青海大学昆仑学院');
INSERT INTO `university` VALUES (2830, '青海理工学院');
INSERT INTO `university` VALUES (2831, '青海职业技术大学');
INSERT INTO `university` VALUES (2832, '青海卫生职业技术学院');
INSERT INTO `university` VALUES (2833, '青海警官职业学院');
INSERT INTO `university` VALUES (2834, '青海农牧科技职业学院');
INSERT INTO `university` VALUES (2835, '青海建筑职业技术学院');
INSERT INTO `university` VALUES (2836, '西宁城市职业技术学院');
INSERT INTO `university` VALUES (2837, '青海高等职业技术学院');
INSERT INTO `university` VALUES (2838, '青海柴达木职业技术学院');
INSERT INTO `university` VALUES (2839, '宁夏大学');
INSERT INTO `university` VALUES (2840, '宁夏医科大学');
INSERT INTO `university` VALUES (2841, '宁夏师范大学');
INSERT INTO `university` VALUES (2842, '北方民族大学');
INSERT INTO `university` VALUES (2843, '宁夏理工学院');
INSERT INTO `university` VALUES (2844, '宁夏大学新华学院');
INSERT INTO `university` VALUES (2845, '银川能源学院');
INSERT INTO `university` VALUES (2846, '银川科技学院');
INSERT INTO `university` VALUES (2847, '宁夏职业技术大学');
INSERT INTO `university` VALUES (2848, '宁夏工商职业技术大学');
INSERT INTO `university` VALUES (2849, '宁夏民族职业技术学院');
INSERT INTO `university` VALUES (2850, '宁夏工业职业学院');
INSERT INTO `university` VALUES (2851, '宁夏财经职业技术学院');
INSERT INTO `university` VALUES (2852, '宁夏警官职业学院');
INSERT INTO `university` VALUES (2853, '宁夏建设职业技术学院');
INSERT INTO `university` VALUES (2854, '宁夏葡萄酒与防沙治沙职业技术学院');
INSERT INTO `university` VALUES (2855, '宁夏幼儿师范高等专科学校');
INSERT INTO `university` VALUES (2856, '宁夏艺术职业学院');
INSERT INTO `university` VALUES (2857, '宁夏体育职业学院');
INSERT INTO `university` VALUES (2858, '石嘴山工贸职业技术学院');
INSERT INTO `university` VALUES (2859, '宁夏卫生健康职业技术学院');
INSERT INTO `university` VALUES (2860, '宁夏交通职业技术学院');
INSERT INTO `university` VALUES (2861, '新疆大学');
INSERT INTO `university` VALUES (2862, '塔里木大学');
INSERT INTO `university` VALUES (2863, '新疆农业大学');
INSERT INTO `university` VALUES (2864, '石河子大学');
INSERT INTO `university` VALUES (2865, '新疆医科大学');
INSERT INTO `university` VALUES (2866, '新疆师范大学');
INSERT INTO `university` VALUES (2867, '喀什大学');
INSERT INTO `university` VALUES (2868, '伊犁师范大学');
INSERT INTO `university` VALUES (2869, '新疆财经大学');
INSERT INTO `university` VALUES (2870, '新疆艺术学院');
INSERT INTO `university` VALUES (2871, '新疆工程学院');
INSERT INTO `university` VALUES (2872, '昌吉学院');
INSERT INTO `university` VALUES (2873, '新疆警察学院');
INSERT INTO `university` VALUES (2874, '新疆理工学院');
INSERT INTO `university` VALUES (2875, '新疆农业大学科学技术学院');
INSERT INTO `university` VALUES (2876, '新疆第二医学院');
INSERT INTO `university` VALUES (2877, '新疆科技学院');
INSERT INTO `university` VALUES (2878, '新疆政法学院');
INSERT INTO `university` VALUES (2879, '新疆天山职业技术大学');
INSERT INTO `university` VALUES (2880, '新疆和田学院');
INSERT INTO `university` VALUES (2881, '新疆农业职业技术大学');
INSERT INTO `university` VALUES (2882, '新疆工业学院');
INSERT INTO `university` VALUES (2883, '乌鲁木齐职业大学');
INSERT INTO `university` VALUES (2884, '新疆交通职业技术大学');
INSERT INTO `university` VALUES (2885, '塔里木理工学院');
INSERT INTO `university` VALUES (2886, '新疆理工职业大学');
INSERT INTO `university` VALUES (2887, '克拉玛依职业技术学院');
INSERT INTO `university` VALUES (2888, '新疆机电职业技术学院');
INSERT INTO `university` VALUES (2889, '新疆轻工职业技术学院');
INSERT INTO `university` VALUES (2890, '新疆能源职业技术学院');
INSERT INTO `university` VALUES (2891, '昌吉职业技术学院');
INSERT INTO `university` VALUES (2892, '伊犁职业技术学院');
INSERT INTO `university` VALUES (2893, '阿克苏职业技术学院');
INSERT INTO `university` VALUES (2894, '巴音郭楞职业技术学院');
INSERT INTO `university` VALUES (2895, '新疆建设职业技术学院');
INSERT INTO `university` VALUES (2896, '新疆现代职业技术学院');
INSERT INTO `university` VALUES (2897, '新疆石河子职业技术学院');
INSERT INTO `university` VALUES (2898, '新疆职业大学');
INSERT INTO `university` VALUES (2899, '新疆体育职业技术学院');
INSERT INTO `university` VALUES (2900, '新疆应用职业技术学院');
INSERT INTO `university` VALUES (2901, '新疆师范高等专科学校');
INSERT INTO `university` VALUES (2902, '新疆铁道职业技术学院');
INSERT INTO `university` VALUES (2903, '新疆生产建设兵团兴新职业技术学院');
INSERT INTO `university` VALUES (2904, '哈密职业技术学院');
INSERT INTO `university` VALUES (2905, '新疆科技职业技术学院');
INSERT INTO `university` VALUES (2906, '吐鲁番职业技术学院');
INSERT INTO `university` VALUES (2907, '博尔塔拉职业技术学院');
INSERT INTO `university` VALUES (2908, '和田职业技术学院');
INSERT INTO `university` VALUES (2909, '石河子工程职业技术学院');
INSERT INTO `university` VALUES (2910, '喀什职业技术学院');
INSERT INTO `university` VALUES (2911, '克孜勒苏职业技术学院');
INSERT INTO `university` VALUES (2912, '新疆科信职业技术学院');
INSERT INTO `university` VALUES (2913, '阿勒泰职业技术学院');
INSERT INTO `university` VALUES (2914, '塔城职业技术学院');
INSERT INTO `university` VALUES (2915, '塔里木职业技术学院');
INSERT INTO `university` VALUES (2916, '新疆工业职业技术学院');
INSERT INTO `university` VALUES (2917, '铁门关职业技术学院');
INSERT INTO `university` VALUES (2918, '新疆司法警官职业学院');
INSERT INTO `university` VALUES (2919, '阿克苏工业职业技术学院');
INSERT INTO `university` VALUES (2920, '喀什理工职业技术学院');
INSERT INTO `university` VALUES (2921, '图木舒克职业技术学院');
INSERT INTO `university` VALUES (2922, '可克达拉职业技术学院');
INSERT INTO `university` VALUES (2923, '新星职业技术学院');
INSERT INTO `university` VALUES (2924, '昆玉职业技术学院');
INSERT INTO `university` VALUES (2925, '乌鲁木齐职业技术学院');
INSERT INTO `university` VALUES (2926, '双河职业技术学院');
INSERT INTO `university` VALUES (2927, '阜康职业技术学院');

-- ----------------------------
-- Table structure for user
-- ----------------------------
DROP TABLE IF EXISTS `user`;
CREATE TABLE `user`  (
  `id` int NOT NULL AUTO_INCREMENT COMMENT '用户名id',
  `create_time` datetime NOT NULL COMMENT '用户创建时间',
  `update_time` datetime NOT NULL COMMENT '用户更新时间',
  `username` varchar(50) CHARACTER SET utf8mb4 COLLATE utf8mb4_0900_ai_ci NOT NULL COMMENT '用户名（真实姓名）',
  `password` varchar(255) CHARACTER SET utf8mb4 COLLATE utf8mb4_0900_ai_ci NOT NULL COMMENT '用户名密码',
  `email` varchar(100) CHARACTER SET utf8mb4 COLLATE utf8mb4_0900_ai_ci NULL DEFAULT NULL COMMENT '用户电子邮箱',
  `phone` varchar(20) CHARACTER SET utf8mb4 COLLATE utf8mb4_0900_ai_ci NOT NULL COMMENT '用户手机号',
  `status` int NULL DEFAULT 0 COMMENT '账户状态（0正常、1禁用、2未激活）',
  `last_login` datetime NULL DEFAULT NULL COMMENT '用户最后登陆时间',
  `avatar_url` varchar(255) CHARACTER SET utf8mb4 COLLATE utf8mb4_0900_ai_ci NULL DEFAULT 'http://122.51.51.36:9000/poster-design/20250704/0f23a57b-5777-4021-ab38-2f8bcf779219-thumb_默认头像.png' COMMENT '用户头像网路地址',
  `gender` int NOT NULL DEFAULT 0 COMMENT '用户性别（0未知、1男、2女）',
  `birthday` date NULL DEFAULT NULL COMMENT '用户出生日期',
  `id_card` varchar(18) CHARACTER SET utf8mb4 COLLATE utf8mb4_0900_ai_ci NOT NULL COMMENT '用户身份证号 ',
  `authority` int NOT NULL DEFAULT 0 COMMENT '用户权限（0普通用户、1管理员）',
  `school_id` int NOT NULL COMMENT '用户所在大学',
  PRIMARY KEY (`id`) USING BTREE
) ENGINE = InnoDB AUTO_INCREMENT = 231 CHARACTER SET = utf8mb4 COLLATE = utf8mb4_0900_ai_ci ROW_FORMAT = Dynamic;

-- ----------------------------
-- Records of user
-- ----------------------------
INSERT INTO `user` VALUES (1, '2025-07-03 14:57:44', '2025-07-15 14:12:59', '游龙威', 'e10adc3949ba59abbe56e057f20f883e', '3354837698@qq.com', '17579588319', 0, '2026-05-06 16:48:43', 'http://122.51.51.36:9000/poster-design/20250715/3b338259-195a-4f92-aed2-5de4c690c135-thumb_me.jpg', 1, '2005-04-20', '123456789012345678', 0, 940);
INSERT INTO `user` VALUES (7, '2025-07-04 03:23:18', '2025-07-16 15:10:47', '田溯开', '49f572ad1cb0dc11472d603f6920ebcd', '2979146594@qq.com', '18368012080', 0, '2025-07-16 14:13:08', 'http://122.51.51.36:9000/poster-design/20250716/aca9b57d-cf24-46b1-b930-2c5584bc2370-thumb_4f5f9cdfaa70cfb53f4b8bb09fad759.jpg', 1, NULL, '330109200502262736', 0, 940);
INSERT INTO `user` VALUES (9, '2025-07-05 07:43:35', '2025-07-14 18:57:54', '孙哲麟', 'c8837b23ff8aaa8a2dde915473ce0991', NULL, '15857459630', 0, '2025-07-16 14:16:19', 'http://122.51.51.36:9000/poster-design/20250714/e43e6994-eb2c-405d-b3ff-c89716ca2791-thumb_IMG_0673(20231030-173527).JPG', 1, NULL, '330206200410302077', 0, 940);
INSERT INTO `user` VALUES (11, '2025-07-06 04:41:16', '2025-07-14 16:37:53', '贺克屿', '57a7a9a29525d44aaca3356d3bc2e604', NULL, '19519150936', 0, '2025-07-16 14:14:13', 'http://122.51.51.36:9000/poster-design/20250714/f60bbae6-e2ac-4050-85d3-0a4c5d370d8f-thumb_work56.jpg', 1, NULL, '330206200501170501', 0, 940);
INSERT INTO `user` VALUES (12, '2025-07-06 06:47:18', '2025-07-16 15:12:21', '张志霖', '3c6719f274a947407db71a986a040d53', '1366321283@qq.com', '13599287731', 0, '2025-07-16 15:33:17', 'http://122.51.51.36:9000/poster-design/20250716/3e922cb0-6e2f-48bf-bf5d-d6ad2c13212b-thumb_fdce751859b826a73c00189890c3d940.jpeg', 1, '2005-05-11', '350582200505118888', 0, 940);
INSERT INTO `user` VALUES (13, '2025-07-08 01:01:51', '2025-07-14 21:19:49', 'chui', '202cb962ac59075b964b07152d234b70', '323456789@qq.com', '18395966305', 0, '2025-07-15 18:17:20', 'http://122.51.51.36:9000/poster-design/20250714/6868ddfa-1c74-43b3-9fc8-f9ba39294e80-thumb_3E5FC231693BA85478C05B712AB_CFD2D4FC_3A0F3.jpg', 1, '2025-06-19', '330727200411210068', 0, 940);
INSERT INTO `user` VALUES (14, '2025-07-08 01:15:50', '2025-07-14 19:29:04', '吹', '6ebe76c9fb411be97b3b0d48b791a7c9', NULL, '18395966306', 0, '2025-07-17 20:44:30', 'http://122.51.51.36:9000/poster-design/20250714/bb57849f-477e-4623-9512-6cb67ac3f3a5-thumb_9.jpg', 1, '2025-07-17', '330727200411210064', 1, 940);
INSERT INTO `user` VALUES (15, '2025-07-08 01:23:07', '2025-07-08 01:23:07', '陈', 'e10adc3949ba59abbe56e057f20f883e', NULL, '15155555555', 1, NULL, 'http://122.51.51.36:9000/poster-design/20250704/0f23a57b-5777-4021-ab38-2f8bcf779219-thumb_默认头像.png', 1, NULL, '330206200501172001', 0, 940);
INSERT INTO `user` VALUES (16, '2025-07-14 09:41:42', '2025-07-15 14:13:50', '沈元喆', 'e10adc3949ba59abbe56e057f20f883e', '123456789@qq.com', '13111111111', 0, '2025-07-15 19:01:46', 'http://122.51.51.36:9000/poster-design/20250715/5aee3328-365c-4a58-8a15-3c704c3c8ce1-thumb_0e1ad104e2c5fec146b8da1748874e0b.jpeg', 1, NULL, '123456789012345678', 0, 940);
INSERT INTO `user` VALUES (17, '2025-07-14 09:41:42', '2025-07-15 14:14:32', '邢晓蓉', 'e10adc3949ba59abbe56e057f20f883e', '123456789@qq.com', '13111111112', 0, '2025-07-15 14:14:17', 'http://122.51.51.36:9000/poster-design/20250715/6bba8b90-9039-4e5c-9a87-996f4b5f8402-thumb_877024ae445f848a3c6cadf003fcfb97.jpg', 2, NULL, '123456789012345678', 0, 940);
INSERT INTO `user` VALUES (18, '2025-07-14 09:41:42', '2025-07-15 14:16:22', '余振东', 'e10adc3949ba59abbe56e057f20f883e', '123456789@qq.com', '13111111113', 0, '2025-07-16 16:07:15', 'http://122.51.51.36:9000/poster-design/20250715/4dcf1962-9e5b-48fb-b450-c9bb49b4cb6c-thumb_42baadae28db5baf5a29eff9f0da8325.jpeg', 1, NULL, '123456789012345678', 0, 940);
INSERT INTO `user` VALUES (19, '2025-07-14 09:41:42', '2025-07-15 14:17:07', '郭留欢', 'e10adc3949ba59abbe56e057f20f883e', '123456789@qq.com', '13111111114', 0, '2025-07-15 14:16:53', 'http://122.51.51.36:9000/poster-design/20250715/2389f720-78d3-45f2-b147-387b8cdfce5c-thumb_0d2697792efcb75b2bed4f509fef4b09.jpeg', 1, NULL, '123456789012345678', 0, 940);
INSERT INTO `user` VALUES (20, '2025-07-14 09:41:42', '2025-07-15 14:17:42', '胡恩特', 'e10adc3949ba59abbe56e057f20f883e', '123456789@qq.com', '13111111115', 0, '2025-07-15 14:17:33', 'http://122.51.51.36:9000/poster-design/20250715/f1cae786-b66b-4a25-af25-d1f4e6829307-thumb_1f9b9f72fcd0426dcc6d4c27cfd2951d.jpeg', 1, NULL, '123456789012345678', 0, 940);
INSERT INTO `user` VALUES (21, '2025-07-14 09:41:42', '2025-07-15 14:25:33', '李博凡', 'e10adc3949ba59abbe56e057f20f883e', '123456789@qq.com', '13111111116', 0, '2025-07-15 14:33:29', 'http://122.51.51.36:9000/poster-design/20250715/1953b371-cac4-4e25-8c0d-4e7044995ed8-thumb_6bd4e938f6968568dc5ce4e284473e47.jpeg', 1, NULL, '123456789012345678', 0, 940);
INSERT INTO `user` VALUES (22, '2025-07-14 09:41:42', '2025-07-15 14:27:19', '包建霞', 'e10adc3949ba59abbe56e057f20f883e', '123456789@qq.com', '13111111117', 0, '2025-07-15 14:27:11', 'http://122.51.51.36:9000/poster-design/20250715/758a5eb0-f18c-4288-898f-b81fd28aa69c-thumb_e41741f9aff7373f398025c9ca5deb9e.jpeg', 2, NULL, '123456789012345678', 0, 940);
INSERT INTO `user` VALUES (23, '2025-07-14 09:41:42', '2025-07-15 14:27:53', '曹安迪', 'e10adc3949ba59abbe56e057f20f883e', '123456789@qq.com', '13111111118', 0, '2025-07-16 01:46:12', 'http://122.51.51.36:9000/poster-design/20250715/a3f92934-b2c5-4856-9ec7-66b1aa37901f-thumb_5bf2ae739b9cd73eecadbecece50b669.jpeg', 2, NULL, '123456789012345678', 0, 940);
INSERT INTO `user` VALUES (24, '2025-07-14 09:41:42', '2025-07-15 14:28:24', '陈灿炜', 'e10adc3949ba59abbe56e057f20f883e', '123456789@qq.com', '13111111119', 0, '2025-07-15 14:28:11', 'http://122.51.51.36:9000/poster-design/20250715/50ec4194-4195-4b5f-bfe2-f07bcdf320d0-thumb_2c74a12ca53a742c17e5e7953bf243ab.png', 1, NULL, '123456789012345678', 0, 940);
INSERT INTO `user` VALUES (25, '2025-07-14 09:41:42', '2025-07-15 14:28:46', '陈思敏', 'e10adc3949ba59abbe56e057f20f883e', '123456789@qq.com', '13111111120', 0, '2025-07-15 14:28:37', 'http://122.51.51.36:9000/poster-design/20250715/b837415c-30e3-4b8b-b21a-8009bb8b7176-thumb_6648486ba938bc13c447d6d262d9a3b0.jpeg', 2, NULL, '123456789012345678', 0, 940);
INSERT INTO `user` VALUES (26, '2025-07-14 09:41:42', '2025-07-15 14:29:13', '陈赟', 'e10adc3949ba59abbe56e057f20f883e', '123456789@qq.com', '13111111121', 0, '2025-07-15 14:29:01', 'http://122.51.51.36:9000/poster-design/20250715/4b1604c0-e1a7-4001-872c-23ac8269b4b8-thumb_2d296ba6550a9ad0cc84a59b0b0f284b.jpg', 1, NULL, '123456789012345678', 0, 940);
INSERT INTO `user` VALUES (27, '2025-07-14 09:41:42', '2025-07-15 15:18:13', '邓李军', 'e10adc3949ba59abbe56e057f20f883e', '123456789@qq.com', '13111111122', 0, '2025-07-15 15:18:02', 'http://122.51.51.36:9000/poster-design/20250715/3d94915b-0580-467d-8f5d-8c58d8dcaf30-thumb_dae5387078bd388cc1e0fa2f4d128221.png', 1, NULL, '123456789012345678', 0, 940);
INSERT INTO `user` VALUES (28, '2025-07-14 09:41:42', '2025-07-15 14:44:06', '谷展洋', 'e10adc3949ba59abbe56e057f20f883e', '123456789@qq.com', '13111111123', 0, '2025-07-15 14:44:18', 'http://122.51.51.36:9000/poster-design/20250715/a73362e4-943a-4f85-9f6f-54ace19c0344-thumb_2fbffd078a14ebc00e2b960bb0940f02.jpeg', 1, NULL, '123456789012345678', 0, 940);
INSERT INTO `user` VALUES (29, '2025-07-14 09:41:42', '2025-07-15 14:45:05', '顾景恺', 'e10adc3949ba59abbe56e057f20f883e', '123456789@qq.com', '13111111124', 0, '2025-07-15 14:44:52', 'http://122.51.51.36:9000/poster-design/20250715/8422944e-ac1b-4b59-8e4b-e77f60acd42a-thumb_3e31e9596e3f1e120484b287b31ac84a.jpeg', 1, NULL, '123456789012345678', 0, 940);
INSERT INTO `user` VALUES (30, '2025-07-14 09:41:42', '2025-07-15 14:45:26', '顾雨晴', 'e10adc3949ba59abbe56e057f20f883e', '123456789@qq.com', '13111111125', 0, '2025-07-15 14:45:17', 'http://122.51.51.36:9000/poster-design/20250715/298fef85-966a-4483-bbf7-da39a99dc46d-thumb_3f8ba0e3834a7c700f470e401f44edde.png', 2, NULL, '123456789012345678', 0, 940);
INSERT INTO `user` VALUES (31, '2025-07-14 09:41:42', '2025-07-15 14:46:30', '韩泽宇', 'e10adc3949ba59abbe56e057f20f883e', '123456789@qq.com', '13111111126', 0, '2025-07-15 14:45:53', 'http://122.51.51.36:9000/poster-design/20250715/4a8f953b-cad6-4f28-bcda-09076a350f54-thumb_7d78cfc5f86995c68e2e095e0de102c5.jpeg', 1, NULL, '123456789012345678', 0, 940);
INSERT INTO `user` VALUES (32, '2025-07-14 09:41:42', '2025-07-15 14:46:58', '姜方志', 'e10adc3949ba59abbe56e057f20f883e', '123456789@qq.com', '13111111127', 0, '2025-07-15 14:46:50', 'http://122.51.51.36:9000/poster-design/20250715/e7064a7a-6c14-47f7-862f-46639be47813-thumb_7ddbcdfddebb355a1d0c775da0ea15ae.png', 1, NULL, '123456789012345678', 0, 940);
INSERT INTO `user` VALUES (33, '2025-07-14 09:41:42', '2025-07-15 14:47:18', '姜怀舟', 'e10adc3949ba59abbe56e057f20f883e', '123456789@qq.com', '13111111128', 0, '2025-07-15 14:47:11', 'http://122.51.51.36:9000/poster-design/20250715/e06e9561-a9d9-4eab-a3ac-752750e7e009-thumb_8a1e3bfca99c063de6de21fcf691a879.jpeg', 1, NULL, '123456789012345678', 0, 940);
INSERT INTO `user` VALUES (34, '2025-07-14 09:41:42', '2025-07-15 14:47:47', '金书逸', 'e10adc3949ba59abbe56e057f20f883e', '123456789@qq.com', '13111111129', 0, '2025-07-15 14:47:39', 'http://122.51.51.36:9000/poster-design/20250715/f29cbb7f-0390-4b9d-b2e9-cb2ef00f777a-thumb_8f5d8a4152f432e57ba8e4a1e5a86c0f.jpeg', 1, NULL, '123456789012345678', 0, 940);
INSERT INTO `user` VALUES (35, '2025-07-14 09:41:42', '2025-07-15 14:48:06', '林泳', 'e10adc3949ba59abbe56e057f20f883e', '123456789@qq.com', '13111111130', 0, '2025-07-15 14:48:00', 'http://122.51.51.36:9000/poster-design/20250715/8dabfcaf-f5c2-4c86-81cc-74fb160f16dd-thumb_9bf6e1073f893de286986dc5eb558e9b.jpeg', 1, NULL, '123456789012345678', 0, 940);
INSERT INTO `user` VALUES (36, '2025-07-14 09:41:42', '2025-07-15 14:48:30', '陆熔涛', 'e10adc3949ba59abbe56e057f20f883e', '123456789@qq.com', '13111111131', 0, '2025-07-15 14:48:24', 'http://122.51.51.36:9000/poster-design/20250715/5b26345b-7016-4da6-a86f-430a1924d436-thumb_18a092105eb2e4ba71719d75f61fa6a5.jpeg', 1, NULL, '123456789012345678', 0, 940);
INSERT INTO `user` VALUES (37, '2025-07-14 09:41:42', '2025-07-15 14:49:10', '陆一泽', 'e10adc3949ba59abbe56e057f20f883e', '123456789@qq.com', '13111111132', 0, '2025-07-15 14:48:56', 'http://122.51.51.36:9000/poster-design/20250715/2c52e64a-50a1-4506-a832-43544f986aa2-thumb_42baadae28db5baf5a29eff9f0da8325.jpeg', 1, NULL, '123456789012345678', 0, 940);
INSERT INTO `user` VALUES (38, '2025-07-14 09:41:42', '2025-07-15 14:49:27', '罗运来', 'e10adc3949ba59abbe56e057f20f883e', '123456789@qq.com', '13111111133', 0, '2025-07-15 14:49:21', 'http://122.51.51.36:9000/poster-design/20250715/49b00a2f-3f47-4754-b102-c6d6ad70ca82-thumb_58fdd6ba5c5c33dbba32832079c7b30a.jpg', 1, NULL, '123456789012345678', 0, 940);
INSERT INTO `user` VALUES (39, '2025-07-14 09:41:42', '2025-07-15 14:50:09', '毛陈荣', 'e10adc3949ba59abbe56e057f20f883e', '123456789@qq.com', '13111111134', 0, '2025-07-15 14:49:53', 'http://122.51.51.36:9000/poster-design/20250715/f61dde31-da4a-442e-b975-d05b93cdfe30-thumb_549f153c9b9bd967b997ad7b315707ef.jpeg', 1, NULL, '123456789012345678', 0, 940);
INSERT INTO `user` VALUES (40, '2025-07-14 09:41:42', '2025-07-15 14:51:14', '欧阳开鑫', 'e10adc3949ba59abbe56e057f20f883e', '123456789@qq.com', '13111111135', 0, '2025-07-15 14:50:22', 'http://122.51.51.36:9000/poster-design/20250715/5c976745-59d9-408d-9897-f0c4ee1fadcc-thumb_593d8da23249f883074c4890c99aa51e.jpg', 1, NULL, '123456789012345678', 0, 940);
INSERT INTO `user` VALUES (41, '2025-07-14 09:41:42', '2025-07-15 14:51:49', '潘天晨', 'e10adc3949ba59abbe56e057f20f883e', '123456789@qq.com', '13111111136', 0, '2025-07-15 14:51:28', 'http://122.51.51.36:9000/poster-design/20250715/685f7d49-7508-4705-a25a-f2a6961437e2-thumb_608c253b650bc966ee7ad168df560750.jpeg', 1, NULL, '123456789012345678', 0, 940);
INSERT INTO `user` VALUES (42, '2025-07-14 09:41:42', '2025-07-15 14:52:25', '潘颖奕', 'e10adc3949ba59abbe56e057f20f883e', '123456789@qq.com', '13111111137', 0, '2025-07-15 14:52:07', 'http://122.51.51.36:9000/poster-design/20250715/ee7fa9b9-2daf-4a9f-bca7-fc6a4597fd47-thumb_20217fd79f67fe67469aa56c3e894889.jpeg', 2, NULL, '123456789012345678', 0, 940);
INSERT INTO `user` VALUES (43, '2025-07-14 09:41:42', '2025-07-15 14:53:14', '石安泰', 'e10adc3949ba59abbe56e057f20f883e', '123456789@qq.com', '13111111138', 0, '2025-07-15 14:52:42', 'http://122.51.51.36:9000/poster-design/20250715/4bf718fc-4262-4714-9c8f-4cd81d16492f-thumb_021182aad8149591e7c0a8dfe3d092c7.jpeg', 1, NULL, '123456789012345678', 0, 940);
INSERT INTO `user` VALUES (44, '2025-07-14 09:41:42', '2025-07-15 14:53:54', '苏文杰', 'e10adc3949ba59abbe56e057f20f883e', '123456789@qq.com', '13111111139', 0, '2025-07-15 14:53:44', 'http://122.51.51.36:9000/poster-design/20250715/4129344e-d96d-460b-b4dc-553f6070b25c-thumb_75463b982cc1e3d2084fed660c48c9e6.jpeg', 1, NULL, '123456789012345678', 0, 940);
INSERT INTO `user` VALUES (45, '2025-07-14 09:41:42', '2025-07-15 14:54:28', '孙学城', 'e10adc3949ba59abbe56e057f20f883e', '123456789@qq.com', '13111111140', 0, '2025-07-15 14:54:20', 'http://122.51.51.36:9000/poster-design/20250715/89b52e8c-ff8d-440e-b87f-7eda5e1c5e39-thumb_84277b7bfc722a963669e6ec0110d85c.jpeg', 1, NULL, '123456789012345678', 0, 940);
INSERT INTO `user` VALUES (46, '2025-07-14 09:41:42', '2025-07-15 14:55:51', '王俊毅', 'e10adc3949ba59abbe56e057f20f883e', '123456789@qq.com', '13111111141', 0, '2025-07-15 14:54:49', 'http://122.51.51.36:9000/poster-design/20250715/14760e80-29da-49e6-804a-d4a0a8915e3a-thumb_4464212b2e59b9d6a5e7ef12ae043b55.jpeg', 1, NULL, '123456789012345678', 0, 940);
INSERT INTO `user` VALUES (47, '2025-07-14 09:41:42', '2025-07-15 14:57:00', '王显正', 'e10adc3949ba59abbe56e057f20f883e', '123456789@qq.com', '13111111142', 0, '2025-07-15 14:57:22', 'http://122.51.51.36:9000/poster-design/20250715/62c7395f-d242-41ea-a597-220a29853177-thumb_8690972dfce635b24a476c519d33a027.jpeg', 1, NULL, '123456789012345678', 0, 940);
INSERT INTO `user` VALUES (48, '2025-07-14 09:41:42', '2025-07-15 14:58:22', '王益新', 'e10adc3949ba59abbe56e057f20f883e', '123456789@qq.com', '13111111143', 0, '2025-07-15 14:57:51', 'http://122.51.51.36:9000/poster-design/20250715/2361db28-0a02-41bf-92e6-826cebc9aa2a-thumb_90848352f199d5d122456ce19fedb10f.jpeg', 1, NULL, '123456789012345678', 0, 940);
INSERT INTO `user` VALUES (49, '2025-07-14 09:41:42', '2025-07-15 14:58:45', '吴佳颖', 'e10adc3949ba59abbe56e057f20f883e', '123456789@qq.com', '13111111144', 0, '2025-07-15 14:58:32', 'http://122.51.51.36:9000/poster-design/20250715/8f16e73b-321b-4593-94f8-2ff648581249-thumb_390973882ebca7a66fc41e3d7b63fe92.jpeg', 2, NULL, '123456789012345678', 0, 940);
INSERT INTO `user` VALUES (50, '2025-07-14 09:41:42', '2025-07-15 15:00:15', '吴家辉', 'e10adc3949ba59abbe56e057f20f883e', '123456789@qq.com', '13111111145', 0, '2025-07-15 14:59:00', 'http://122.51.51.36:9000/poster-design/20250715/942d3d8f-5e14-4a32-a1fa-5d50b447ef1f-thumb_a4de30cbdb49426fb0e385119b6c4bef.jpg', 1, NULL, '123456789012345678', 0, 940);
INSERT INTO `user` VALUES (51, '2025-07-14 09:41:42', '2025-07-15 15:00:34', '吴青豪', 'e10adc3949ba59abbe56e057f20f883e', '123456789@qq.com', '13111111146', 0, '2025-07-15 15:00:27', 'http://122.51.51.36:9000/poster-design/20250715/f48d2f0b-f4ee-4cce-8f05-c4f0b3a7d37d-thumb_a5e6f0b0ff104824c33cf0fef6dcb260.jpeg', 1, NULL, '123456789012345678', 0, 940);
INSERT INTO `user` VALUES (52, '2025-07-14 09:41:42', '2025-07-15 15:00:49', '叶栩椽', 'e10adc3949ba59abbe56e057f20f883e', '123456789@qq.com', '13111111147', 0, '2025-07-15 15:00:43', 'http://122.51.51.36:9000/poster-design/20250715/5ece55b3-cf3e-40f8-b399-3a340441716b-thumb_a11c225dd61d8de50dbc89de43f48472.jpeg', 1, NULL, '123456789012345678', 0, 940);
INSERT INTO `user` VALUES (53, '2025-07-14 09:41:42', '2025-07-15 15:03:19', '叶雨润', 'e10adc3949ba59abbe56e057f20f883e', '123456789@qq.com', '13111111148', 0, '2025-07-15 15:03:11', 'http://122.51.51.36:9000/poster-design/20250715/11d7d5aa-4a76-4b50-b5fd-982c884d0c30-thumb_c72e929cb3579584261ccdec37531e9f.jpeg', 1, NULL, '123456789012345678', 0, 940);
INSERT INTO `user` VALUES (54, '2025-07-14 09:41:42', '2025-07-15 15:01:14', '于成锦', 'e10adc3949ba59abbe56e057f20f883e', '123456789@qq.com', '13111111149', 0, '2025-07-15 15:01:06', 'http://122.51.51.36:9000/poster-design/20250715/b6778622-a74d-48b5-85c7-395f2a0723d3-thumb_abcf0251c88e26af2d1be42efb68faf9.jpg', 1, NULL, '123456789012345678', 0, 940);
INSERT INTO `user` VALUES (55, '2025-07-14 09:41:42', '2025-07-15 14:20:12', '张凌', 'e10adc3949ba59abbe56e057f20f883e', '123456789@qq.com', '13111111150', 0, '2025-07-16 01:45:34', 'http://122.51.51.36:9000/poster-design/20250715/06388bcc-f5a7-4a2c-a93e-3ac9e56c7d26-thumb_9b6de2a0ee50b7bfec17c6c45b067fb6.jpg', 2, NULL, '123456789012345678', 0, 940);
INSERT INTO `user` VALUES (56, '2025-07-14 09:41:42', '2025-07-15 15:01:39', '赵琦', 'e10adc3949ba59abbe56e057f20f883e', '123456789@qq.com', '13111111151', 0, '2025-07-15 15:01:31', 'http://122.51.51.36:9000/poster-design/20250715/4d00e551-4661-4fdf-a014-dd8fee0f8535-thumb_b4d82fa1d8efc529ec1e682d44e89fa2.jpeg', 1, NULL, '123456789012345678', 0, 940);
INSERT INTO `user` VALUES (57, '2025-07-14 09:41:42', '2025-07-15 15:02:02', '赵文煊', 'e10adc3949ba59abbe56e057f20f883e', '123456789@qq.com', '13111111152', 0, '2025-07-15 15:01:55', 'http://122.51.51.36:9000/poster-design/20250715/fd835a8d-907d-4aea-a273-1a852d3ff797-thumb_b55eb70d59c34b350fbe1969f05b78cd.jpg', 1, NULL, '123456789012345678', 0, 940);
INSERT INTO `user` VALUES (58, '2025-07-14 09:41:42', '2025-07-15 15:02:58', '周灿', 'e10adc3949ba59abbe56e057f20f883e', '123456789@qq.com', '13111111153', 0, '2025-07-15 15:02:13', 'http://122.51.51.36:9000/poster-design/20250715/b8d9b6a4-de3e-4785-a5a7-4caf55d8ec9a-thumb_c4f3e8c2fd43bf4bd7ad8296a05df353.jpg', 1, NULL, '123456789012345678', 0, 940);
INSERT INTO `user` VALUES (59, '2025-07-14 09:41:42', '2025-07-15 15:03:50', '左安江', 'e10adc3949ba59abbe56e057f20f883e', '123456789@qq.com', '13111111154', 0, '2025-07-15 15:03:42', 'http://122.51.51.36:9000/poster-design/20250715/671f558b-d5b6-46d6-847d-01ad4396596c-thumb_cfce48bd22b519497131fb28edcf7828.jpeg', 1, NULL, '123456789012345678', 0, 940);
INSERT INTO `user` VALUES (60, '2025-07-14 09:41:42', '2025-07-15 15:04:09', '王旭桐', 'e10adc3949ba59abbe56e057f20f883e', '123456789@qq.com', '13111111155', 0, '2025-07-15 15:04:01', 'http://122.51.51.36:9000/poster-design/20250715/a6768dfa-c61e-404c-8131-7d7434b8d856-thumb_d2088bc0a8f5d2a7cb273570467f79ff.jpg', 1, NULL, '123456789012345678', 0, 940);
INSERT INTO `user` VALUES (61, '2025-07-14 09:41:42', '2025-07-15 15:04:33', '陈辉杨', 'e10adc3949ba59abbe56e057f20f883e', '123456789@qq.com', '13111111156', 0, '2025-07-15 15:04:24', 'http://122.51.51.36:9000/poster-design/20250715/615458f7-6316-4533-bc94-df2ea6296e68-thumb_d5527e2f32e59773069ffbdbc9809f21.jpeg', 1, NULL, '123456789012345678', 0, 940);
INSERT INTO `user` VALUES (62, '2025-07-14 09:41:42', '2025-07-15 15:05:00', '黄英俊', 'e10adc3949ba59abbe56e057f20f883e', '123456789@qq.com', '13111111157', 0, '2025-07-15 15:04:47', 'http://122.51.51.36:9000/poster-design/20250715/54d3e2e3-81a5-401c-9020-c9f3f557b58c-thumb_d26073b9de9171a39e1a16787ab0888f.jpeg', 1, NULL, '123456789012345678', 0, 940);
INSERT INTO `user` VALUES (63, '2025-07-14 09:41:42', '2025-07-15 15:05:19', '张天迅', 'e10adc3949ba59abbe56e057f20f883e', '123456789@qq.com', '13111111158', 0, '2025-07-15 15:05:11', 'http://122.51.51.36:9000/poster-design/20250715/37ed318d-eec9-41f8-8f93-b7ddfb19adb2-thumb_ddc6c3f6eb53288444dd0c0d61c0699d.jpeg', 1, NULL, '123456789012345678', 0, 940);
INSERT INTO `user` VALUES (64, '2025-07-14 09:41:42', '2025-07-15 15:12:47', '陈顺', 'e10adc3949ba59abbe56e057f20f883e', '123456789@qq.com', '13111111159', 0, '2025-07-15 15:37:18', 'http://122.51.51.36:9000/poster-design/20250715/adb7e5da-12a7-4dd4-b8a5-20906102725b-thumb_0dbaa4612a717803ed1bf810fafa9cb5.jpeg', 1, NULL, '123456789012345678', 0, 940);
INSERT INTO `user` VALUES (65, '2025-07-14 09:41:42', '2025-07-15 15:06:29', '杨彩霞', 'e10adc3949ba59abbe56e057f20f883e', '123456789@qq.com', '13111111160', 0, '2025-07-15 15:06:20', 'http://122.51.51.36:9000/poster-design/20250715/6fa64b03-35cc-4b41-b4cf-e012d0ef28ac-thumb_ec780fd8ca4b6de90a514ab24bfd683d.jpeg', 2, NULL, '123456789012345678', 0, 940);
INSERT INTO `user` VALUES (66, '2025-07-14 09:41:42', '2025-07-15 15:06:45', '李秦', 'e10adc3949ba59abbe56e057f20f883e', '123456789@qq.com', '13111111161', 0, '2025-07-15 15:06:39', 'http://122.51.51.36:9000/poster-design/20250715/76ebb62d-24ea-44e7-92dc-16e1ad80247f-thumb_fbc573d80ad050574e4027a244be7d9d.jpeg', 1, NULL, '123456789012345678', 0, 940);
INSERT INTO `user` VALUES (67, '2025-07-14 09:41:42', '2025-07-15 15:07:09', '吕吴芮', 'e10adc3949ba59abbe56e057f20f883e', '123456789@qq.com', '13111111162', 0, '2025-07-15 15:06:55', 'http://122.51.51.36:9000/poster-design/20250715/e8d97040-596f-4ef3-a77c-ecd5ebed3219-thumb_ai_4.png', 2, NULL, '123456789012345678', 0, 940);
INSERT INTO `user` VALUES (68, '2025-07-14 09:41:42', '2025-07-15 15:13:23', '张莹莹', 'e10adc3949ba59abbe56e057f20f883e', '123456789@qq.com', '13111111163', 0, '2025-07-15 15:13:12', 'http://122.51.51.36:9000/poster-design/20250715/573c0079-dc8a-438a-bc0c-cd5bf02bc2c8-thumb_2cc4ef3dd042aca1690891df526b86d6.jpg', 2, NULL, '123456789012345678', 0, 940);
INSERT INTO `user` VALUES (69, '2025-07-14 09:41:42', '2025-07-15 15:13:44', '陈奇宇', 'e10adc3949ba59abbe56e057f20f883e', '123456789@qq.com', '13111111164', 0, '2025-07-15 15:13:34', 'http://122.51.51.36:9000/poster-design/20250715/82ea7abc-c8eb-47bf-94f7-f34be1ea86e0-thumb_4c03331f28304293bb75a2072412de30.jpeg', 1, NULL, '123456789012345678', 0, 940);
INSERT INTO `user` VALUES (70, '2025-07-14 09:41:42', '2025-07-15 15:14:09', '陈涛', 'e10adc3949ba59abbe56e057f20f883e', '123456789@qq.com', '13111111165', 0, '2025-07-15 15:14:00', 'http://122.51.51.36:9000/poster-design/20250715/f1553dc0-9dbb-4ad3-9f20-de07964f5bba-thumb_4c740491976264b570e178a80a9cadb1.jpeg', 1, NULL, '123456789012345678', 0, 940);
INSERT INTO `user` VALUES (71, '2025-07-14 09:41:42', '2025-07-15 15:14:23', '顾冰艳', 'e10adc3949ba59abbe56e057f20f883e', '123456789@qq.com', '13111111166', 0, '2025-07-15 15:14:18', 'http://122.51.51.36:9000/poster-design/20250715/29bc3851-d616-4dca-8aa7-4cc1b077827c-thumb_6cb263922213927a18f633ea5686682d.jpeg', 2, NULL, '123456789012345678', 0, 940);
INSERT INTO `user` VALUES (72, '2025-07-14 09:41:42', '2025-07-15 15:14:45', '郭俊邑', 'e10adc3949ba59abbe56e057f20f883e', '123456789@qq.com', '13111111167', 0, '2025-07-15 15:14:37', 'http://122.51.51.36:9000/poster-design/20250715/0cd5616b-dfb7-4052-9868-9b86fb6bd91f-thumb_8ad6f8ec2264ef9a265b6191245ba890.jpeg', 1, NULL, '123456789012345678', 0, 940);
INSERT INTO `user` VALUES (73, '2025-07-14 09:41:42', '2025-07-15 15:14:59', '蒋杭珂', 'e10adc3949ba59abbe56e057f20f883e', '123456789@qq.com', '13111111168', 0, '2025-07-15 15:14:54', 'http://122.51.51.36:9000/poster-design/20250715/a3c0344e-9135-4aad-9cef-82eb08ce1bee-thumb_12d50e26c40d50744ce3cf44ed72952b.jpeg', 1, NULL, '123456789012345678', 0, 940);
INSERT INTO `user` VALUES (74, '2025-07-14 09:41:42', '2025-07-15 15:15:15', '金煜杰', 'e10adc3949ba59abbe56e057f20f883e', '123456789@qq.com', '13111111169', 0, '2025-07-15 15:15:09', 'http://122.51.51.36:9000/poster-design/20250715/b458e048-832d-4c81-93bc-0c14aa41dbf7-thumb_13f7f70dbc1968d1c180b857783f1e11.jpeg', 1, NULL, '123456789012345678', 0, 940);
INSERT INTO `user` VALUES (75, '2025-07-14 09:41:42', '2025-07-15 15:15:38', '练晓雨', 'e10adc3949ba59abbe56e057f20f883e', '123456789@qq.com', '13111111170', 0, '2025-07-15 15:15:28', 'http://122.51.51.36:9000/poster-design/20250715/a5b5085a-c2fe-4c6c-93c1-1b1054d4bc57-thumb_34dc65b507c352250b5f10999bd84318.jpeg', 1, NULL, '123456789012345678', 0, 940);
INSERT INTO `user` VALUES (76, '2025-07-14 09:41:42', '2025-07-15 15:16:10', '林朝宇', 'e10adc3949ba59abbe56e057f20f883e', '123456789@qq.com', '13111111171', 0, '2025-07-15 15:16:04', 'http://122.51.51.36:9000/poster-design/20250715/3c7f18fd-9fc8-4caf-be93-420716c64118-thumb_61a656b1b2d6b59e26374d84ad919633.jpeg', 1, NULL, '123456789012345678', 0, 940);
INSERT INTO `user` VALUES (77, '2025-07-14 09:41:42', '2025-07-15 15:16:28', '林炜宁', 'e10adc3949ba59abbe56e057f20f883e', '123456789@qq.com', '13111111172', 0, '2025-07-15 15:16:22', 'http://122.51.51.36:9000/poster-design/20250715/1982b78f-39c2-4aa5-9cf9-de3cf569db49-thumb_84dae7ed9e353d991622bb809078f2a0.jpeg', 1, NULL, '123456789012345678', 0, 940);
INSERT INTO `user` VALUES (78, '2025-07-14 09:41:42', '2025-07-15 15:16:43', '林祥烨', 'e10adc3949ba59abbe56e057f20f883e', '123456789@qq.com', '13111111173', 0, '2025-07-15 15:16:37', 'http://122.51.51.36:9000/poster-design/20250715/5a76752f-7a45-41a5-bc11-91413221694f-thumb_376c7c6511ed6a8393710c8a25a91bb7.jpeg', 1, NULL, '123456789012345678', 0, 940);
INSERT INTO `user` VALUES (79, '2025-07-14 09:41:42', '2025-07-15 15:17:00', '莫忧', 'e10adc3949ba59abbe56e057f20f883e', '123456789@qq.com', '13111111174', 0, '2025-07-15 15:16:52', 'http://122.51.51.36:9000/poster-design/20250715/48d77540-eea9-4756-bb85-42c19b6d6fdb-thumb_219d1fe28bc6d1e9bc6cbe8e453ec1ba.jpg', 2, NULL, '123456789012345678', 0, 940);
INSERT INTO `user` VALUES (80, '2025-07-14 09:41:42', '2025-07-15 15:17:18', '潘旭', 'e10adc3949ba59abbe56e057f20f883e', '123456789@qq.com', '13111111175', 0, '2025-07-15 15:17:10', 'http://122.51.51.36:9000/poster-design/20250715/6301a967-f880-4040-a1e7-89112defbc2d-thumb_95217023885470568daddc3043949940.jpeg', 1, NULL, '123456789012345678', 0, 940);
INSERT INTO `user` VALUES (81, '2025-07-14 09:41:42', '2025-07-15 15:17:34', '沈炎培', 'e10adc3949ba59abbe56e057f20f883e', '123456789@qq.com', '13111111176', 0, '2025-07-15 15:17:27', 'http://122.51.51.36:9000/poster-design/20250715/11c63203-2451-4a04-b608-bc375122fbb7-thumb_df2a02cd0a57473ef2c68e7a64108a64.jpeg', 1, NULL, '123456789012345678', 0, 940);
INSERT INTO `user` VALUES (82, '2025-07-14 09:41:42', '2025-07-15 15:17:52', '史翼嘉', 'e10adc3949ba59abbe56e057f20f883e', '123456789@qq.com', '13111111177', 0, '2025-07-15 15:17:43', 'http://122.51.51.36:9000/poster-design/20250715/9528557d-aff7-4e07-8707-ae5383d30ac8-thumb_fdce751859b826a73c00189890c3d940.jpeg', 1, NULL, '123456789012345678', 0, 940);
INSERT INTO `user` VALUES (83, '2025-07-14 09:41:42', '2025-07-15 15:17:29', '宋豪炯', 'e10adc3949ba59abbe56e057f20f883e', '123456789@qq.com', '13111111178', 0, '2025-07-15 15:17:09', 'http://122.51.51.36:9000/poster-design/20250715/910649b8-18db-403b-b539-da836e20a853-thumb_33f541b73990e5b753bfb8bca0a23e75.jpeg', 1, NULL, '123456789012345678', 0, 940);
INSERT INTO `user` VALUES (84, '2025-07-14 09:41:42', '2025-07-15 15:16:47', '汤志展', 'e10adc3949ba59abbe56e057f20f883e', '123456789@qq.com', '13111111179', 0, '2025-07-15 15:16:29', 'http://122.51.51.36:9000/poster-design/20250715/6862d235-e1f2-4107-a4f4-a114d5271665-thumb_b2a32c63cdeb4f613ea98efbbd6e4da8.jpeg', 1, NULL, '123456789012345678', 0, 940);
INSERT INTO `user` VALUES (85, '2025-07-14 09:41:42', '2025-07-15 15:16:12', '王佳慧', 'e10adc3949ba59abbe56e057f20f883e', '123456789@qq.com', '13111111180', 0, '2025-07-15 15:15:35', 'http://122.51.51.36:9000/poster-design/20250715/2be96d17-c8e3-4a69-9a55-b1e383598c51-thumb_90c5048e386b0ec3868a8231d915ac44.jpeg', 2, NULL, '123456789012345678', 0, 940);
INSERT INTO `user` VALUES (86, '2025-07-14 09:41:42', '2025-07-15 15:15:09', '王希璇', 'e10adc3949ba59abbe56e057f20f883e', '123456789@qq.com', '13111111181', 0, '2025-07-15 15:14:56', 'http://122.51.51.36:9000/poster-design/20250715/42e988bd-289e-4d91-8c8c-7bf723a4f39e-thumb_705e6363ec11a34dd02efc75b4324723.jpeg', 2, NULL, '123456789012345678', 0, 940);
INSERT INTO `user` VALUES (87, '2025-07-14 09:41:42', '2025-07-15 15:14:31', '王云飞', 'e10adc3949ba59abbe56e057f20f883e', '123456789@qq.com', '13111111182', 0, '2025-07-15 15:14:06', 'http://122.51.51.36:9000/poster-design/20250715/8ee48cdd-e3fa-4302-a572-4d444f47f984-thumb_c010788da571bcf3ebb0f36a3c9e2fc8.jpeg', 1, NULL, '123456789012345678', 0, 940);
INSERT INTO `user` VALUES (88, '2025-07-14 09:41:42', '2025-07-15 15:13:13', '吴昱杉', 'e10adc3949ba59abbe56e057f20f883e', '123456789@qq.com', '13111111183', 0, '2025-07-15 15:12:41', 'http://122.51.51.36:9000/poster-design/20250715/322215cb-d0bf-4563-a613-ceea22095230-thumb_6d3d39cc1bde90021203a5619b5b8b0c.jpeg', 1, NULL, '123456789012345678', 0, 940);
INSERT INTO `user` VALUES (89, '2025-07-14 09:41:42', '2025-07-15 15:12:23', '夏诚博', 'e10adc3949ba59abbe56e057f20f883e', '123456789@qq.com', '13111111184', 0, '2025-07-15 15:12:12', 'http://122.51.51.36:9000/poster-design/20250715/876936d9-20b0-45f5-9feb-964bd992b14f-thumb_03932b70bdabe316007a0e61f8ac797e.jpeg', 1, NULL, '123456789012345678', 0, 940);
INSERT INTO `user` VALUES (90, '2025-07-14 09:41:42', '2025-07-15 15:11:47', '谢子煊', 'e10adc3949ba59abbe56e057f20f883e', '123456789@qq.com', '13111111185', 0, '2025-07-15 15:11:26', 'http://122.51.51.36:9000/poster-design/20250715/d428558b-4dd7-4b11-8e35-cc2b7d59d092-thumb_6d564e28393883639079f85b3679f75a.jpeg', 1, NULL, '123456789012345678', 0, 940);
INSERT INTO `user` VALUES (91, '2025-07-14 09:41:42', '2025-07-15 15:11:07', '严进航', 'e10adc3949ba59abbe56e057f20f883e', '123456789@qq.com', '13111111186', 0, '2025-07-15 15:10:44', 'http://122.51.51.36:9000/poster-design/20250715/1cfd213a-514e-458c-af82-aed1563c939c-thumb_930a696d290da7924b7fd1b7e6a7165a.jpeg', 1, NULL, '123456789012345678', 0, 940);
INSERT INTO `user` VALUES (92, '2025-07-14 09:41:42', '2025-07-15 15:10:27', '姚宇昊', 'e10adc3949ba59abbe56e057f20f883e', '123456789@qq.com', '13111111187', 0, '2025-07-15 15:10:01', 'http://122.51.51.36:9000/poster-design/20250715/d3bde203-7295-4e58-a532-20004eedb430-thumb_0e5f154adafc3312c33e7a010b3d88da.jpeg', 1, NULL, '123456789012345678', 0, 940);
INSERT INTO `user` VALUES (93, '2025-07-14 09:41:42', '2025-07-15 15:09:35', '叶磊', 'e10adc3949ba59abbe56e057f20f883e', '123456789@qq.com', '13111111188', 0, '2025-07-15 15:08:52', 'http://122.51.51.36:9000/poster-design/20250715/9822e0a6-cb1e-4c98-a313-7a32ec043648-thumb_18d57d0150af27a69d522b8650f8dbda.jpeg', 1, NULL, '123456789012345678', 0, 940);
INSERT INTO `user` VALUES (94, '2025-07-14 09:41:42', '2025-07-15 15:08:17', '张佳音', 'e10adc3949ba59abbe56e057f20f883e', '123456789@qq.com', '13111111189', 0, '2025-07-15 15:07:54', 'http://122.51.51.36:9000/poster-design/20250715/a33d7a4b-3cef-442e-8d07-e092f1ebffcb-thumb_2e9dc3b254a361fb2c69143241698950.jpeg', 2, NULL, '123456789012345678', 0, 940);
INSERT INTO `user` VALUES (95, '2025-07-14 09:41:42', '2025-07-15 15:07:36', '张铭浩', 'e10adc3949ba59abbe56e057f20f883e', '123456789@qq.com', '13111111190', 0, '2025-07-15 15:36:32', 'http://122.51.51.36:9000/poster-design/20250715/9c62acf0-9c1a-4da1-8d83-0860a3f8ab8a-thumb_7c336ce7bf57b754a1b1ce2cc216ee60.jpeg', 1, NULL, '123456789012345678', 0, 940);
INSERT INTO `user` VALUES (96, '2025-07-14 09:41:42', '2025-07-15 15:06:59', '张添皓', 'e10adc3949ba59abbe56e057f20f883e', '123456789@qq.com', '13111111191', 0, '2025-07-15 15:06:39', 'http://122.51.51.36:9000/poster-design/20250715/bbce2616-4d9e-4ac9-8dda-9de5570c0a05-thumb_6b8800b737edb7cb65cb4e7e17e78766.jpeg', 1, NULL, '123456789012345678', 0, 940);
INSERT INTO `user` VALUES (97, '2025-08-08 10:00:29', '2025-07-15 15:06:18', '张玉洁', 'e10adc3949ba59abbe56e057f20f883e', '123456789@qq.com', '13111111192', 0, '2025-07-15 15:05:56', 'http://122.51.51.36:9000/poster-design/20250715/540c95b6-6c22-4842-8eee-18f79a1ba2c0-thumb_de3bf880efb7fd08474db13dfb28a557.jpeg', 2, NULL, '123456789012345678', 0, 940);
INSERT INTO `user` VALUES (98, '2025-08-09 09:41:42', '2025-07-15 15:05:22', '张卓磊', 'e10adc3949ba59abbe56e057f20f883e', '123456789@qq.com', '13111111193', 0, '2025-07-15 15:05:08', 'http://122.51.51.36:9000/poster-design/20250715/15f77eba-4d9c-4e16-a178-eca9dacd4b11-thumb_b9457758047e478baa27c5d80d70d5ef.jpeg', 1, NULL, '123456789012345678', 0, 940);
INSERT INTO `user` VALUES (99, '2025-08-08 10:00:29', '2025-07-15 15:04:48', '周涛', 'e10adc3949ba59abbe56e057f20f883e', '123456789@qq.com', '13111111194', 0, '2025-07-15 15:04:30', 'http://122.51.51.36:9000/poster-design/20250715/5213ef07-6765-47c5-b8c7-57524ef27b06-thumb_2c7285bf000686410e404865e3361b4b.jpeg', 1, NULL, '123456789012345678', 0, 940);
INSERT INTO `user` VALUES (100, '2025-08-08 10:00:29', '2025-07-15 15:04:04', '郑嘉宇', 'e10adc3949ba59abbe56e057f20f883e', '123456789@qq.com', '13111111195', 0, '2025-07-15 15:03:46', 'http://122.51.51.36:9000/poster-design/20250715/eeac9a9a-c20b-44bd-ba73-d57648418003-thumb_f1d4088f694d322e062ffecab4c8de13.jpeg', 2, NULL, '123456789012345678', 0, 940);
INSERT INTO `user` VALUES (101, '2025-08-08 10:00:29', '2025-07-15 15:03:24', '周雯果', 'e10adc3949ba59abbe56e057f20f883e', '123456789@qq.com', '13111111196', 0, '2025-07-15 15:02:56', 'http://122.51.51.36:9000/poster-design/20250715/6bfb6615-cb25-4d31-bc43-0cf337b01fb5-thumb_18b697a98cbe619222c52ef1e161a1b1.jpeg', 2, NULL, '123456789012345678', 0, 940);
INSERT INTO `user` VALUES (102, '2025-08-08 10:00:29', '2025-07-15 15:02:20', '李丹阳', 'e10adc3949ba59abbe56e057f20f883e', '123456789@qq.com', '13111111197', 0, '2025-07-15 15:01:58', 'http://122.51.51.36:9000/poster-design/20250715/2b0eada3-49fe-4e63-9d55-8c1fdaab3c4e-thumb_c41e5b41135b1368336d8ed12ce74063.jpeg', 2, NULL, '123456789012345678', 0, 940);
INSERT INTO `user` VALUES (103, '2025-08-10 10:00:29', '2025-07-15 15:01:21', '林奕琳', 'e10adc3949ba59abbe56e057f20f883e', '123456789@qq.com', '13111111198', 0, '2025-07-15 15:01:12', 'http://122.51.51.36:9000/poster-design/20250715/ab3ada5f-3749-4e9f-9180-1669d0fd5680-thumb_a8f9088ec8c8b3fdfe92d3d360d78623.jpeg', 1, NULL, '123456789012345678', 0, 940);
INSERT INTO `user` VALUES (104, '2025-08-10 10:00:29', '2025-07-15 15:00:47', '许忠义', 'e10adc3949ba59abbe56e057f20f883e', '123456789@qq.com', '13111111199', 0, '2025-07-15 15:00:32', 'http://122.51.51.36:9000/poster-design/20250715/f8dabd8a-8f08-4e5d-ba49-694ef4b2e112-thumb_566da5796839c7cd76df019661d6c67c.jpeg', 1, NULL, '123456789012345678', 0, 940);
INSERT INTO `user` VALUES (105, '2025-08-11 10:00:29', '2025-07-15 15:00:12', '支叶祺', 'e10adc3949ba59abbe56e057f20f883e', '123456789@qq.com', '13111111200', 0, '2025-07-15 14:59:53', 'http://122.51.51.36:9000/poster-design/20250715/a4e27095-893f-4b24-a9b6-8c1c0764b9c6-thumb_1587656c0f32e5cc69b33ae97fa20b00.jpeg', 2, NULL, '123456789012345678', 0, 940);
INSERT INTO `user` VALUES (225, '2025-08-11 10:00:29', '2025-07-14 13:40:41', 'admin', 'e10adc3949ba59abbe56e057f20f883e', '123456789@qq.com', '19518694387', 0, '2026-03-04 15:33:06', 'http://122.51.51.36:9000/poster-design/20250715/3b338259-195a-4f92-aed2-5de4c690c135-thumb_me.jpg', 1, '2025-07-14', '123456789012345678', 1, 940);
INSERT INTO `user` VALUES (226, '2025-08-11 10:00:29', '2025-07-15 14:58:15', '李白', '202cb962ac59075b964b07152d234b70', NULL, '18395966301', 0, '2025-07-15 14:57:50', 'http://122.51.51.36:9000/poster-design/20250715/091c8e45-baad-400c-99ab-d4e77920b09f-thumb_c8f2e5110c4f2b384a37d6ff50cfb8ef.jpeg', 1, '2025-07-09', '330727200412310012', 0, 4);
INSERT INTO `user` VALUES (227, '2025-08-12 14:17:44', '2025-07-15 14:57:21', '韩信', '202cb962ac59075b964b07152d234b70', NULL, '18395966302', 0, '2025-07-15 14:54:31', 'http://122.51.51.36:9000/poster-design/20250715/a1f9b4dd-e913-44bf-8ce6-516279035cef-thumb_b3d0a89f5fd3eda24675c62e2a20b409.jpeg', 1, NULL, '330727200411225520', 0, 2);
INSERT INTO `user` VALUES (228, '2025-08-12 14:17:44', '2025-07-16 12:30:04', '叶晓彤', 'e10adc3949ba59abbe56e057f20f883e', NULL, '13588507133', 0, '2025-07-16 12:18:41', 'http://122.51.51.36:9000/poster-design/20250716/72f5eb5a-dde0-4547-945b-8167e78f1e1c-thumb_叶晓彤.jpg', 1, NULL, '431125200504200080', 0, 940);
INSERT INTO `user` VALUES (229, '2025-08-12 14:17:44', '2025-07-16 15:11:19', '陈博辉', 'e10adc3949ba59abbe56e057f20f883e', NULL, '18395966300', 0, '2025-07-18 20:15:18', 'http://122.51.51.36:9000/poster-design/20250716/f6a314fc-16aa-47b0-b831-45297765005d-thumb_abcd.png', 1, NULL, '330727200406271416', 0, 940);
INSERT INTO `user` VALUES (230, '2025-08-12 14:17:44', '2025-07-16 14:21:38', '肖立国', 'e10adc3949ba59abbe56e057f20f883e', NULL, '13346057226', 0, '2025-07-16 14:20:23', 'http://122.51.51.36:9000/poster-design/20250716/18a87a27-3f3a-4e24-8bcf-d47713d47b3f-thumb_566da5796839c7cd76df019661d6c67c.jpeg', 1, NULL, '431125200504200060', 0, 940);

-- ----------------------------
-- Table structure for work
-- ----------------------------
DROP TABLE IF EXISTS `work`;
CREATE TABLE `work`  (
  `id` int NOT NULL AUTO_INCREMENT COMMENT '作品id',
  `team_id` int NOT NULL COMMENT '队伍id',
  `name` varchar(50) CHARACTER SET utf8mb4 COLLATE utf8mb4_0900_ai_ci NOT NULL COMMENT '作品名称',
  `submission_date` date NOT NULL COMMENT '提交日期',
  `introduction` varchar(1000) CHARACTER SET utf8mb4 COLLATE utf8mb4_0900_ai_ci NOT NULL COMMENT '简介',
  `share` int NOT NULL DEFAULT 0 COMMENT '分享次数',
  `picture` varchar(150) CHARACTER SET utf8mb4 COLLATE utf8mb4_0900_ai_ci NOT NULL COMMENT '图片',
  `create_time` datetime NOT NULL COMMENT '创建时间',
  `update_time` datetime NOT NULL COMMENT '更新时间',
  `competition_id` int NOT NULL COMMENT '作品所属竞赛id',
  PRIMARY KEY (`id`) USING BTREE
) ENGINE = InnoDB AUTO_INCREMENT = 117 CHARACTER SET = utf8mb4 COLLATE = utf8mb4_0900_ai_ci ROW_FORMAT = Dynamic;

-- ----------------------------
-- Records of work
-- ----------------------------
INSERT INTO `work` VALUES (44, 336, '文旅照片1', '2025-07-14', '好看的文旅照片', 0, 'http://122.51.51.36:9000/poster-design/20250714/12ebef00-c826-4412-bdc3-b0a0cef734ef-thumb_ai2_15.png', '2025-07-14 06:41:30', '2025-07-14 06:41:30', 4);
INSERT INTO `work` VALUES (45, 336, '文旅照片2', '2025-07-14', '好看的文旅照片', 0, 'http://122.51.51.36:9000/poster-design/20250714/a9b5eac5-2d6a-4b0f-a34f-fce16f3e8a70-thumb_ai2_12.png', '2025-07-14 06:41:30', '2025-07-14 06:41:30', 4);
INSERT INTO `work` VALUES (46, 337, '绿色环保', '2025-07-14', '保护环境', 0, 'http://122.51.51.36:9000/poster-design/20250715/3832558d-de22-42d7-a585-4138449a5d45-thumb_ai2_15.png', '2025-07-14 20:16:35', '2025-07-14 20:16:35', 63);
INSERT INTO `work` VALUES (47, 337, '节约用水', '2025-07-14', '水资源是环境保护的重点', 0, 'http://122.51.51.36:9000/poster-design/20250715/ai2_27.png', '2025-07-14 20:16:35', '2025-07-14 20:16:35', 63);
INSERT INTO `work` VALUES (48, 337, '低碳生活', '2025-07-14', '我们要减少碳排放', 0, 'http://122.51.51.36:9000/poster-design/20250715/ai_9.png', '2025-07-14 20:16:35', '2025-07-14 20:16:35', 63);
INSERT INTO `work` VALUES (49, 340, '环境保护', '2025-07-14', '参赛作品', 0, 'http://122.51.51.36:9000/poster-design/20250714/1ca63679-ec54-47aa-9468-9e34f54f1a9c-thumb_ai2_38.png', '2025-07-14 20:50:36', '2025-07-14 20:50:36', 63);
INSERT INTO `work` VALUES (50, 340, '环境保护', '2025-07-14', '参赛作品', 0, 'http://122.51.51.36:9000/poster-design/20250715/ai2_35.png', '2025-07-14 20:50:36', '2025-07-14 20:50:36', 63);
INSERT INTO `work` VALUES (51, 341, '环境保护', '2025-07-14', '参赛作品', 0, 'http://122.51.51.36:9000/poster-design/20250715/ai2_2.png', '2025-07-15 10:35:33', '2025-07-14 20:52:47', 63);
INSERT INTO `work` VALUES (52, 342, '环境保护', '2025-07-14', '参赛作品', 0, 'http://122.51.51.36:9000/poster-design/20250714/b93880e7-2d39-411e-9029-f11af79e0607-thumb_work14.jpg', '2025-07-14 20:55:02', '2025-07-14 20:55:02', 63);
INSERT INTO `work` VALUES (53, 343, '环境保护', '2025-07-14', '参赛作品', 0, 'http://122.51.51.36:9000/poster-design/20250714/94f1a1b4-474d-4d42-b06e-059fbd9b4e61-thumb_work15.jpg', '2025-07-14 20:56:22', '2025-07-14 20:56:22', 63);
INSERT INTO `work` VALUES (54, 344, '保护环境', '2025-07-14', '参赛作品', 0, 'http://122.51.51.36:9000/poster-design/20250714/8eedf8a7-516a-4ed5-a7e5-348943a83a51-thumb_work16.jpg', '2025-07-14 20:59:33', '2025-07-14 20:59:33', 63);
INSERT INTO `work` VALUES (55, 345, '环境保护', '2025-07-14', '参赛作品', 0, 'http://122.51.51.36:9000/poster-design/20250714/1abc09c7-6556-4952-a666-410c7d55d804-thumb_work21.jpg', '2025-07-14 21:00:34', '2025-07-14 21:00:34', 63);
INSERT INTO `work` VALUES (56, 346, '环境', '2025-07-14', '参赛作品', 0, 'http://122.51.51.36:9000/poster-design/20250714/7d8ef2ac-fce6-454e-9c3d-fa7cb821b35c-thumb_work22.jpg', '2025-07-14 21:01:40', '2025-07-14 21:01:40', 63);
INSERT INTO `work` VALUES (57, 347, '保护', '2025-07-14', '参赛作品', 0, 'http://122.51.51.36:9000/poster-design/20250715/ai2_22.png', '2025-07-14 21:03:21', '2025-07-14 21:03:21', 63);
INSERT INTO `work` VALUES (58, 348, '保护', '2025-07-14', '参赛作品', 0, 'http://122.51.51.36:9000/poster-design/20250714/5dbfa7ca-fa49-40f6-83df-4bb8f9d996d8-thumb_work25.jpg', '2025-07-14 21:08:02', '2025-07-14 21:08:02', 63);
INSERT INTO `work` VALUES (59, 349, '环境', '2025-07-14', '参赛作品', 0, 'http://122.51.51.36:9000/poster-design/20250714/5e12d646-f987-4a5d-a411-9ed028aaf862-thumb_光之漩涡光影，橘黄色灯带营造出的漩涡光影.jpg', '2025-07-14 21:09:23', '2025-07-14 21:09:23', 63);
INSERT INTO `work` VALUES (60, 350, '环境', '2025-07-14', '参赛作品', 0, 'http://122.51.51.36:9000/poster-design/20250714/9b5189c2-255d-4f10-bd1e-5f20417215bf-thumb_work27.png', '2025-07-14 21:11:03', '2025-07-14 21:11:03', 63);
INSERT INTO `work` VALUES (61, 351, '保护', '2025-07-14', '参赛作品', 0, 'http://122.51.51.36:9000/poster-design/20250714/720ab737-b96f-4885-8429-39f1cf312dc7-thumb_work28.jpeg', '2025-07-14 21:12:24', '2025-07-14 21:12:24', 63);
INSERT INTO `work` VALUES (62, 351, '环境', '2025-07-14', '参赛作品', 0, 'http://122.51.51.36:9000/poster-design/20250714/f309bdb6-bd33-4069-8969-0cd186842fdb-thumb_work29.jpg', '2025-07-14 21:12:24', '2025-07-14 21:12:24', 63);
INSERT INTO `work` VALUES (63, 362, '环境', '2025-07-15', '保护', 0, 'http://122.51.51.36:9000/poster-design/20250714/7c1efb37-cb73-4f10-b83e-4c1ae37e591e-thumb_news1.jpg', '2025-07-15 10:10:13', '2025-07-15 10:10:13', 63);
INSERT INTO `work` VALUES (64, 363, '保护', '2025-07-15', '环境', 0, 'http://122.51.51.36:9000/poster-design/20250715/c4fdfeb8-eaf2-4ccc-8641-dfe51714f138-thumb_work32.jpg', '2025-07-15 10:11:44', '2025-07-15 10:11:44', 63);
INSERT INTO `work` VALUES (65, 361, '123', '2025-07-15', '123', 0, 'http://122.51.51.36:9000/poster-design/20250715/09b00e21-51a7-444b-abcb-716b5b147e39-thumb_3E5FC231693BA85478C05B712AB_CFD2D4FC_3A0F3.jpg', '2025-07-15 10:12:22', '2025-07-15 10:12:22', 69);
INSERT INTO `work` VALUES (66, 364, '环境', '2025-07-15', '保护', 0, 'http://122.51.51.36:9000/poster-design/20250715/e74b7769-4cf3-4c31-a2b9-b39b59fa59d8-thumb_work42.jpg', '2025-07-15 10:12:54', '2025-07-15 10:12:54', 63);
INSERT INTO `work` VALUES (67, 367, '保护', '2025-07-15', '有责', 0, 'http://122.51.51.36:9000/poster-design/20250715/3961b42f-d936-4ec7-853f-a18b21052f9e-thumb_work54.jpeg', '2025-07-15 10:16:04', '2025-07-15 10:16:04', 63);
INSERT INTO `work` VALUES (68, 368, '人人有责', '2025-07-15', '保护环境', 0, 'http://122.51.51.36:9000/poster-design/20250715/3d03dab8-1f35-4b1d-b69b-a7836f461772-thumb_news7.jpg', '2025-07-15 10:17:08', '2025-07-15 10:17:08', 63);
INSERT INTO `work` VALUES (69, 361, '123', '2025-07-15', '123', 0, 'http://122.51.51.36:9000/poster-design/20250714/a16a6bac-b291-442d-8b72-50015d629d62-thumb_SZL.jpg', '2025-07-15 10:18:40', '2025-07-15 10:18:40', 68);
INSERT INTO `work` VALUES (70, 369, '我要', '2025-07-15', '地球与灯泡的创新结合是思维和环保意识的碰撞', 0, 'http://122.51.51.36:9000/poster-design/20250714/50f401fc-2168-4e51-8840-2e64fd4ece15-thumb_work1.jpg', '2025-07-15 10:18:49', '2025-07-15 10:18:49', 63);
INSERT INTO `work` VALUES (71, 370, '我要保护环境', '2025-07-15', '参赛作品', 0, 'http://122.51.51.36:9000/poster-design/20250715/5aaad89f-4823-4cc6-992a-efc328c0e8ff-thumb_competition6.jpg', '2025-07-15 10:22:17', '2025-07-15 10:22:17', 63);
INSERT INTO `work` VALUES (72, 371, '参赛作品', '2025-07-15', '保护环境', 0, 'http://122.51.51.36:9000/poster-design/20250715/68e516ec-627f-4f3d-8468-7e57f95e6f6c-thumb_competition16.jpg', '2025-07-15 10:23:48', '2025-07-15 10:23:48', 63);
INSERT INTO `work` VALUES (73, 372, '环境', '2025-07-15', '保护', 0, 'http://122.51.51.36:9000/poster-design/20250715/eeabbf06-8290-47dc-aab2-50e39206afe0-thumb_上海城市风光.jpg', '2025-07-15 10:46:50', '2025-07-15 10:46:50', 63);
INSERT INTO `work` VALUES (74, 373, '参赛作品', '2025-07-15', '参赛作品', 0, 'http://122.51.51.36:9000/poster-design/20250715/7f40b2bc-306a-4400-b41f-39363a0b8ecf-thumb_people075.jpg', '2025-07-15 10:52:01', '2025-07-15 10:52:01', 44);
INSERT INTO `work` VALUES (75, 374, '参赛海报', '2025-07-15', '海报', 0, 'http://122.51.51.36:9000/poster-design/20250715/23a465ff-4332-4959-a53d-741884c77f1e-thumb_competition13.jpg', '2025-07-15 10:53:59', '2025-07-15 10:53:59', 44);
INSERT INTO `work` VALUES (76, 352, '唐人tsk', '2025-07-15', 'tsk唐人', 0, 'http://122.51.51.36:9000/poster-design/20250715/e2367df5-f95d-414a-8d50-39ad44c80f9a-thumb_ad2.jpg', '2025-07-15 13:56:00', '2025-07-15 13:56:00', 69);
INSERT INTO `work` VALUES (77, 352, '你好你好你好你好', '2025-07-15', 'hello', 0, 'http://122.51.51.36:9000/poster-design/20250715/66ae6c42-3f52-44b7-b1dd-2db641124afc-ad4.jpg', '2025-07-15 13:56:00', '2025-07-15 13:56:00', 69);
INSERT INTO `work` VALUES (78, 352, '呀哈哈', '2025-07-15', '呀哈哈', 0, 'http://122.51.51.36:9000/poster-design/20250715/bc319850-aa9a-490d-b430-a2683bc78be2-thumb_ad3.jpg', '2025-07-15 13:56:00', '2025-07-15 13:56:00', 69);
INSERT INTO `work` VALUES (79, 377, '像素', '2025-07-15', '超级MC无敌像素保卫海洋手搓航母绝对没有用指令纯一个一个方块搭出来的', 0, 'http://122.51.51.36:9000/poster-design/20250715/5fe1eb8b-8af3-4e8d-a2c4-16f1ec4c3a5a-thumb_R-C.jpg', '2025-07-15 14:25:44', '2025-07-15 14:25:44', 63);
INSERT INTO `work` VALUES (80, 378, '艺术', '2025-07-15', '艺术的字', 0, 'http://122.51.51.36:9000/poster-design/20250715/37018617-a6b0-4576-9781-4b83dd794c62-thumb_ai_6.png', '2025-07-15 14:33:15', '2025-07-15 14:33:15', 63);
INSERT INTO `work` VALUES (81, 378, '手', '2025-07-15', '突发奇想的手', 0, 'http://122.51.51.36:9000/poster-design/20250715/c5d5795f-3efc-4ca3-859a-77d8908ce4f6-thumb_ai_7.png', '2025-07-15 14:33:15', '2025-07-15 14:33:15', 63);
INSERT INTO `work` VALUES (82, 379, '视觉光影', '2025-07-15', '极光的视觉享受', 0, 'http://122.51.51.36:9000/poster-design/20250715/090a1ce5-4bf0-4f39-b3f3-024b06bb1ef4-thumb_粒子 线条 科技.jpg', '2025-07-15 14:37:19', '2025-07-15 14:37:19', 63);
INSERT INTO `work` VALUES (83, 379, '漩涡光影', '2025-07-15', '橘橙色灯带营造出的光影', 0, 'http://122.51.51.36:9000/poster-design/20250715/4fe0b75e-8be1-4084-a524-7938c8d7a45b-thumb_光之漩涡光影，橘黄色灯带营造出的漩涡光影.jpg', '2025-07-15 14:37:19', '2025-07-15 14:37:19', 63);
INSERT INTO `work` VALUES (84, 380, '超级外星人', '2025-07-15', '可以发光的外星人', 0, 'http://122.51.51.36:9000/poster-design/20250715/a17bbee5-6818-4999-b4a6-a823341e0cb9-thumb_ai_27.png', '2025-07-15 14:47:30', '2025-07-15 14:47:30', 63);
INSERT INTO `work` VALUES (85, 380, '超级机器人', '2025-07-15', '可以发射激光的机器人', 0, 'http://122.51.51.36:9000/poster-design/20250715/a2a922b4-e915-46d3-90b0-908bb72c4c4c-thumb_ai_28.png', '2025-07-15 14:47:30', '2025-07-15 14:47:30', 63);
INSERT INTO `work` VALUES (86, 381, '城市的颜色', '2025-07-15', '城市灯光的色彩', 0, 'http://122.51.51.36:9000/poster-design/20250715/c62be3e0-3f57-42f2-920d-8462ebf5c6d1-thumb_全景视角-上海城市天际线和城市风光.jpg', '2025-07-15 14:52:46', '2025-07-15 14:52:46', 63);
INSERT INTO `work` VALUES (87, 381, '山水', '2025-07-15', '山水的色彩', 0, 'http://122.51.51.36:9000/poster-design/20250715/a235863e-f02c-4313-9f44-fcc19f44b94a-thumb_甘肃旅游黄河石林景区.jpg', '2025-07-15 14:52:46', '2025-07-15 14:52:46', 63);
INSERT INTO `work` VALUES (88, 382, '文字排版', '2025-07-15', '超绝文字排版', 0, 'http://122.51.51.36:9000/poster-design/20250715/09814396-c1f6-4e1e-acb7-e386a80347c4-thumb_ai_26.png', '2025-07-15 14:56:37', '2025-07-15 14:56:37', 63);
INSERT INTO `work` VALUES (89, 382, '古风', '2025-07-15', '古风排版', 0, 'http://122.51.51.36:9000/poster-design/20250715/7661ffc7-7b6e-44bf-9b92-18a14370f217-thumb_ai2_14.png', '2025-07-15 14:56:37', '2025-07-15 14:56:37', 63);
INSERT INTO `work` VALUES (90, 383, '卡通海报', '2025-07-15', '多图层海报设计', 0, 'http://122.51.51.36:9000/poster-design/20250715/bd2c93ef-fa04-4b28-b697-d5be7bdf7c0d-thumb_卡通秋季踏秋立秋自然风景秋分节气旅游农业丰收小麦背景矢量插画.jpg', '2025-07-15 14:59:38', '2025-07-15 14:59:38', 63);
INSERT INTO `work` VALUES (91, 383, '办公室', '2025-07-15', '办公室多图层海报设计', 0, 'http://122.51.51.36:9000/poster-design/20250715/89005703-585b-4b09-9215-ebc5f33404de-thumb_商务人士在办公室开心工作矢量插画.jpg', '2025-07-15 14:59:38', '2025-07-15 14:59:38', 63);
INSERT INTO `work` VALUES (92, 384, '多巴胺方块', '2025-07-15', '有着多巴胺配色的方块', 0, 'http://122.51.51.36:9000/poster-design/20250715/16e13c24-b5d4-4cb5-9561-7e026772d1ae-thumb_ai_30.png', '2025-07-15 15:02:54', '2025-07-15 15:02:54', 63);
INSERT INTO `work` VALUES (93, 384, '多巴胺手机壳', '2025-07-15', '有着多巴胺配色的手机壳', 0, 'http://122.51.51.36:9000/poster-design/20250715/9a842fcc-f27d-49aa-a63b-999c17aaa987-thumb_ai_50.png', '2025-07-15 15:02:54', '2025-07-15 15:02:54', 63);
INSERT INTO `work` VALUES (94, 386, '比赛作品', '2025-07-15', '参赛作品', 0, 'http://122.51.51.36:9000/poster-design/20250715/7d6ebad9-5326-4b42-a01b-b90ddb2eae64-thumb_work2.png', '2025-07-15 16:08:57', '2025-07-15 16:08:57', 36);
INSERT INTO `work` VALUES (95, 386, '比赛作品', '2025-07-15', '参赛作品', 0, 'http://122.51.51.36:9000/poster-design/20250715/0c2a984b-2cea-44f1-8080-5cdadbbfb770-thumb_work4.jpg', '2025-07-15 16:22:59', '2025-07-15 16:22:59', 54);
INSERT INTO `work` VALUES (96, 386, '比赛作品', '2025-07-15', '参赛作品', 0, 'http://122.51.51.36:9000/poster-design/20250715/2f4bd824-8d40-411d-9602-e371c734e6be-thumb_work56.jpg', '2025-07-15 16:23:39', '2025-07-15 16:23:39', 47);
INSERT INTO `work` VALUES (97, 386, '比赛作品', '2025-07-15', '参赛作品', 0, 'http://122.51.51.36:9000/poster-design/20250715/2b9d4e88-a121-4c78-b0b4-61783b2c4978-work19.jpg', '2025-07-15 16:24:31', '2025-07-15 16:24:31', 56);
INSERT INTO `work` VALUES (98, 339, '参赛', '2025-07-15', '作品', 0, 'http://122.51.51.36:9000/poster-design/20250715/b8338666-7425-4b0f-8ec9-9e644c64960c-thumb_work20.jpg', '2025-07-15 18:31:25', '2025-07-15 18:31:25', 52);
INSERT INTO `work` VALUES (99, 389, '报名', '2025-07-15', '作品', 0, 'http://122.51.51.36:9000/poster-design/20250715/0ee6b08b-2280-4aab-85b8-88696a88d95c-thumb_work15.jpg', '2025-07-15 19:24:45', '2025-07-15 19:24:45', 52);
INSERT INTO `work` VALUES (100, 391, '速通', '2025-07-16', '速通', 0, 'http://122.51.51.36:9000/poster-design/20250716/854cb60f-f120-4653-87a7-99d1ad421852-thumb_作品1.jpg', '2025-07-16 14:35:32', '2025-07-16 14:35:32', 52);
INSERT INTO `work` VALUES (101, 392, '好作品', '2025-07-16', '好作品', 0, 'http://122.51.51.36:9000/poster-design/20250716/99f406c8-e7a4-4bb0-ad78-5fc8e9e3d163-thumb_作品1.jpg', '2025-07-16 15:31:41', '2025-07-16 15:31:41', 52);
INSERT INTO `work` VALUES (102, 0, '12', '2025-07-16', '12', 0, 'http://122.51.51.36:9000/poster-design/20250716/5f03227d-e71e-472e-8191-da0c43ae5b3e-thumb_作品1.jpg', '2025-07-16 15:34:29', '2025-07-16 15:34:29', 48);
INSERT INTO `work` VALUES (103, 392, '12', '2025-07-16', '12', 0, 'http://122.51.51.36:9000/poster-design/20250716/1697334a-e85b-4b3d-878e-2e68cefb86c3-thumb_作品1.jpg', '2025-07-16 15:35:04', '2025-07-16 15:35:04', 48);
INSERT INTO `work` VALUES (104, 393, '速通', '2025-07-16', '速通', 0, 'http://122.51.51.36:9000/poster-design/20250716/7d57c7d3-00f0-4498-aa96-189a167c14a9-thumb_作品1.jpg', '2025-07-16 16:04:16', '2025-07-16 16:04:16', 48);
INSERT INTO `work` VALUES (105, 394, '帅就一个字，我只说一次', '2025-07-25', '帅就一个字，我只说一次', 0, 'http://122.51.51.36:9000/poster-design/20250725/ffe9f866-b6cc-4bc2-9fc5-b1f1dd69af01-thumb_作品2.png', '2025-07-25 13:12:59', '2025-07-25 13:12:59', 38);
INSERT INTO `work` VALUES (106, 393, '真不错', '2025-07-31', '真不错的作品', 0, 'http://122.51.51.36:9000/poster-design/20250731/0b5006bc-3ade-4967-aa8d-b53fd5f44d59-thumb_work2.png', '2025-07-31 20:00:35', '2025-07-31 20:00:35', 87);
INSERT INTO `work` VALUES (107, 393, '好作品', '2025-08-13', '好作品', 0, 'http://122.51.51.36:9000/poster-design/20250813/821ea232-1d96-443a-bea7-5562be3fd9ff-thumb_work2.png', '2025-08-13 12:14:28', '2025-08-13 12:14:28', 89);
INSERT INTO `work` VALUES (108, 394, '好作品', '2025-08-13', '好作品', 0, 'http://122.51.51.36:9000/poster-design/20250813/821ea232-1d96-443a-bea7-5562be3fd9ff-thumb_work2.png', '2025-08-13 12:14:41', '2025-08-13 12:14:41', 89);
INSERT INTO `work` VALUES (109, 376, '好作品', '2025-08-10', '好作品', 0, 'http://122.51.51.36:9000/poster-design/20250813/821ea232-1d96-443a-bea7-5562be3fd9ff-thumb_work2.png', '2025-08-10 12:15:05', '2025-08-13 12:15:05', 89);
INSERT INTO `work` VALUES (110, 392, '好作品', '2025-08-13', '好作品', 0, 'http://122.51.51.36:9000/poster-design/20250813/821ea232-1d96-443a-bea7-5562be3fd9ff-thumb_work2.png', '2025-08-13 12:16:08', '2025-08-13 12:16:08', 89);
INSERT INTO `work` VALUES (111, 395, '好作品', '2025-08-13', '好作品', 0, 'http://122.51.51.36:9000/poster-design/20250813/b05ebe92-0c7b-4ba9-a02a-1b5dff27d617-thumb_work5.jpg', '2025-08-13 12:25:25', '2025-08-13 12:25:25', 83);
INSERT INTO `work` VALUES (112, 395, '好作品', '2025-08-11', '好作品', 0, 'http://122.51.51.36:9000/poster-design/20250813/b05ebe92-0c7b-4ba9-a02a-1b5dff27d617-thumb_work5.jpg', '2025-08-11 12:25:50', '2025-08-13 12:25:50', 83);
INSERT INTO `work` VALUES (113, 395, '好作品', '2025-08-11', '好作品', 0, 'http://122.51.51.36:9000/poster-design/20250813/b05ebe92-0c7b-4ba9-a02a-1b5dff27d617-thumb_work5.jpg', '2025-08-11 12:26:46', '2025-08-13 12:26:46', 83);
INSERT INTO `work` VALUES (114, 395, '好作品', '2025-08-12', '好作品', 0, 'http://122.51.51.36:9000/poster-design/20250813/dad492dd-b6c4-4b15-9731-956c49eb1a8f-thumb_work20.jpg', '2025-08-12 12:31:01', '2025-08-13 12:31:01', 81);
INSERT INTO `work` VALUES (115, 395, '好作品', '2025-08-13', '好作品', 0, 'http://122.51.51.36:9000/poster-design/20250813/50cbbf15-e111-4b1f-a354-1984690b6493-work19.jpg', '2025-08-13 12:32:03', '2025-08-13 12:32:03', 78);
INSERT INTO `work` VALUES (116, 393, 'hhh', '2025-08-13', 'hhhh', 0, 'http://122.51.51.36:9000/poster-design/20250813/8a955af2-34de-4a40-af83-2655bf232c31-thumb_work27.png', '2025-08-13 12:48:18', '2025-08-13 12:48:18', 85);

SET FOREIGN_KEY_CHECKS = 1;
